lambda (Angstroms),Total Flux (erg/s/cm^2/Angstrom)
1005.0,1.7328899011784057e-07
1015.0,1.7113639223475714e-07
1025.0,1.689837943516737e-07
1035.0,1.6683119646859026e-07
1045.0,1.6467859858550683e-07
1055.0,1.625260007024234e-07
1065.0,1.6037340281933992e-07
1075.0,1.582208049362565e-07
1085.0,1.5606820705317305e-07
1095.0,1.5391560917008961e-07
1096.4782,1.5359741215101222e-07
1105.0,1.5208886436501012e-07
1115.0,1.5031864236261383e-07
1125.0,1.4854842036021752e-07
1135.0,1.467781983578212e-07
1145.0,1.450079763554249e-07
1155.0,1.4323775435302857e-07
1165.0,1.4146753235063226e-07
1175.0,1.3969731034823597e-07
1185.0,1.3792708834583965e-07
1195.0,1.3615686634344334e-07
1205.0,1.3438664434104702e-07
1215.0,1.326164223386507e-07
1225.0,1.3084620033625441e-07
1235.0,1.290759783338581e-07
1245.0,1.2730575633146178e-07
1255.0,1.2553553432906547e-07
1258.92541,1.248406496140228e-07
1265.0,1.2407759971228801e-07
1275.0,1.2282146571520376e-07
1285.0,1.2156533171811948e-07
1295.0,1.2030919772103523e-07
1305.0,1.1905306372395096e-07
1315.0,1.1779692972686671e-07
1325.0,1.1654079572978245e-07
1335.0,1.152846617326982e-07
1345.0,1.1402852773561393e-07
1355.0,1.1277239373852968e-07
1365.0,1.1151625974144541e-07
1375.0,1.1026012574436116e-07
1385.0,1.0900399174727689e-07
1395.0,1.0774785775019263e-07
1405.0,1.0649172375310837e-07
1415.0,1.0523558975602412e-07
1425.0,1.0397945575893986e-07
1435.0,1.0272332176185559e-07
1442.0,1.0184402796389661e-07
1445.43977,1.0141194675998157e-07
1447.0,1.0127595897339425e-07
1455.0,1.0057868851154021e-07
1465.0,9.970710043422268e-08
1475.0,9.883551235690513e-08
1485.0,9.796392427958758e-08
1495.0,9.709233620227005e-08
1505.0,9.62207481249525e-08
1512.0,9.561063647083022e-08
1517.0,9.517484243217144e-08
1525.0,9.447757197031741e-08
1535.0,9.360598389299987e-08
1545.0,9.273439581568232e-08
1555.0,9.186280773836478e-08
1565.0,9.099121966104723e-08
1575.0,9.01196315837297e-08
1585.0,8.924804350641215e-08
1595.0,8.83764554290946e-08
1605.0,8.750486735177707e-08
1615.0,8.663327927445952e-08
1625.0,8.576169119714198e-08
1635.0,8.489010311982443e-08
1645.0,8.401851504250689e-08
1655.0,8.314692696518935e-08
1659.58691,8.274713735841649e-08
1665.0,8.24154435034891e-08
1672.0,8.198650975502165e-08
1677.0,8.168012850611632e-08
1685.0,8.11899185078678e-08
1695.0,8.057715601005714e-08
1705.0,7.99643935122465e-08
1715.0,7.935163101443584e-08
1725.0,7.873886851662519e-08
1735.0,7.812610601881454e-08
1745.0,7.75133435210039e-08
1755.0,7.690058102319325e-08
1765.0,7.62878185253826e-08
1775.0,7.567505602757195e-08
1785.0,7.50622935297613e-08
1795.0,7.444953103195065e-08
1805.0,7.383676853414e-08
1815.0,7.322400603632935e-08
1825.0,7.26112435385187e-08
1835.0,7.199848104070805e-08
1845.0,7.13857185428974e-08
1855.0,7.077295604508675e-08
1865.0,7.01601935472761e-08
1875.0,6.954743104946545e-08
1885.0,6.89346685516548e-08
1895.0,6.832190605384415e-08
1905.0,6.77091435560335e-08
1905.46072,6.768091236223436e-08
1915.0,6.725432453201504e-08
1925.0,6.680713372702838e-08
1935.0,6.635994292204172e-08
1945.0,6.591275211705506e-08
1955.0,6.54655613120684e-08
1967.0,6.492893234608439e-08
1976.0,6.45264606215964e-08
1984.0,6.416870797760707e-08
1995.0,6.367679809212175e-08
2005.0,6.322960728713507e-08
2015.0,6.278241648214841e-08
2025.0,6.233522567716175e-08
2035.0,6.188803487217509e-08
2045.0,6.144084406718842e-08
2055.0,6.099365326220176e-08
2065.0,6.05464624572151e-08
2074.0,6.01439907327271e-08
2078.0,5.996511441073243e-08
2085.0,5.965208084724178e-08
2095.0,5.920489004225511e-08
2105.0,5.875769923726844e-08
2115.0,5.831050843228178e-08
2125.0,5.7863317627295116e-08
2135.0,5.7416126822308456e-08
2145.0,5.696893601732179e-08
2155.0,5.652174521233513e-08
2165.0,5.607455440734847e-08
2175.0,5.56273636023618e-08
2185.0,5.5180172797375135e-08
2187.7616199999998,5.505667569028842e-08
2195.0,5.483745365055434e-08
2205.0,5.4534593010833754e-08
2215.0,5.423173237111316e-08
2225.0,5.392887173139257e-08
2235.0,5.362601109167198e-08
2245.0,5.332315045195139e-08
2255.0,5.30202898122308e-08
2265.0,5.271742917251021e-08
2275.0,5.241456853278962e-08
2285.0,5.211170789306903e-08
2295.0,5.180884725334844e-08
2305.0,5.150598661362785e-08
2315.0,5.1203125973907255e-08
2325.0,5.0900265334186666e-08
2335.0,5.059740469446608e-08
2345.0,5.029454405474549e-08
2355.0,4.99916834150249e-08
2365.0,4.9688822775304303e-08
2375.0,4.9385962135583714e-08
2385.0,4.9083101495863125e-08
2395.0,4.8780240856142536e-08
2405.0,4.847738021642195e-08
2415.0,4.817451957670135e-08
2425.0,4.787165893698076e-08
2435.0,4.7568798297260174e-08
2445.0,4.7265937657539585e-08
2455.0,4.696307701781899e-08
2465.0,4.66602163780984e-08
2475.0,4.635735573837781e-08
2485.0,4.605449509865722e-08
2495.0,4.575163445893663e-08
2505.0,4.544877381921604e-08
2511.88643,4.524021095969693e-08
2513.0,4.52147333325694e-08
2518.0,4.5100337169205e-08
2525.0,4.494018254049485e-08
2535.0,4.471139021376606e-08
2545.0,4.448259788703727e-08
2555.0,4.4253805560308484e-08
2565.0,4.40250132335797e-08
2575.0,4.3796220906850905e-08
2585.0,4.356742858012212e-08
2595.0,4.333863625339333e-08
2605.0,4.310984392666454e-08
2615.0,4.288105159993575e-08
2625.0,4.265225927320697e-08
2635.0,4.2423466946478174e-08
2645.0,4.219467461974939e-08
2655.0,4.19658822930206e-08
2665.0,4.173708996629181e-08
2675.0,4.150829763956302e-08
2685.0,4.1279505312834236e-08
2695.0,4.105071298610544e-08
2705.0,4.0821920659376657e-08
2715.0,4.059312833264787e-08
2725.0,4.036433600591908e-08
2735.0,4.013554367919029e-08
2745.0,3.9906751352461505e-08
2755.0,3.967795902573271e-08
2765.0,3.9449166699003926e-08
2775.0,3.922037437227514e-08
2785.0,3.8991582045546346e-08
2795.0,3.876278971881756e-08
2805.0,3.8533997392088774e-08
2815.0,3.830520506535998e-08
2825.0,3.8076412738631195e-08
2835.0,3.784762041190241e-08
2845.0,3.7618828085173615e-08
2855.0,3.739003575844483e-08
2865.0,3.7161243431716036e-08
2875.0,3.693245110498725e-08
2884.0315,3.6725817315102145e-08
2885.0,3.671017092086297e-08
2895.0,3.654861806346314e-08
2910.0,3.6306288777363396e-08
2930.0,3.5983183062563734e-08
2950.0,3.566007734776408e-08
2970.0,3.5336971632964416e-08
2990.0,3.5013865918164754e-08
3010.0,3.46907602033651e-08
3030.0,3.436765448856544e-08
3050.0,3.4044548773765775e-08
3070.0,3.372144305896611e-08
3090.0,3.339833734416646e-08
3110.0,3.3075231629366795e-08
3130.0,3.2752125914567133e-08
3150.0,3.242902019976748e-08
3170.0,3.2105914484967816e-08
3190.0,3.1782808770168154e-08
3210.0,3.145970305536849e-08
3230.0,3.113659734056884e-08
3250.0,3.0813491625769175e-08
3270.0,3.049038591096951e-08
3290.0,3.016728019616986e-08
3310.0,2.9844174481370195e-08
3311.31121,2.9822991509155074e-08
3330.0,2.9609226233763845e-08
3350.0,2.9380463135252677e-08
3370.0,2.915170003674151e-08
3390.0,2.892293693823034e-08
3410.0,2.8694173839719176e-08
3430.0,2.8465410741208008e-08
3450.0,2.823664764269684e-08
3470.0,2.8007884544185672e-08
3490.0,2.7779121445674504e-08
3510.0,2.7550358347163336e-08
3530.0,2.7321595248652168e-08
3550.0,2.7092832150141e-08
3570.0,2.686406905162983e-08
3590.0,2.6635305953118664e-08
3610.0,2.64065428546075e-08
3630.0,2.617777975609633e-08
3640.0,2.6063398206840745e-08
3650.0,2.5949016657585163e-08
3670.0,2.5720253559073995e-08
3690.0,2.5491490460562827e-08
3710.0,2.526272736205166e-08
3730.0,2.503396426354049e-08
3750.0,2.4805201165029322e-08
3770.0,2.4576438066518154e-08
3790.0,2.4347674968006986e-08
3801.8939600000003,2.421163001084859e-08
3810.0,2.4146360249490963e-08
3830.0,2.398532042891858e-08
3850.0,2.3824280608346195e-08
3870.0,2.3663240787773813e-08
3890.0,2.3502200967201427e-08
3910.0,2.3341161146629045e-08
3930.0,2.3180121326056663e-08
3950.0,2.3019081505484277e-08
3970.0,2.2858041684911895e-08
3990.0,2.269700186433951e-08
4010.0,2.2535962043767127e-08
4030.0,2.2374922223194742e-08
4050.0,2.221388240262236e-08
4070.0,2.2052842582049974e-08
4090.0,2.1891802761477592e-08
4110.0,2.1730762940905206e-08
4130.0,2.1569723120332824e-08
4150.0,2.140868329976044e-08
4170.0,2.1247643479188056e-08
4190.0,2.1086603658615674e-08
4210.0,2.092556383804329e-08
4230.0,2.0764524017470906e-08
4250.0,2.060348419689852e-08
4270.0,2.044244437632614e-08
4290.0,2.0281404555753753e-08
4310.0,2.012036473518137e-08
4330.0,1.995932491460899e-08
4350.0,1.9798285094036603e-08
4365.15832,1.9676230437387668e-08
4370.0,1.9648556151408344e-08
4390.0,1.9534239278011825e-08
4410.0,1.9419922404615307e-08
4430.0,1.9305605531218788e-08
4450.0,1.919128865782227e-08
4470.0,1.907697178442575e-08
4490.0,1.8962654911029233e-08
4510.0,1.8848338037632714e-08
4530.0,1.8734021164236195e-08
4550.0,1.8619704290839677e-08
4570.0,1.8505387417443158e-08
4590.0,1.839107054404664e-08
4610.0,1.8276753670650124e-08
4630.0,1.8162436797253606e-08
4650.0,1.8048119923857087e-08
4670.0,1.793380305046057e-08
4690.0,1.781948617706405e-08
4710.0,1.770516930366753e-08
4730.0,1.7590852430271013e-08
4750.0,1.7476535556874495e-08
4770.0,1.7362218683477976e-08
4790.0,1.7247901810081457e-08
4810.0,1.713358493668494e-08
4830.0,1.7019268063288424e-08
4850.0,1.6904951189891905e-08
4870.0,1.6790634316495386e-08
4890.0,1.6676317443098868e-08
4910.0,1.656200056970235e-08
4930.0,1.644768369630583e-08
4950.0,1.6333366822909312e-08
4970.0,1.6219049949512794e-08
4990.0,1.6104733076116275e-08
5010.0,1.5990416202719757e-08
5011.87234,1.5979714199982996e-08
5030.0,1.5906227706620153e-08
5050.0,1.5825151060916472e-08
5070.0,1.5744074415212787e-08
5090.0,1.5662997769509102e-08
5110.0,1.558192112380542e-08
5130.0,1.5500844478101736e-08
5150.0,1.541976783239805e-08
5170.0,1.533869118669437e-08
5190.0,1.5257614540990685e-08
5210.0,1.5176537895287e-08
5230.0,1.509546124958332e-08
5250.0,1.5014384603879634e-08
5270.0,1.493330795817595e-08
5290.0,1.4852231312472266e-08
5310.0,1.4771154666768583e-08
5330.0,1.46900780210649e-08
5350.0,1.4609001375361215e-08
5370.0,1.4527924729657532e-08
5390.0,1.4446848083953849e-08
5410.0,1.4365771438250166e-08
5430.0,1.4284694792546481e-08
5450.0,1.4203618146842798e-08
5470.0,1.4122541501139115e-08
5490.0,1.404146485543543e-08
5510.0,1.3960388209731747e-08
5530.0,1.3879311564028064e-08
5550.0,1.379823491832438e-08
5570.0,1.3717158272620696e-08
5590.0,1.3636081626917013e-08
5610.0,1.3555004981213328e-08
5630.0,1.3473928335509645e-08
5650.0,1.3392851689805962e-08
5670.0,1.3311775044102277e-08
5690.0,1.3230698398398594e-08
5710.0,1.3149621752694911e-08
5730.0,1.3068545106991226e-08
5750.0,1.2987468461287543e-08
5754.399369999999,1.2969634153147076e-08
5770.0,1.2925029850652985e-08
5790.0,1.2867847156756535e-08
5810.0,1.2810664462860085e-08
5830.0,1.2753481768963637e-08
5850.0,1.2696299075067188e-08
5870.0,1.2639116381170738e-08
5890.0,1.2581933687274288e-08
5910.0,1.2524750993377838e-08
5930.0,1.2467568299481388e-08
5950.0,1.2410385605584939e-08
5970.0,1.2353202911688489e-08
5990.0,1.2296020217792039e-08
6010.0,1.2238837523895591e-08
6030.0,1.2181654829999141e-08
6050.0,1.2124472136102691e-08
6070.0,1.2067289442206242e-08
6090.0,1.2010106748309792e-08
6110.0,1.1952924054413342e-08
6130.0,1.1895741360516892e-08
6150.0,1.1838558666620443e-08
6170.0,1.1781375972723993e-08
6190.0,1.1724193278827545e-08
6210.0,1.1667010584931095e-08
6230.0,1.1609827891034645e-08
6250.0,1.1552645197138195e-08
6270.0,1.1495462503241746e-08
6290.0,1.1438279809345296e-08
6310.0,1.1381097115448846e-08
6330.0,1.1323914421552396e-08
6350.0,1.1266731727655946e-08
6370.0,1.1209549033759498e-08
6390.0,1.1152366339863049e-08
6410.0,1.1095183645966599e-08
6430.0,1.1038000952070149e-08
6450.0,1.09808182581737e-08
6470.0,1.092363556427725e-08
6490.0,1.08664528703808e-08
6510.0,1.080927017648435e-08
6530.0,1.07520874825879e-08
6550.0,1.0694904788691452e-08
6570.0,1.0637722094795e-08
6590.0,1.0580539400898552e-08
6606.93448,1.0532121441591775e-08
6610.0,1.0525948515608299e-08
6630.0,1.0485675243971015e-08
6650.0,1.044540197233373e-08
6670.0,1.0405128700696446e-08
6690.0,1.0364855429059162e-08
6710.0,1.0324582157421878e-08
6730.0,1.0284308885784594e-08
6750.0,1.024403561414731e-08
6770.0,1.0203762342510026e-08
6790.0,1.0163489070872742e-08
6810.0,1.0123215799235458e-08
6830.0,1.0082942527598175e-08
6850.0,1.004266925596089e-08
6870.0,1.0002395984323607e-08
6890.0,9.962122712686323e-09
6910.0,9.921849441049039e-09
6930.0,9.881576169411755e-09
6950.0,9.841302897774471e-09
6970.0,9.801029626137188e-09
6990.0,9.760756354499904e-09
7010.0,9.72048308286262e-09
7030.0,9.680209811225336e-09
7050.0,9.639936539588052e-09
7070.0,9.599663267950768e-09
7090.0,9.559389996313483e-09
7110.0,9.519116724676199e-09
7130.0,9.478843453038915e-09
7150.0,9.438570181401631e-09
7170.0,9.398296909764347e-09
7190.0,9.358023638127063e-09
7210.0,9.31775036648978e-09
7230.0,9.277477094852496e-09
7250.0,9.237203823215212e-09
7270.0,9.196930551577928e-09
7290.0,9.156657279940644e-09
7310.0,9.11638400830336e-09
7330.0,9.076110736666076e-09
7350.0,9.035837465028792e-09
7370.0,8.995564193391509e-09
7390.0,8.955290921754225e-09
7410.0,8.91501765011694e-09
7430.0,8.874744378479657e-09
7450.0,8.834471106842373e-09
7470.0,8.794197835205089e-09
7490.0,8.753924563567805e-09
7510.0,8.71365129193052e-09
7530.0,8.673378020293236e-09
7550.0,8.633104748655952e-09
7570.0,8.592831477018668e-09
7585.77575,8.561064423767075e-09
7590.0,8.555151618575649e-09
7610.0,8.527157038749995e-09
7630.0,8.499162458924341e-09
7650.0,8.471167879098687e-09
7670.0,8.443173299273033e-09
7690.0,8.415178719447377e-09
7710.0,8.387184139621723e-09
7730.0,8.359189559796069e-09
7750.0,8.331194979970415e-09
7770.0,8.303200400144761e-09
7790.0,8.275205820319107e-09
7810.0,8.247211240493453e-09
7830.0,8.219216660667799e-09
7850.0,8.191222080842145e-09
7870.0,8.16322750101649e-09
7890.0,8.135232921190837e-09
7910.0,8.107238341365182e-09
7930.0,8.079243761539528e-09
7950.0,8.051249181713874e-09
7970.0,8.02325460188822e-09
7990.0,7.995260022062566e-09
8010.0,7.967265442236912e-09
8030.0,7.939270862411258e-09
8050.0,7.911276282585604e-09
8070.0,7.88328170275995e-09
8090.0,7.855287122934294e-09
8110.0,7.82729254310864e-09
8130.0,7.799297963282986e-09
8150.0,7.771303383457332e-09
8170.0,7.743308803631678e-09
8190.0,7.715314223806024e-09
8210.0,7.68731964398037e-09
8230.0,7.659325064154716e-09
8250.0,7.631330484329062e-09
8270.0,7.603335904503408e-09
8290.0,7.575341324677754e-09
8310.0,7.5473467448521e-09
8330.0,7.519352165026446e-09
8350.0,7.491357585200791e-09
8370.0,7.463363005375137e-09
8390.0,7.435368425549483e-09
8410.0,7.407373845723829e-09
8430.0,7.379379265898175e-09
8450.0,7.35138468607252e-09
8470.0,7.323390106246866e-09
8490.0,7.295395526421212e-09
8510.0,7.267400946595558e-09
8530.0,7.239406366769904e-09
8550.0,7.21141178694425e-09
8570.0,7.183417207118596e-09
8590.0,7.155422627292942e-09
8610.0,7.127428047467287e-09
8630.0,7.099433467641633e-09
8650.0,7.071438887815979e-09
8670.0,7.043444307990325e-09
8690.0,7.015449728164671e-09
8709.6359,6.987964789664744e-09
8710.0,6.987619721896585e-09
8730.0,6.968665161712142e-09
8750.0,6.949710601527699e-09
8770.0,6.930756041343256e-09
8790.0,6.911801481158812e-09
8810.0,6.89284692097437e-09
8830.0,6.873892360789926e-09
8850.0,6.854937800605483e-09
8870.0,6.83598324042104e-09
8890.0,6.817028680236596e-09
8910.0,6.798074120052154e-09
8930.0,6.77911955986771e-09
8950.0,6.760164999683267e-09
8970.0,6.741210439498824e-09
8990.0,6.722255879314381e-09
9010.0,6.703301319129938e-09
9030.0,6.6843467589454945e-09
9050.0,6.665392198761051e-09
9070.0,6.646437638576608e-09
9090.0,6.627483078392165e-09
9110.0,6.608528518207722e-09
9130.0,6.5895739580232785e-09
9150.0,6.570619397838835e-09
9170.0,6.551664837654392e-09
9190.0,6.532710277469949e-09
9210.0,6.513755717285506e-09
9230.0,6.4948011571010626e-09
9250.0,6.475846596916619e-09
9270.0,6.456892036732176e-09
9290.0,6.437937476547733e-09
9310.0,6.41898291636329e-09
9330.0,6.400028356178847e-09
9350.0,6.381073795994403e-09
9370.0,6.362119235809961e-09
9390.0,6.343164675625517e-09
9410.0,6.324210115441074e-09
9430.0,6.305255555256631e-09
9450.0,6.286300995072188e-09
9470.0,6.267346434887745e-09
9490.0,6.2483918747033014e-09
9510.0,6.229437314518858e-09
9530.0,6.210482754334415e-09
9550.0,6.191528194149972e-09
9570.0,6.172573633965529e-09
9590.0,6.1536190737810855e-09
9610.0,6.134664513596642e-09
9630.0,6.115709953412199e-09
9650.0,6.096755393227756e-09
9670.0,6.077800833043313e-09
9690.0,6.0588462728588695e-09
9710.0,6.039891712674426e-09
9730.0,6.020937152489983e-09
9750.0,6.00198259230554e-09
9770.0,5.983028032121097e-09
9790.0,5.9640734719366536e-09
9810.0,5.945118911752211e-09
9830.0,5.926164351567767e-09
9850.0,5.907209791383324e-09
9870.0,5.888255231198881e-09
9890.0,5.869300671014438e-09
9910.0,5.850346110829995e-09
9930.0,5.831391550645552e-09
9950.0,5.812436990461108e-09
9970.0,5.793482430276665e-09
9990.0,5.774527870092222e-09
10000.0,5.7650505900000004e-09
10030.0,5.746890966579747e-09
10070.0,5.722678135352743e-09
10130.0,5.686358888512236e-09
10170.0,5.662146057285233e-09
10220.0,5.631880018251477e-09
10280.0,5.595560771410971e-09
10320.0,5.571347940183967e-09
10380.0,5.5350286933434605e-09
10430.0,5.504762654309705e-09
10480.0,5.47449661527595e-09
10520.0,5.4502837840489455e-09
10580.0,5.413964537208439e-09
10630.0,5.383698498174684e-09
10680.0,5.353432459140929e-09
10720.0,5.329219627913924e-09
10780.0,5.292900381073418e-09
10820.0,5.268687549846414e-09
10870.0,5.238421510812658e-09
10920.0,5.208155471778903e-09
10980.0,5.171836224938397e-09
11020.0,5.147623393711392e-09
11080.0,5.111304146870886e-09
11130.0,5.081038107837131e-09
11170.0,5.0568252766101264e-09
11220.0,5.026559237576371e-09
11280.0,4.990239990735865e-09
11330.0,4.95997395170211e-09
11380.0,4.929707912668354e-09
11430.0,4.899441873634599e-09
11470.0,4.8752290424075946e-09
11481.5362,4.8682459408175706e-09
11530.0,4.8514244788173574e-09
11570.0,4.837540745391408e-09
11620.0,4.820186078608971e-09
11670.0,4.802831411826535e-09
11730.0,4.782005811687611e-09
11770.0,4.768122078261661e-09
11830.0,4.747296478122737e-09
11870.0,4.733412744696787e-09
11920.0,4.716058077914351e-09
11980.0,4.695232477775427e-09
12030.0,4.67787781099299e-09
12070.0,4.663994077567041e-09
12120.0,4.646639410784604e-09
12180.0,4.625813810645679e-09
12230.0,4.608459143863243e-09
12270.0,4.594575410437293e-09
12320.0,4.577220743654857e-09
12370.0,4.55986607687242e-09
12430.0,4.539040476733496e-09
12480.0,4.5216858099510595e-09
12530.0,4.504331143168622e-09
12580.0,4.486976476386185e-09
12620.0,4.473092742960236e-09
12670.0,4.455738076177799e-09
12720.0,4.438383409395363e-09
12780.0,4.417557809256439e-09
12830.0,4.400203142474002e-09
12880.0,4.3828484756915655e-09
12920.0,4.368964742265616e-09
12980.0,4.3481391421266914e-09
13020.0,4.334255408700742e-09
13080.0,4.313429808561818e-09
13130.0,4.2960751417793815e-09
13180.0,4.278720474996945e-09
13182.5674,4.277829347567e-09
13230.0,4.270250409728433e-09
13280.0,4.262261244219304e-09
13320.0,4.255869911812e-09
13380.0,4.246282913201045e-09
13430.0,4.238293747691915e-09
13470.0,4.231902415284612e-09
13520.0,4.2239132497754824e-09
13570.0,4.215924084266353e-09
13630.0,4.2063370856553974e-09
13670.0,4.199945753248094e-09
13730.0,4.190358754637138e-09
13770.0,4.1839674222298346e-09
13820.0,4.175978256720705e-09
13880.0,4.16639125810975e-09
13930.0,4.15840209260062e-09
13970.0,4.152010760193317e-09
14020.0,4.1440215946841875e-09
14080.0,4.134434596073232e-09
14120.0,4.128043263665928e-09
14180.0,4.118456265054973e-09
14230.0,4.110467099545843e-09
14280.0,4.102477934036714e-09
14330.0,4.094488768527585e-09
14380.0,4.0864996030184554e-09
14420.0,4.080108270611152e-09
14480.0,4.070521272000196e-09
14520.0,4.0641299395928926e-09
14570.0,4.056140774083763e-09
14620.0,4.048151608574633e-09
14670.0,4.040162443065504e-09
14720.0,4.032173277556375e-09
14770.0,4.024184112047245e-09
14830.0,4.01459711343629e-09
14880.0,4.0066079479271605e-09
14920.0,4.000216615519857e-09
14980.0,3.990629616908901e-09
15030.0,3.982640451399772e-09
15070.0,3.976249118992468e-09
15120.0,3.968259953483338e-09
15135.6125,3.965765336553113e-09
15170.0,3.963946901392151e-09
15220.0,3.961302866261708e-09
15280.0,3.958130024105176e-09
15330.0,3.955485988974733e-09
15370.0,3.953370760870378e-09
15430.0,3.950197918713846e-09
15480.0,3.947553883583403e-09
15520.0,3.945438655479049e-09
15570.0,3.942794620348606e-09
15620.0,3.9401505852181626e-09
15670.0,3.937506550087719e-09
15720.0,3.934862514957276e-09
15780.0,3.931689672800744e-09
15830.0,3.929045637670302e-09
15870.0,3.926930409565947e-09
15930.0,3.923757567409415e-09
15980.0,3.921113532278972e-09
16050.0,3.917411883096352e-09
16150.0,3.912123812835465e-09
16250.0,3.9068357425745796e-09
16350.0,3.901547672313693e-09
16450.0,3.8962596020528065e-09
16550.0,3.89097153179192e-09
16650.0,3.885683461531034e-09
16750.0,3.880395391270148e-09
16850.0,3.875107321009261e-09
16950.0,3.8698192507483755e-09
17050.0,3.864531180487489e-09
17150.0,3.859243110226602e-09
17250.0,3.853955039965717e-09
17350.0,3.84866696970483e-09
17378.0083,3.84718587112195e-09
17450.0,3.846265449589656e-09
17550.0,3.844986938966495e-09
17650.0,3.843708428343334e-09
17750.0,3.842429917720172e-09
17850.0,3.841151407097011e-09
17950.0,3.83987289647385e-09
18050.0,3.838594385850689e-09
18150.0,3.837315875227528e-09
18250.0,3.836037364604366e-09
18350.0,3.834758853981205e-09
18450.0,3.833480343358044e-09
18550.0,3.832201832734883e-09
18650.0,3.8309233221117215e-09
18750.0,3.82964481148856e-09
18850.0,3.8283663008653986e-09
18950.0,3.8270877902422375e-09
19050.0,3.8258092796190764e-09
19150.0,3.824530768995915e-09
19250.0,3.8232522583727535e-09
19350.0,3.8219737477495924e-09
19450.0,3.820695237126431e-09
19550.0,3.81941672650327e-09
19650.0,3.818138215880109e-09
19750.0,3.816859705256947e-09
19850.0,3.815581194633786e-09
19950.0,3.814302684010625e-09
19952.6231,3.814269147398469e-09
20050.0,3.812970657349819e-09
20150.0,3.811637189095387e-09
20250.0,3.810303720840954e-09
20350.0,3.808970252586522e-09
20450.0,3.80763678433209e-09
20550.0,3.8063033160776575e-09
20650.0,3.804969847823226e-09
20750.0,3.803636379568793e-09
20850.0,3.8023029113143606e-09
20950.0,3.800969443059929e-09
21050.0,3.799635974805496e-09
21150.0,3.7983025065510645e-09
21250.0,3.796969038296632e-09
21350.0,3.7956355700422e-09
21450.0,3.7943021017877675e-09
21550.0,3.792968633533335e-09
21650.0,3.791635165278903e-09
21750.0,3.790301697024471e-09
21850.0,3.788968228770039e-09
21950.0,3.787634760515606e-09
22050.0,3.786301292261174e-09
22150.0,3.784967824006742e-09
22250.0,3.783634355752309e-09
22350.0,3.782300887497878e-09
22450.0,3.780967419243445e-09
22550.0,3.779633950989013e-09
22650.0,3.778300482734581e-09
22750.0,3.776967014480148e-09
22850.0,3.775633546225716e-09
22908.6765,3.774851113725404e-09
22950.0,3.773215248248257e-09
23050.0,3.769256567407702e-09
23150.0,3.765297886567147e-09
23250.0,3.7613392057265916e-09
23350.0,3.757380524886036e-09
23450.0,3.753421844045481e-09
23550.0,3.749463163204926e-09
23650.0,3.7455044823643705e-09
23750.0,3.741545801523815e-09
23850.0,3.73758712068326e-09
23950.0,3.733628439842704e-09
24050.0,3.729669759002149e-09
24150.0,3.725711078161593e-09
24250.0,3.7217523973210385e-09
24350.0,3.7177937164804833e-09
24450.0,3.7138350356399276e-09
24550.0,3.7098763547993723e-09
24650.0,3.705917673958817e-09
24750.0,3.7019589931182618e-09
24850.0,3.6980003122777065e-09
24950.0,3.6940416314371513e-09
25050.0,3.690082950596596e-09
25150.0,3.6861242697560407e-09
25250.0,3.6821655889154855e-09
25350.0,3.6782069080749302e-09
25450.0,3.6742482272343745e-09
25550.0,3.6702895463938193e-09
25650.0,3.666330865553264e-09
25750.0,3.6623721847127088e-09
25850.0,3.6584135038721535e-09
25950.0,3.6544548230315982e-09
26050.0,3.650496142191043e-09
26150.0,3.6465374613504877e-09
26250.0,3.6425787805099324e-09
26302.679900000003,3.6404933514018084e-09
26350.0,3.637896927253224e-09
26450.0,3.6324099900984333e-09
26550.0,3.6269230529436424e-09
26650.0,3.621436115788851e-09
26750.0,3.6159491786340603e-09
26850.0,3.610462241479269e-09
26950.0,3.604975304324478e-09
27050.0,3.5994883671696873e-09
27150.0,3.594001430014896e-09
27250.0,3.588514492860105e-09
27350.0,3.583027555705314e-09
27450.0,3.577540618550523e-09
27550.0,3.572053681395732e-09
27650.0,3.566566744240941e-09
27750.0,3.56107980708615e-09
27850.0,3.5555928699313588e-09
27950.0,3.550105932776568e-09
28050.0,3.544618995621777e-09
28150.0,3.5391320584669858e-09
28250.0,3.533645121312195e-09
28350.0,3.5281581841574037e-09
28450.0,3.522671247002613e-09
28550.0,3.517184309847822e-09
28650.0,3.5116973726930307e-09
28750.0,3.50621043553824e-09
28850.0,3.5007234983834485e-09
28950.0,3.4952365612286577e-09
29050.0,3.489749624073867e-09
29150.0,3.4842626869190756e-09
29250.0,3.4787757497642847e-09
29350.0,3.4732888126094934e-09
29450.0,3.4678018754547026e-09
29550.0,3.4623149382999117e-09
29650.0,3.4568280011451204e-09
29750.0,3.4513410639903296e-09
29850.0,3.4458541268355383e-09
29950.0,3.4403671896807474e-09
30050.0,3.4348802525259566e-09
30150.0,3.4293933153711653e-09
30199.5172,3.4266763377263533e-09
30250.0,3.4233211118821625e-09
30350.0,3.4166748366276392e-09
30450.0,3.410028561373116e-09
30550.0,3.4033822861185922e-09
30650.0,3.396736010864069e-09
30750.0,3.3900897356095457e-09
30850.0,3.383443460355022e-09
30950.0,3.3767971851004987e-09
31050.0,3.3701509098459754e-09
31150.0,3.3635046345914517e-09
31250.0,3.3568583593369284e-09
31350.0,3.350212084082405e-09
31450.0,3.3435658088278814e-09
31550.0,3.336919533573358e-09
31650.0,3.3302732583188348e-09
31750.0,3.3236269830643115e-09
31850.0,3.3169807078097878e-09
31950.0,3.3103344325552645e-09
32100.0,3.300365019673479e-09
32300.0,3.2870724691644325e-09
32500.0,3.2737799186553855e-09
32700.0,3.260487368146339e-09
32900.0,3.247194817637292e-09
33100.0,3.233902267128245e-09
33300.0,3.2206097166191984e-09
33500.0,3.2073171661101514e-09
33700.0,3.1940246156011044e-09
33900.0,3.1807320650920578e-09
34100.0,3.1674395145830108e-09
34300.0,3.1541469640739638e-09
34500.0,3.1408544135649172e-09
34673.685,3.1293108303890983e-09
34700.0,3.127495077902086e-09
34900.0,3.1136949449968073e-09
35100.0,3.0998948120915285e-09
35300.0,3.0860946791862497e-09
35500.0,3.072294546280971e-09
35700.0,3.0584944133756925e-09
35900.0,3.0446942804704137e-09
36100.0,3.030894147565135e-09
36300.0,3.017094014659856e-09
36500.0,3.0032938817545773e-09
36700.0,2.9894937488492984e-09
36900.0,2.9756936159440196e-09
37100.0,2.961893483038741e-09
37300.0,2.9480933501334624e-09
37500.0,2.9342932172281836e-09
37700.0,2.920493084322905e-09
37900.0,2.906692951417626e-09
38100.0,2.892892818512347e-09
38300.0,2.8790926856070684e-09
38500.0,2.8652925527017896e-09
38700.0,2.8514924197965107e-09
38900.0,2.837692286891232e-09
39100.0,2.8238921539859535e-09
39300.0,2.8100920210806747e-09
39500.0,2.796291888175396e-09
39700.0,2.782491755270117e-09
39810.7171,2.7748522017956818e-09
39900.0,2.7693122381200293e-09
40100.0,2.7569023283262105e-09
40300.0,2.7444924185323917e-09
40500.0,2.732082508738573e-09
40700.0,2.719672598944754e-09
40900.0,2.7072626891509353e-09
41100.0,2.6948527793571165e-09
41300.0,2.6824428695632977e-09
41500.0,2.670032959769479e-09
41700.0,2.65762304997566e-09
41900.0,2.6452131401818413e-09
42100.0,2.6328032303880225e-09
42300.0,2.6203933205942037e-09
42500.0,2.607983410800385e-09
42700.0,2.595573501006566e-09
42900.0,2.5831635912127474e-09
43100.0,2.5707536814189286e-09
43300.0,2.5583437716251098e-09
43500.0,2.5459338618312914e-09
43700.0,2.5335239520374726e-09
43900.0,2.5211140422436538e-09
44100.0,2.508704132449835e-09
44300.0,2.496294222656016e-09
44500.0,2.4838843128621974e-09
44700.0,2.4714744030683786e-09
44900.0,2.45906449327456e-09
45100.0,2.446654583480741e-09
45300.0,2.4342446736869222e-09
45500.0,2.4218347638931034e-09
45700.0,2.4094248540992846e-09
45708.818999999996,2.4088776391269265e-09
45900.0,2.3972294474052012e-09
46100.0,2.3850439355376774e-09
46300.0,2.3728584236701536e-09
46500.0,2.3606729118026303e-09
46700.0,2.3484873999351065e-09
46900.0,2.336301888067583e-09
47100.0,2.3241163762000593e-09
47300.0,2.311930864332536e-09
47500.0,2.299745352465012e-09
47700.0,2.2875598405974887e-09
47900.0,2.275374328729965e-09
48100.0,2.2631888168624415e-09
48300.0,2.2510033049949177e-09
48500.0,2.2388177931273943e-09
48700.0,2.2266322812598705e-09
48900.0,2.214446769392347e-09
49100.0,2.2022612575248233e-09
49300.0,2.1900757456572996e-09
49500.0,2.177890233789776e-09
49700.0,2.1657047219222524e-09
49900.0,2.153519210054729e-09
50100.0,2.141333698187205e-09
50300.0,2.1291481863196818e-09
50500.0,2.116962674452158e-09
50700.0,2.1047771625846346e-09
50900.0,2.092591650717111e-09
51100.0,2.0804061388495874e-09
51300.0,2.0682206269820636e-09
51500.0,2.0560351151145402e-09
51700.0,2.0438496032470164e-09
51900.0,2.031664091379493e-09
52100.0,2.0194785795119693e-09
52300.0,2.007293067644446e-09
52480.746,1.9962806550044086e-09
52500.0,1.995269096467221e-09
52700.0,1.9847615807594474e-09
52900.0,1.9742540650516737e-09
53100.0,1.9637465493438995e-09
53300.0,1.9532390336361257e-09
53500.0,1.942731517928352e-09
53700.0,1.9322240022205777e-09
53900.0,1.921716486512804e-09
54100.0,1.91120897080503e-09
54300.0,1.9007014550972564e-09
54500.0,1.8901939393894822e-09
54700.0,1.8796864236817085e-09
54900.0,1.8691789079739347e-09
55100.0,1.8586713922661607e-09
55300.0,1.848163876558387e-09
55500.0,1.837656360850613e-09
55700.0,1.8271488451428392e-09
55900.0,1.8166413294350652e-09
56100.0,1.8061338137272914e-09
56300.0,1.7956262980195174e-09
56500.0,1.7851187823117437e-09
56700.0,1.7746112666039697e-09
56900.0,1.764103750896196e-09
57100.0,1.753596235188422e-09
57300.0,1.7430887194806481e-09
57500.0,1.7325812037728742e-09
57700.0,1.7220736880651004e-09
57900.0,1.7115661723573264e-09
58100.0,1.7010586566495526e-09
58300.0,1.6905511409417787e-09
58500.0,1.6800436252340049e-09
58700.0,1.669536109526231e-09
58900.0,1.6590285938184571e-09
59100.0,1.6485210781106832e-09
59300.0,1.6380135624029094e-09
59500.0,1.6275060466951354e-09
59700.0,1.6169985309873616e-09
59900.0,1.6064910152795876e-09
60100.0,1.5959834995718137e-09
60255.9586,1.5877898123755018e-09
60300.0,1.5861793011547923e-09
60500.0,1.5788656770615105e-09
60700.0,1.5715520529682287e-09
60900.0,1.5642384288749469e-09
61100.0,1.556924804781665e-09
61300.0,1.549611180688383e-09
61500.0,1.5422975565951013e-09
61700.0,1.5349839325018195e-09
61900.0,1.5276703084085377e-09
62100.0,1.5203566843152559e-09
62300.0,1.5130430602219739e-09
62500.0,1.505729436128692e-09
62700.0,1.4984158120354103e-09
62900.0,1.4911021879421285e-09
63100.0,1.4837885638488467e-09
63300.0,1.4764749397555649e-09
63500.0,1.4691613156622829e-09
63700.0,1.461847691569001e-09
63900.0,1.4545340674757193e-09
64200.0,1.4435636313357966e-09
64600.0,1.4289363831492328e-09
65000.0,1.4143091349626692e-09
65400.0,1.3996818867761056e-09
65800.0,1.3850546385895417e-09
66200.0,1.3704273904029781e-09
66600.0,1.3558001422164143e-09
67000.0,1.3411728940298507e-09
67400.0,1.3293698440658794e-09
67800.0,1.317566794101908e-09
68200.0,1.3057637441379366e-09
68600.0,1.2939606941739653e-09
69000.0,1.282157644209994e-09
69242.2916,1.2750081945583675e-09
69400.0,1.2707299290102582e-09
69800.0,1.2598788505690103e-09
70200.0,1.2490277721277624e-09
70600.0,1.2381766936865145e-09
71000.0,1.2273256152452666e-09
71400.0,1.2164745368040187e-09
71559.6261,1.2121442484730926e-09
71800.0,1.2084425197812867e-09
72200.0,1.2022825686521404e-09
72600.0,1.1961226175229939e-09
73000.0,1.1899626663938476e-09
73400.0,1.183802715264701e-09
73800.0,1.1776427641355548e-09
73954.515,1.1752632520137546e-09
74200.0,1.1747258889418942e-09
74600.0,1.1738502947966546e-09
75000.0,1.1729747006514148e-09
75400.0,1.1720991065061753e-09
75800.0,1.1712235123609355e-09
76200.0,1.170347918215696e-09
76429.5536,1.1698454287452493e-09
76600.0,1.1737090271598583e-09
77000.0,1.1827760380550348e-09
77400.0,1.1918430489502113e-09
77800.0,1.2009100598453877e-09
78200.0,1.2099770707405642e-09
78600.0,1.219044081635741e-09
78987.42450000001,1.2278260370421368e-09
79000.0,1.2282408109935946e-09
79400.0,1.2414338912355914e-09
79800.0,1.2546269714775882e-09
80200.0,1.267820051719585e-09
80600.0,1.2810131319615815e-09
81000.0,1.2942062122035782e-09
81400.0,1.307399292445575e-09
81630.8998,1.3150149914187275e-09
81800.0,1.3227168375717645e-09
82200.0,1.3409352575453354e-09
82600.0,1.3591536775189061e-09
83000.0,1.3773720974924769e-09
83400.0,1.3955905174660476e-09
83800.0,1.4138089374396183e-09
84200.0,1.432027357413189e-09
84362.84430000001,1.439444272032445e-09
84600.0,1.4450978338556534e-09
85000.0,1.4546334458155744e-09
85400.0,1.4641690577754955e-09
85800.0,1.4737046697354167e-09
86200.0,1.4832402816953376e-09
86600.0,1.4927758936552588e-09
87000.0,1.50231150561518e-09
87186.21900000001,1.5067507859240915e-09
87400.0,1.511027602771792e-09
87800.0,1.5190298421620106e-09
88200.0,1.5270320815522292e-09
88600.0,1.5350343209424479e-09
89000.0,1.5430365603326665e-09
89400.0,1.551038799722885e-09
89800.0,1.5590410391131037e-09
90104.0836,1.5651244135177023e-09
90200.0,1.5660386776215983e-09
90600.0,1.5698514316611407e-09
91000.0,1.573664185700683e-09
91400.0,1.5774769397402256e-09
91800.0,1.581289693779768e-09
92200.0,1.5851024478193106e-09
92600.0,1.588915201858853e-09
93000.0,1.5927279558983955e-09
93119.6005,1.5938679741221612e-09
93400.0,1.5887894757384038e-09
93800.0,1.5815448146263012e-09
94200.0,1.5743001535141987e-09
94600.0,1.5670554924020962e-09
95000.0,1.5598108312899937e-09
95400.0,1.5525661701778912e-09
95800.0,1.5453215090657887e-09
96200.0,1.5380768479536862e-09
96236.03790000001,1.5374241420219565e-09
96600.0,1.5251678345309997e-09
97000.0,1.5116979622657756e-09
97400.0,1.4982280900005514e-09
97800.0,1.484758217735327e-09
98200.0,1.4712883454701028e-09
98281.9,1.4685303891237984e-09
98600.0,1.4578184732048784e-09
99000.0,1.4443486009396543e-09
99400.0,1.4308787286744299e-09
99456.7731,1.4289669126616778e-09
99580.8,1.424506812525398e-09
99800.0,1.4166242164928237e-09
100000.0,1.4094320668280658e-09
100897.0,1.377175275581627e-09
102230.0,1.329239598066016e-09
102785.297,1.3092707024040608e-09
103581.0,1.2813407242424416e-09
104950.0,1.2332874429260997e-09
106225.216,1.1885260746374947e-09
106337.0,1.1849693495571634e-09
107743.0,1.140233470871968e-09
109167.0,1.094924871122524e-09
109780.26,1.0754122644635748e-09
110000.0,1.0697078373322816e-09
110609.0,1.0538982618205064e-09
112071.0,1.0159448966346025e-09
113454.28,9.80035094312881e-10
113552.0,9.780838330459862e-10
115053.0,9.481120446545725e-10
116574.0,9.177408986563444e-10
117251.259,9.042174719846717e-10
118114.0,8.886243779376101e-10
119675.0,8.604110209655138e-10
120000.0,8.545370036587032e-10
121175.312,8.332945328005426e-10
121257.0,8.319957510700403e-10
122859.0,8.065250781160594e-10
124483.0,7.807046206396142e-10
125230.691,7.688168597584437e-10
126128.0,7.5922272432361e-10
127795.0,7.413989604141118e-10
129421.79100000001,7.240051159545457e-10
129484.0,7.233836282515125e-10
130000.0,7.182286240758282e-10
131195.0,7.062901938627606e-10
132929.0,6.889669821561003e-10
133753.155,6.807334114847608e-10
134686.0,6.741001834905826e-10
136466.0,6.614430477074276e-10
138229.477,6.489034028537921e-10
138269.0,6.487340779245465e-10
140000.0,6.413181061480087e-10
140097.0,6.409025375389249e-10
141948.0,6.329724602666131e-10
142855.609,6.290840704756646e-10
143824.0,6.28649440422133e-10
145725.0,6.277962398742514e-10
147636.563,6.269382984755612e-10
147651.0,6.26926868930513e-10
149602.0,6.253822930221531e-10
150000.0,6.250672027035845e-10
151579.0,6.238171333241381e-10
152577.522,6.230266192159026e-10
153583.0,6.234965012579931e-10
155613.0,6.244451650233304e-10
157669.0,6.254059791620169e-10
157683.84,6.25412914221267e-10
159753.0,6.259699167273847e-10
160000.0,6.260364072931269e-10
161864.0,6.265381822507924e-10
162961.05099999998,6.268335002331326e-10
164003.0,6.266804842194595e-10
166171.0,6.263621013450162e-10
168367.0,6.2603960651463e-10
168414.875,6.260325758042453e-10
170000.0,6.234564122856221e-10
170592.0,6.224942870254534e-10
172847.0,6.188294348942364e-10
174051.222,6.168723193451639e-10
175131.0,6.160777780974585e-10
177445.0,6.143750499003752e-10
179791.0,6.126487749002207e-10
179876.201,6.125860808012062e-10
180000.0,6.123269512331808e-10
182167.0,6.077911005889013e-10
184574.0,6.027528945433172e-10
185896.125,5.999854918976928e-10
187014.0,5.982517757975002e-10
189485.0,5.944194935802788e-10
190000.0,5.936207783468232e-10
191989.0,5.905360315519818e-10
192117.51799999998,5.903367125531988e-10
194527.0,5.842105020609988e-10
197097.0,5.776761677248412e-10
198547.123,5.73989168304393e-10
199702.0,5.699633206375889e-10
200000.0,5.689245064567648e-10
202342.0,5.607604030625027e-10
205016.0,5.514389630641011e-10
205191.907,5.508257594194493e-10
207725.0,5.440748745622591e-10
210000.0,5.380118271138995e-10
210470.0,5.367592414872054e-10
212059.073,5.325242414881253e-10
213252.0,5.301528617310537e-10
216070.0,5.245510536108352e-10
218926.0,5.188737065592583e-10
219156.062,5.184163739901477e-10
220000.0,5.163508256776094e-10
221819.0,5.118988014998773e-10
224751.0,5.047226965580901e-10
226490.56699999998,5.00465085594492e-10
227721.0,4.97500876161674e-10
230000.0,4.920105867290987e-10
230731.0,4.902495504960085e-10
233780.0,4.829042707768675e-10
234070.535,4.822043492146502e-10
236870.0,4.756870200055873e-10
240000.0,4.684001846908515e-10
241904.18300000002,4.639671278441679e-10
250000.0,4.45092436e-10
260000.0,4.2402288552657737e-10
270000.0,4.029533350531547e-10
275422.87,3.915275917355738e-10
280000.0,3.82439380432628e-10
300000.0,3.4272798354005195e-10
316227.766,3.1050662072475945e-10
320000.0,3.0405378651827834e-10
340000.0,2.6984151757376906e-10
360000.0,2.356292486292598e-10
363078.055,2.303638863549602e-10
380000.0,2.082902493450572e-10
400000.0,1.822014788049059e-10
416869.38300000003,1.6019640569285942e-10
420000.0,1.5731049929171706e-10
440000.0,1.3887383711846252e-10
460000.0,1.2043717494520795e-10
478630.092,1.0326333932217534e-10
480000.0,1.0247981264646999e-10
500000.0,9.104069884166916e-11
520000.0,7.960158503686834e-11
540000.0,6.816247123206751e-11
549540.874,6.270551405790428e-11
560000.0,5.925052504612636e-11
580000.0,5.2643875481377066e-11
600000.0,4.6037225916627766e-11
620000.0,3.943057635187847e-11
630957.3439999999,3.581100975345808e-11
640000.0,3.423148929397145e-11
660000.0,3.073800140836214e-11
680000.0,2.7244513522752833e-11
700000.0,2.3751025637143524e-11
724435.96,1.9482689125481846e-11
800000.0,1.2942033812675813e-11
831763.771,1.0192632410290447e-11
900000.0,7.410372943716281e-12
954992.586,5.168108896711372e-12
1000000.0,4.338166770811464e-12
1096478.2,2.559097162168842e-12
1100000.0,2.5308832658198794e-12
1200000.0,1.7297617839366823e-12
1258925.41,1.2576976661389336e-12
1300000.0,1.1153927212469789e-12
1400000.0,7.689377842848464e-13
1445439.77,6.115094577756083e-13
1500000.0,5.277940393859229e-13
1599000.0,3.75891702819914e-13
1659586.91,2.829291453015859e-13
1905460.7200000002,1.3047304066178807e-13
2187761.62,5.991222069249025e-14
2511886.43,2.736560868319194e-14
2884031.5,1.242430521303252e-14
3000000.0,1.0577416071244478e-14
3311311.21,5.619541359871156e-15
3801893.96,2.5303295202899347e-15
4365158.32,1.1360781022027166e-15
5011872.34,5.086222228078539e-16
5754399.37,2.2723553509634145e-16
6606934.4799999995,1.0136941845380614e-16
7585775.75,4.5176972968123926e-17
8000000.0,3.5942613656520324e-17
8709635.9,2.0122600991850875e-17
10000000.0,8.66208148e-18
