,lambda (Angstroms),Total Flux (erg/s/cm^2/Angstrom)
0,102.05000000000001,0.0021137020578164073
1,103.95,0.002472540130775551
2,104.712855,0.002616668214629535
3,105.88,0.0024332952253817665
4,108.10000000000001,0.0020846272773055226
5,110.11,0.001769850381006764
6,113.98,0.0011626740045360172
7,117.99000000000001,0.0005335724235469484
8,120.22644299999999,0.00019963589106215392
9,121.01,0.00020026411538249102
10,124.98,0.000178143255134755
11,127.01,0.0001658839466201696
12,127.89,0.00016162340253502913
13,130.87,0.00014374480688307613
14,132.07999999999998,0.00014316580126600808
15,133.92,0.00013234617817889618
16,137.04,0.00012364541642248897
17,138.038426,0.00011816801533259073
18,139.9,0.00012103470023013144
19,143.16,0.0002467159765632252
20,146.84,0.0005371005883748157
21,150.95000000000002,0.000560744193414391
22,154.82,0.0005932185324662538
23,158.489319,0.0006258488760020954
24,159.16,0.0006317205252227142
25,162.12,0.0006571033743268785
26,165.89,0.0007016844953142771
27,170.14999999999998,0.000731455958552027
28,172.91,0.0007616618516356398
29,176.94000000000003,0.0007927237154497555
30,179.82000000000002,0.0008165207821456992
31,181.9,0.0008340945247594364
32,181.970086,0.000834630652370973
33,186.14,0.0008687070621123713
34,190.91,0.0009110218188022442
35,194.01000000000002,0.0009445421820598137
36,198.07999999999998,0.0009749401115624934
37,202.22,0.0010132905437838925
38,205.04000000000002,0.0010411167961665848
39,208.929613,0.0010378841418111268
40,209.81,0.0010377204495377668
41,216.19,0.001137106034520233
42,220.20999999999998,0.0011788148764684322
43,222.76000000000002,0.001191376365763932
44,226.89999999999998,0.0012377618895613315
45,230.05999999999997,0.0018777145115902645
46,233.79,0.0029648083724028973
47,239.79,0.0035915294648628964
48,239.88329199999998,0.003587788136267063
49,245.94000000000003,0.0033363620588802594
50,252.25,0.0034872004469439577
51,256.94,0.0029119955277710167
52,259.92,0.0033199565620705127
53,264.14,0.0034481156710449673
54,269.05,0.0033980867812498415
55,274.05,0.0033337336307456404
56,275.42287,0.0033166131952427863
57,279.15,0.00327503687572454
58,283.68,0.003241277942817559
59,290.29,0.0030524218795691836
60,295.69,0.0030491719065674845
61,301.18,0.002964561067349091
62,308.2,0.002942490502446882
63,316.227766,0.0029215591509926257
64,318.29999999999995,0.002913717452672078
65,327.96999999999997,0.002818420217570497
66,337.92999999999995,0.00270738569517011
67,348.2,0.002594363934622723
68,357.13,0.002520561880904303
69,363.078055,0.0024917345941438524
70,366.3,0.0024789735895649843
71,374.83000000000004,0.0023994988866134076
72,385.33,0.0022361281573060735
73,395.21,0.0022450146748721252
74,405.35,0.002198846153426758
75,413.84,0.0021245689180153997
76,416.86938299999997,0.0020927108057886925
77,421.53000000000003,0.0020429741040524684
78,430.35999999999996,0.001977582338763194
79,441.4,0.0019278894646076344
80,450.64,0.0018544552221078725
81,460.08,0.0017800245760908001
82,469.71,0.001720323196732282
83,478.630092,0.0016849397544348433
84,479.54999999999995,0.0016807954125684227
85,489.59000000000003,0.0015912414454251707
86,499.84000000000003,0.0015638043285707548
87,505.63,0.0015211486293915286
88,511.48,0.0016637076017233985
89,519.8,0.001620984051262058
90,529.46,0.0015616321645485305
91,540.55,0.00146427544884946
92,549.5408739999999,0.0014879755520519628
93,550.6,0.00149098565953947
94,559.54,0.0015338607988997946
95,569.94,0.001556943777573998
96,580.54,0.0014813928712227053
97,589.97,0.0015376512922705646
98,599.5600000000001,0.0014894158052980273
99,609.3,0.0014329994045563677
100,620.63,0.001594109917862014
101,630.71,0.0015931217125770114
102,630.957344,0.0015926969752457284
103,639.49,0.0015800366596627805
104,649.88,0.0016354121186192719
105,657.4000000000001,0.0016511379426185806
106,665.0200000000001,0.0016895971685327736
107,674.27,0.0016645738456595826
108,685.22,0.001607637355339427
109,694.76,0.001839714898019401
110,704.4200000000001,0.0017370295229972364
111,715.87,0.0019310410422515027
112,724.43596,0.0019471571139799773
113,725.8299999999999,0.0019496993442631766
114,734.23,0.0019679788671211284
115,744.4399999999999,0.0021102114074044247
116,754.8000000000001,0.0021733573855958984
117,765.3,0.0021937940391683385
118,774.16,0.0023524786382780353
119,784.93,0.0024449328800851947
120,795.85,0.0025012825598005324
121,805.0699999999999,0.0025588706098898556
122,814.39,0.0026000822852512975
123,825.72,0.0027763022285823206
124,831.763771,0.002491399733549926
125,835.2800000000001,0.0023247925640574444
126,844.95,0.0028250770766070567
127,854.7399999999999,0.0028618076410187117
128,864.63,0.0030126135819820692
129,874.65,0.0031716449124626397
130,884.77,0.003385201619494912
131,895.02,0.003516453716044398
132,905.3799999999999,0.003475067526800756
133,915.87,0.0052318477270743265
134,924.34,0.035169708721003515
135,935.0400000000001,0.07813240001203565
136,945.87,0.15090330969258503
137,954.62,0.21461245514085897
138,954.992586,0.2154945629877802
139,965.6800000000001,0.24079881239434456
140,974.61,0.036904177760206804
141,985.9,0.20029528111749512
142,995.02,0.21166784149114165
143,1004.23,0.30947799950005445
144,1015.86,0.29419169392390415
145,1025.26,0.12125614694060124
146,1034.74,0.1984626978553128
147,1044.32,0.3869177461425424
148,1053.98,0.3763816923277864
149,1066.18,0.29283837177498906
150,1076.05,0.348040012442521
151,1086.01,0.2701696507453192
152,1096.06,0.3602609866833836
153,1096.4782,0.35952726152957354
154,1106.2,0.34246997621886804
155,1113.87,0.32554574547313353
156,1124.17,0.2901598984482228
157,1134.57,0.36865664319976926
158,1145.07,0.33083737972777294
159,1155.67,0.3504426080322338
160,1163.68,0.3602542493264537
161,1174.44,0.24583756447324603
162,1185.31,0.34404027057414127
163,1196.28,0.23100546845149367
164,1204.57,0.1620551867197937
165,1215.72,0.10584996979476899
166,1224.1399999999999,0.22265307737246337
167,1235.47,0.34167094564506156
168,1244.03,0.374628541709796
169,1255.55,0.3544883943576629
170,1258.92541,0.33348088406512266
171,1264.25,0.3003427479247788
172,1275.9499999999998,0.3895784163622005
173,1284.7900000000002,0.4070114680704747
174,1293.7,0.31593782018820354
175,1305.6699999999998,0.31017689020495043
176,1314.72,0.3895820431415886
177,1323.83,0.3694942964291879
178,1336.0800000000002,0.3233008680837534
179,1345.34,0.3851221222487556
180,1354.67,0.3703461768232124
181,1364.06,0.32779973174863036
182,1373.51,0.34324728702500945
183,1386.22,0.345623961370277
184,1395.8300000000002,0.2989594175825525
185,1405.5,0.3094678741457891
186,1415.2500000000002,0.31377453117697385
187,1425.06,0.3210782885591198
188,1434.94,0.31667464635072035
189,1441.5600000000002,0.3338914850734325
190,1445.43977,0.33660542146817546
191,1448.21,0.33854322136746784
192,1454.9,0.3270410542106938
193,1464.9799999999998,0.29965470369645125
194,1475.14,0.2968997535749528
195,1485.3600000000001,0.30102880374801244
196,1495.66,0.3052217543138162
197,1506.03,0.286818705223271
198,1512.9799999999998,0.2538702393429153
199,1516.46,0.27140995642728394
200,1523.46,0.2621942907923933
201,1534.0300000000002,0.22626324268370843
202,1544.6599999999999,0.24866659486958162
203,1555.3700000000001,0.23314404744819892
204,1566.15,0.2363870003704673
205,1573.38,0.251544435864716
206,1584.2800000000002,0.26280118937610053
207,1595.26,0.2670681432802292
208,1606.32,0.26039089757710193
209,1613.74,0.26038763400411785
210,1624.92,0.24470018889010678
211,1636.18,0.2597934441688398
212,1643.74,0.2627982812831579
213,1655.1299999999999,0.2413398372001001
214,1659.58691,0.24967902134728442
215,1666.6000000000001,0.26280121051167266
216,1670.45,0.23367844854075043
217,1678.1599999999999,0.26340622495742294
218,1685.8999999999999,0.27391590244964675
219,1693.6799999999998,0.2556332813759389
220,1705.42,0.2441375022749967
221,1713.3000000000002,0.23100398478645967
222,1725.17,0.22889461034623956
223,1733.1399999999999,0.2435689960843563
224,1745.15,0.2363929266633754
225,1753.2,0.25213671526962883
226,1765.36,0.22941655122640423
227,1773.51,0.2347602434178285
228,1785.8,0.23802648403532595
229,1794.0400000000002,0.253876879453404
230,1806.48,0.2503990254486577
231,1814.82,0.23048422445190664
232,1823.19,0.23423042453070678
233,1835.83,0.22420317769630224
234,1844.3000000000002,0.20448248136027325
235,1857.0900000000001,0.205420639903625
236,1865.66,0.21166024715276682
237,1874.2700000000002,0.227843455835977
238,1882.9199999999998,0.20924036595325554
239,1895.9699999999998,0.2007512338180515
240,1904.73,0.21166054787901795
241,1905.46072,0.21098589256941114
242,1913.52,0.2035443016310477
243,1926.78,0.19845658884333753
244,1935.6799999999998,0.20167667754540233
245,1944.61,0.2126406648610696
246,1953.5900000000001,0.19890084986607434
247,1967.1299999999999,0.21708752413865384
248,1976.2099999999998,0.22163230452233346
249,1985.33,0.20971628305748302
250,1994.4899999999998,0.20307165974410255
251,2003.6999999999998,0.2077955341200595
252,2012.95,0.20028690664748644
253,2026.9,0.20779606197263298
254,2036.26,0.19799192941660224
255,2045.66,0.2054143950120415
256,2055.1,0.1948229587589507
257,2064.58,0.19527132065732986
258,2074.11,0.20923438024504645
259,2078.89,0.20212965934570598
260,2083.69,0.2097128375221005
261,2093.2999999999997,0.19753179341275698
262,2102.9700000000003,0.19753024653061843
263,2112.67,0.19935459826208232
264,2127.32,0.20073872123795305
265,2137.14,0.18605106742382682
266,2147.0,0.19170451176117054
267,2156.91,0.19798735378785168
268,2166.87,0.1903802935038703
269,2176.87,0.18864173137135887
270,2186.92,0.18647646692818487
271,2187.7616199999998,0.18713486014082845
272,2197.01,0.19437056879518338
273,2207.15,0.18820434240834472
274,2217.3399999999997,0.17767721786378002
275,2222.45,0.17244110614417987
276,2232.71,0.18519758417879872
277,2243.02,0.17645006405569155
278,2253.37,0.16773764540640354
279,2263.77,0.17046752859938952
280,2274.2200000000003,0.17524681363464947
281,2284.7200000000003,0.1801542005121834
282,2295.26,0.16891218886353648
283,2305.86,0.17054477942561835
284,2316.5,0.1621826714615194
285,2327.19,0.1288818653396944
286,2332.56,0.14868956319991888
287,2343.32,0.14205535965727745
288,2354.1400000000003,0.15581585832536476
289,2365.0099999999998,0.1408605588357261
290,2375.92,0.14620626081990656
291,2386.8900000000003,0.13339596501481582
292,2392.39,0.14230226766495263
293,2403.44,0.13658537480750024
294,2414.53,0.140137783423867
295,2425.67,0.15057019388250775
296,2436.87,0.14485320655187725
297,2442.49,0.1531088136234716
298,2453.76,0.15107312887202468
299,2465.09,0.1490562463313065
300,2476.4700000000003,0.14274196563286232
301,2482.17,0.14408787565209502
302,2493.63,0.1351495979012892
303,2505.1400000000003,0.15310182199275732
304,2510.9199999999996,0.13277083495962838
305,2511.88643,0.1330841174043019
306,2516.7099999999996,0.1346475017832739
307,2522.51,0.1301039190742844
308,2534.15,0.13287695308589847
309,2545.85,0.13111658624190237
310,2557.6,0.1418468186848977
311,2563.5,0.1367485345498911
312,2575.33,0.14457746585207282
313,2587.2099999999996,0.14232759644124596
314,2593.18,0.13943611130802744
315,2605.15,0.13414514061378527
316,2617.1699999999996,0.13114836920653453
317,2623.21,0.13862498307510407
318,2635.31,0.14521751052703968
319,2647.48,0.1592971369807634
320,2653.58,0.16454414999372266
321,2665.83,0.1463795753066327
322,2671.98,0.15366408760658345
323,2684.31,0.15409131177867985
324,2696.7000000000003,0.14486413509516602
325,2702.9199999999996,0.1499939463969048
326,2715.39,0.1403625685725773
327,2727.9300000000003,0.13946598975003788
328,2734.21,0.1463995001961665
329,2746.83,0.12438392023281339
330,2753.1699999999996,0.1284899298233317
331,2765.8700000000003,0.134602248719165
332,2772.25,0.14098005773927652
333,2785.05,0.12952347520909271
334,2797.8999999999996,0.10317519196590039
335,2804.35,0.11032399998779996
336,2817.2999999999997,0.13735261531859055
337,2823.79,0.1475500227700833
338,2836.8199999999997,0.14228103696006028
339,2843.3599999999997,0.1378012436985445
340,2856.49,0.12925655646250442
341,2863.0699999999997,0.1460672626305818
342,2876.2900000000004,0.14714387411112634
343,2882.92,0.1454906795661952
344,2884.0315,0.14546834185651145
345,2896.23,0.14522336015603457
346,2909.59,0.15931545625708415
347,2929.76,0.15154965037071966
348,2950.07,0.1482105444434979
349,2970.52,0.15142173847541887
350,2991.11,0.15118643246648258
351,3011.84,0.15304282641668904
352,3032.72,0.15245662032311985
353,3046.72,0.15288251623739338
354,3067.84,0.15370411007378318
355,3089.1000000000004,0.15452570386931566
356,3110.52,0.15464229761815418
357,3132.08,0.1515917913261354
358,3146.53,0.15201958710908203
359,3168.35,0.1528283807411855
360,3190.31,0.14373077433243167
361,3212.42,0.14924546787990223
362,3227.25,0.14031756355195052
363,3249.62,0.1511654570235433
364,3272.14,0.15769335045136046
365,3287.25,0.15560264604169424
366,3310.0299999999997,0.15501583939363361
367,3311.31121,0.15508290969243776
368,3325.3100000000004,0.1558156609231275
369,3332.98,0.1598582181336487
370,3340.66,0.14820037528838176
371,3348.36,0.16366693233153862
372,3356.0800000000004,0.15706418926311924
373,3363.82,0.14001794608312368
374,3371.5699999999997,0.14136260284733998
375,3379.34,0.1571917594999801
376,3387.1299999999997,0.15650901604104395
377,3394.94,0.15088757247053164
378,3402.77,0.16510602878844308
379,3410.61,0.14787928505056644
380,3418.48,0.14962844114532542
381,3426.36,0.15351089718429634
382,3434.25,0.16265305316747913
383,3442.17,0.1487222089832976
384,3450.11,0.15328646468753987
385,3458.06,0.15156982033599403
386,3466.0299999999997,0.14884967587287198
387,3474.02,0.15590013129817368
388,3482.0299999999997,0.14961728661189921
389,3490.06,0.1556331418140485
390,3498.1,0.14329249696040966
391,3506.17,0.1550034519394065
392,3514.25,0.14637480686261528
393,3522.3500000000004,0.15545186167424782
394,3530.47,0.14544641637430414
395,3538.6099999999997,0.15588877096278422
396,3546.77,0.15920592543968812
397,3554.9399999999996,0.15961187986080388
398,3563.1400000000003,0.15531303411455535
399,3571.35,0.1436541883125187
400,3579.58,0.1427054423989058
401,3587.8300000000004,0.13169719637371674
402,3596.11,0.1454462501811633
403,3604.3999999999996,0.1530407039328218
404,3612.7,0.14091335762869217
405,3621.03,0.14896641115719822
406,3628.1400000000003,0.15852377149185345
407,3630.89,0.16576565615012379
408,3633.63,0.15007534086418217
409,3636.37,0.1348329255782406
410,3639.1099999999997,0.13160111029229898
411,3641.86,0.1426937949505693
412,3644.6,0.14005927966462772
413,3647.34,0.14359016437868613
414,3650.08,0.15261434909274454
415,3652.8300000000004,0.13772313375101483
416,3655.57,0.15940851846507326
417,3658.3100000000004,0.17375540317913168
418,3661.05,0.15441698789319008
419,3663.7999999999997,0.1479097725514604
420,3666.54,0.1502885572655188
421,3669.2799999999997,0.16332344197957724
422,3672.0199999999995,0.15904632669363564
423,3674.77,0.15948301135190593
424,3677.5099999999998,0.15162189606596435
425,3680.25,0.16139268078002275
426,3683.0,0.15357346543829306
427,3685.7400000000002,0.14656565015235146
428,3688.48,0.1517712348664099
429,3691.2200000000003,0.1595154195804683
430,3693.97,0.14565880423873862
431,3696.7100000000005,0.14789898895279702
432,3699.4500000000003,0.16489117366685543
433,3702.19,0.16107265838091384
434,3704.94,0.14766414303918415
435,3707.68,0.14016572775324254
436,3710.4199999999996,0.15683781246730097
437,3713.16,0.17049129718135939
438,3715.91,0.1667039818396297
439,3718.65,0.1737868665536881
440,3721.39,0.1851470512677465
441,3724.13,0.21614453598180491
442,3726.88,0.29199402064007524
443,3729.6200000000003,0.4359511053541337
444,3732.36,0.5565486900681921
445,3735.1099999999997,0.5645890747264624
446,3737.85,0.4553424594405208
447,3740.5899999999997,0.2803783441545792
448,3743.3300000000004,0.2072376288686376
449,3746.08,0.1884529135269079
450,3748.8199999999997,0.16404789824096633
451,3751.56,0.1596107829550247
452,3754.2999999999997,0.15269906766908314
453,3757.05,0.16016505232735342
454,3759.79,0.16533853704141185
455,3762.53,0.17166412175547027
456,3765.27,0.18710960646952868
457,3768.0200000000004,0.18683159112779898
458,3770.76,0.1881650758418574
459,3773.5,0.17100276055591582
460,3776.2400000000002,0.1716856452699742
461,3778.99,0.18231952992824452
462,3781.73,0.19247441464230294
463,3784.47,0.19775469935636136
464,3787.2099999999996,0.20340828407041978
465,3789.96,0.21022336872869007
466,3792.7,0.22361025344274849
467,3795.44,0.19998393815680687
468,3798.19,0.19069262281507718
469,3800.9300000000003,0.17693290752913562
470,3801.8939600000003,0.1702307767557639
471,3803.67,0.15788249430768364
472,3806.41,0.16373868220675003
473,3809.16,0.1855085700616524
474,3811.8999999999996,0.21394605796071875
475,3814.6400000000003,0.20431434585978514
476,3817.38,0.2272052337588515
477,3820.13,0.23901232161375388
478,3822.87,0.21171670951282026
479,3825.6099999999997,0.1954396974118866
480,3828.35,0.197893285310953
481,3831.1,0.18550857316585537
482,3833.84,0.18079416106492172
483,3836.58,0.16123184896398812
484,3839.32,0.14102933686305447
485,3842.07,0.15430872471795684
486,3844.81,0.16528491261702322
487,3847.55,0.17737040051608957
488,3850.29,0.18438928841515598
489,3853.04,0.20004717627005836
490,3855.7799999999997,0.2189593641691247
491,3858.5199999999995,0.22338635206819107
492,3861.27,0.21539613992309348
493,3864.0099999999998,0.2271083278221598
494,3866.75,0.2310660157212262
495,3869.49,0.25002090362029256
496,3872.2400000000002,0.23384939147519496
497,3874.98,0.23568437937426132
498,3877.7200000000003,0.2320366672733277
499,3880.46,0.22779165517239405
500,3883.2100000000005,0.21841484302729644
501,3885.9500000000003,0.19933253092636283
502,3888.69,0.18852751882542917
503,3891.4300000000003,0.19629300672449557
504,3894.18,0.19423359457939793
505,3896.9199999999996,0.1900418824784643
506,3899.66,0.19188747037753068
507,3902.3999999999996,0.19541835827659704
508,3905.15,0.2015402461314994
509,3907.89,0.2116524340305658
510,3910.63,0.21956742192963216
511,3913.38,0.21601460978453454
512,3916.1200000000003,0.2170494976836009
513,3918.86,0.23211108558266727
514,3921.6,0.22959397348173366
515,3924.35,0.22806786133663604
516,3927.0899999999997,0.2210814492357024
517,3929.8300000000004,0.21941773713476878
518,3932.57,0.20957272503383512
519,3935.3199999999997,0.18397211288873752
520,3938.06,0.1861057007878039
521,3940.7999999999997,0.17733788868687028
522,3943.54,0.18805807658593662
523,3946.29,0.207662664440839
524,3949.03,0.21175885233990538
525,3951.77,0.22700174023897174
526,3954.5099999999998,0.21799942813803813
527,3957.26,0.2110546159929405
528,3960.0,0.20658560389200686
529,3962.7400000000002,0.20028189179107325
530,3965.48,0.1922180796901396
531,3968.23,0.18084676754504198
532,3970.97,0.15550305544410836
533,3973.7099999999996,0.14615934334317474
534,3976.46,0.1598866311980771
535,3979.2,0.16412151909714348
536,3981.94,0.18219100699620985
537,3984.68,0.2055831948952762
538,3987.4300000000003,0.2117263827501786
539,3990.17,0.22059057064924495
540,3992.91,0.23884145854831135
541,3995.65,0.2402711464473777
542,3998.3999999999996,0.2388622343022801
543,4001.1400000000003,0.23876652220134645
544,4003.88,0.24952951010041285
545,4006.6200000000003,0.2539136979994792
546,4009.37,0.25085148585438155
547,4012.1099999999997,0.24052647375344796
548,4014.85,0.24340676165251432
549,4017.5899999999997,0.2421697495515807
550,4020.34,0.24403553740648307
551,4023.08,0.2510438253055495
552,4025.82,0.2501374132046158
553,4028.57,0.2494325010595182
554,4031.31,0.24254218895858456
555,4034.05,0.23897987685765093
556,4036.79,0.2486227647567173
557,4039.54,0.24706455261161966
558,4042.2799999999997,0.24776884051068607
559,4045.0199999999995,0.2546918284097524
560,4047.76,0.2492201163088188
561,4050.5099999999998,0.24122990416372117
562,4053.25,0.24334219206278754
563,4055.99,0.2530064799618539
564,4058.73,0.2618281678609203
565,4061.48,0.25750715571582267
566,4064.2200000000003,0.24306484361488903
567,4066.96,0.23741183151395542
568,4069.7,0.23505481941302178
569,4072.4500000000003,0.24711790726792415
570,4075.19,0.2519501951669905
571,4077.9300000000003,0.24390788306605687
572,4080.67,0.23831887096512328
573,4083.4199999999996,0.24005665882002564
574,4086.16,0.238979646719092
575,4088.8999999999996,0.23468123461815837
576,4091.65,0.23206712247306077
577,4094.39,0.22293671037212712
578,4097.13,0.2147130982711935
579,4099.87,0.21969458617025986
580,4102.62,0.21774187402516224
581,4105.36,0.21371016192422862
582,4108.1,0.21233434982329497
583,4110.84,0.20543333772236136
584,4113.59,0.21342182557726375
585,4116.33,0.2124941134763301
586,4119.070000000001,0.2216890013753965
587,4121.81,0.22520928927446285
588,4124.5599999999995,0.22528317712936521
589,4127.3,0.2328353650284316
590,4130.04,0.23053165292749797
591,4132.78,0.22982794082656433
592,4135.53,0.2290164286814667
593,4138.27,0.2401420165805331
594,4141.01,0.24660630447959947
595,4143.76,0.24156009233450185
596,4146.5,0.23454178023356823
597,4149.24,0.23314466813263457
598,4151.9800000000005,0.24402495603170096
599,4154.73,0.2514480438866033
600,4157.469999999999,0.2321844317856697
601,4160.21,0.23008341968473608
602,4162.95,0.23271830758380244
603,4165.7,0.2477360954387048
604,4168.44,0.24736308333777118
605,4171.18,0.24434467123683754
606,4173.92,0.23179035913590393
607,4176.67,0.2280348469908063
608,4179.41,0.23118173488987268
609,4182.15,0.23389142278893904
610,4184.89,0.2213370106880054
611,4187.64,0.2406533985429078
612,4190.38,0.23523508644197416
613,4193.12,0.23506467434104056
614,4195.860000000001,0.23563036224010692
615,4198.61,0.22840825009500929
616,4201.349999999999,0.23905373799407567
617,4204.09,0.22744872589314202
618,4206.84,0.2320773137480444
619,4209.58,0.23653620164711078
620,4212.32,0.24269108954617713
621,4215.0599999999995,0.23955537744524352
622,4217.81,0.23379456530014592
623,4220.55,0.24430145319921226
624,4223.29,0.23817914109827865
625,4226.03,0.233475428997345
626,4228.78,0.23633321685224737
627,4231.5199999999995,0.22158160475131375
628,4234.26,0.23171519265038013
629,4237.0,0.23046738054944652
630,4239.75,0.23827456840434888
631,4242.49,0.22490955630341525
632,4245.23,0.23171514420248163
633,4247.97,0.22418473210154796
634,4250.72,0.23523451995645037
635,4253.46,0.23736820785551674
636,4256.2,0.23617379575458308
637,4258.95,0.2369942836094855
638,4261.6900000000005,0.23626927150855184
639,4264.43,0.23084015940761823
640,4267.17,0.2294431473066846
641,4269.92,0.24343693516158696
642,4272.66,0.23400792306065335
643,4275.4,0.2274375109597197
644,4278.14,0.2310004988587861
645,4280.89,0.22703168671368848
646,4283.63,0.22422667461275483
647,4286.37,0.22819486251182122
648,4289.11,0.23258985041088756
649,4291.86,0.22018373826578994
650,4294.6,0.21733602616485634
651,4297.34,0.21735761406392268
652,4300.08,0.21263250196298908
653,4302.83,0.21560778981789144
654,4305.570000000001,0.21715467771695782
655,4308.31,0.2172615656160242
656,4311.05,0.20531525351509056
657,4313.8,0.2032238413699929
658,4316.54,0.21168272926905932
659,4319.28,0.21378431716812565
660,4322.03,0.22545280502302806
661,4324.77,0.22439699292209442
662,4327.51,0.2237359808211608
663,4330.25,0.22186956872022717
664,4333.0,0.21861545657512954
665,4335.74,0.21117044447419592
666,4338.4800000000005,0.21472263237326228
667,4341.22,0.23728282027232867
668,4343.969999999999,0.23802870812723104
669,4346.71,0.2416662960262974
670,4349.45,0.2250799839253638
671,4352.1900000000005,0.21634427182443014
672,4354.94,0.2032235596793325
673,4357.68,0.2077357475783989
674,4360.42,0.22776793547746527
675,4363.16,0.21818952337653164
676,4365.15832,0.22618032390096984
677,4365.91,0.22918611644996742
678,4368.65,0.23466902337146567
679,4371.39,0.2281839302929639
680,4374.13,0.23477633721446214
681,4376.88,0.22765024416122132
682,4379.62,0.22821575108271955
683,4382.360000000001,0.22696805800421777
684,4385.11,0.21994866495097695
685,4387.849999999999,0.2270102718724752
686,4390.59,0.21828527879397341
687,4393.33,0.22567748571547164
688,4396.08,0.22327669266223082
689,4398.82,0.22627439958372905
690,4401.5599999999995,0.2254426065052273
691,4404.3,0.22400291342672551
692,4407.05,0.2280875203734847
693,4409.79,0.23349572729498294
694,4412.53,0.22887743421648116
695,4415.27,0.2264029411379794
696,4418.0199999999995,0.22784214808473857
697,4420.76,0.2352451550062368
698,4423.5,0.22858946192773505
699,4426.24,0.22647766884923326
700,4428.99,0.23301557579599244
701,4431.73,0.22520788271749068
702,4434.47,0.2241307896389889
703,4437.22,0.23600199658574808
704,4439.96,0.23048770350724632
705,4442.7,0.22968791042874454
706,4445.44,0.22321361735024275
707,4448.1900000000005,0.22970882429700196
708,4450.93,0.23409303121850017
709,4453.67,0.2432346381399984
710,4456.41,0.23361364506149665
711,4459.16,0.2283862520082558
712,4461.9,0.22740515892975405
713,4464.64,0.23140546585125227
714,4467.38,0.23187507277275052
715,4470.13,0.22698897971950968
716,4472.87,0.2301998866410079
717,4475.61,0.22782149356250614
718,4478.349999999999,0.23215250048400438
719,4481.1,0.23786900743076356
720,4483.84,0.2370373143522618
721,4486.58,0.23144822127376002
722,4489.32,0.23744322819525826
723,4492.070000000001,0.23917043514201744
724,4494.81,0.23418934206351566
725,4497.55,0.2368670489850139
726,4500.3,0.23594885593177306
727,4503.04,0.2390638628532713
728,4505.78,0.24412016977476955
729,4508.5199999999995,0.24137907669626776
730,4511.27,0.24406628364302693
731,4514.01,0.24754389056452517
732,4516.75,0.2492081974860234
733,4519.49,0.2461791044075216
734,4522.24,0.2411863113542808
735,4524.9800000000005,0.24049331827577905
736,4527.72,0.23299492519727727
737,4530.46,0.23445653211877548
738,4533.21,0.2244718390655347
739,4535.95,0.2285467459870329
740,4538.6900000000005,0.22576305290853113
741,4541.43,0.22565665983002936
742,4544.18,0.23567186677678853
743,4546.92,0.23470147369828678
744,4549.66,0.235448380619785
745,4552.41,0.23257838756654417
746,4555.15,0.22704269448804243
747,4557.89,0.22563490140954065
748,4560.63,0.22109120833103887
749,4563.38,0.22887711527779805
750,4566.12,0.2355867221992963
751,4568.860000000001,0.23969362912079453
752,4571.6,0.23971523604229275
753,4574.349999999999,0.23963984298905194
754,4577.09,0.23969344991055017
755,4579.83,0.2384350568320484
756,4582.570000000001,0.24079266375354663
757,4585.32,0.23080797070030581
758,4588.0599999999995,0.22839757762180404
759,4590.8,0.22993388454330227
760,4593.54,0.2309473914648005
761,4596.29,0.2335279984115597
762,4599.03,0.23426430533305792
763,4601.77,0.23111791225455616
764,4604.51,0.2326648191760544
765,4607.26,0.23284542612281356
766,4610.0,0.2350430330443118
767,4612.74,0.23846723996581
768,4615.49,0.2436184469125692
769,4618.23,0.23708015383406744
770,4620.969999999999,0.23530976075556567
771,4623.71,0.24118736767706386
772,4626.46,0.23810397462382307
773,4629.2,0.2386588815453213
774,4631.94,0.2376777884668195
775,4634.68,0.23971539538831774
776,4637.43,0.23614130233507694
777,4640.17,0.23398690925657514
778,4642.91,0.2328139161780734
779,4645.65,0.23476622309957162
780,4648.4,0.23942673004633078
781,4651.14,0.23303773696782903
782,4653.88,0.22861134388932727
783,4656.62,0.2354808508108255
784,4659.37,0.23592815775758466
785,4662.11,0.2333897646790829
786,4664.849999999999,0.23414737160058113
787,4667.59,0.23555567852207937
788,4670.34,0.23262158546883854
789,4673.08,0.22981649239033677
790,4675.82,0.22630749931183503
791,4678.570000000001,0.22951740625859418
792,4681.31,0.2316936131800924
793,4684.05,0.23305932010159064
794,4686.79,0.23160882702308888
795,4689.54,0.23116013396984805
796,4692.28,0.2311284408913463
797,4695.0199999999995,0.23458464781284452
798,4697.76,0.23155565473434275
799,4700.51,0.22735226168110192
800,4703.25,0.22772586860260016
801,4705.99,0.2291020755240984
802,4708.73,0.2265316824455966
803,4711.4800000000005,0.2248242893923558
804,4714.22,0.22625389631385404
805,4716.96,0.22878220323535225
806,4719.7,0.2312890101568505
807,4722.45,0.2339443171036097
808,4725.1900000000005,0.2327606240251079
809,4727.93,0.22786493094660612
810,4730.68,0.22845083789336532
811,4733.42,0.22879244481486352
812,4736.16,0.22168875173636177
813,4738.9,0.21858495865785998
814,4741.65,0.22398166560461916
815,4744.39,0.2240991725261174
816,4747.13,0.23048877944761564
817,4749.87,0.23191838636911388
818,4752.62,0.23642959331587304
819,4755.360000000001,0.23311260023737126
820,4758.1,0.2245368071588695
821,4760.84,0.22497441408036775
822,4763.59,0.2246111210271269
823,4766.33,0.22494202794862514
824,4769.070000000001,0.2233743348701234
825,4771.81,0.22229714179162163
826,4774.5599999999995,0.2255178487383808
827,4777.3,0.22839805565987903
828,4780.04,0.23297436258137727
829,4782.78,0.23319856950287549
830,4785.53,0.22745927644963468
831,4788.27,0.2267234833711329
832,4791.01,0.22904909029263112
833,4793.76,0.22687239723939032
834,4796.5,0.22971000416088855
835,4799.24,0.23231281108238677
836,4801.9800000000005,0.227875818003885
837,4804.73,0.22758712495064418
838,4807.469999999999,0.22908073187214242
839,4810.21,0.22720363879364064
840,4812.95,0.23141714571513886
841,4815.7,0.23014715266189806
842,4818.44,0.2349260595833963
843,4821.18,0.2391823665048945
844,4823.92,0.23319857342639275
845,4826.67,0.23164058037315194
846,4829.41,0.22934748729465013
847,4832.15,0.23288909421614837
848,4834.89,0.2309907011376466
849,4837.64,0.22382200808440578
850,4840.38,0.22776891500590402
851,4843.12,0.22793982192740225
852,4845.87,0.2248565288741614
853,4848.61,0.21800883579565966
854,4851.349999999999,0.21263304271715788
855,4854.09,0.20900664963865612
856,4856.84,0.2090380565854153
857,4859.58,0.22518746350691352
858,4862.32,0.26706497042841176
859,4865.0599999999995,0.31528907734991
860,4867.81,0.33210938429666914
861,4870.55,0.3033845912181674
862,4873.29,0.2539129981396656
863,4876.03,0.21839340506116386
864,4878.78,0.21120351200792303
865,4881.5199999999995,0.20555041892942127
866,4884.26,0.2039506258509195
867,4887.0,0.20956153277241774
868,4889.75,0.21669683971917691
869,4892.49,0.21393434664067515
870,4895.23,0.21421195356217337
871,4897.97,0.21442556048367162
872,4900.72,0.22101686743043078
873,4903.46,0.22815307435192902
874,4906.2,0.22971068127342725
875,4908.95,0.22576338822018643
876,4911.6900000000005,0.22201959514168468
877,4914.43,0.2224999020631829
878,4917.17,0.22188140898468112
879,4919.92,0.2216781159314403
880,4922.66,0.2208783228529385
881,4925.4,0.21865992977443674
882,4928.139999999999,0.213678836695935
883,4930.89,0.21190754364269415
884,4933.63,0.2200677505641924
885,4936.37,0.22182795748569062
886,4939.11,0.22215896440718885
887,4941.860000000001,0.22139027135394804
888,4944.6,0.21939587827544627
889,4947.34,0.2255613851969445
890,4950.08,0.22751359211844274
891,4952.83,0.2289742990652019
892,4955.570000000001,0.23068120598670014
893,4958.31,0.24082541290819837
894,4961.05,0.2581056198296966
895,4963.8,0.2671395267764558
896,4966.54,0.264921133697954
897,4969.28,0.24867614061945226
898,4972.03,0.2388301475662114
899,4974.77,0.23185435448770966
900,4977.51,0.2262973614092079
901,4980.25,0.2238122683307061
902,4983.0,0.22102767527746528
903,4985.74,0.22193448219896353
904,4988.4800000000005,0.21941738912046177
905,4991.22,0.21413769604196
906,4993.969999999999,0.21579040298871915
907,4996.71,0.2190546099102174
908,4999.45,0.22280951683171563
909,5002.19,0.22331112375321385
910,5004.94,0.24707563069997304
911,5007.68,0.2954063376214712
912,5010.42,0.3422012445429695
913,5011.87234,0.34842065573872427
914,5013.16,0.3539348521181047
915,5015.91,0.31758206046080817
916,5018.65,0.2689425687731745
917,5021.39,0.23522557708554087
918,5024.14,0.21316638542824431
919,5026.88,0.2060732937406107
920,5029.62,0.21108680205297706
921,5032.360000000001,0.2145964103653434
922,5035.110000000001,0.20878251870804687
923,5037.85,0.21568402702041323
924,5040.59,0.2180309353327796
925,5043.33,0.21323114364514595
926,5046.079999999999,0.2061799519878494
927,5048.820000000001,0.20760946030021576
928,5051.56,0.21220696861258212
929,5054.3,0.2151405769249485
930,5057.049999999999,0.21308128526765194
931,5059.79,0.21628149358001833
932,5062.53,0.21729510189238468
933,5065.2699999999995,0.21653791020475102
934,5068.0199999999995,0.21659071854745449
935,5070.759999999999,0.21810552685982085
936,5073.5,0.21965243517218722
937,5076.24,0.21633534348455358
938,5078.99,0.21278275182725706
939,5081.73,0.20879366013962342
940,5084.47,0.20588186845198975
941,5087.22,0.20852657679469322
942,5089.96,0.21151348510705958
943,5092.7,0.21198309341942595
944,5095.44,0.2120260017317923
945,5098.1900000000005,0.21685731007449577
946,5100.93,0.21540691838686213
947,5103.67,0.21387112669922848
948,5106.41,0.21129003501159485
949,5109.160000000001,0.2150973433542983
950,5111.900000000001,0.2161216516666647
951,5114.64,0.21453255997903103
952,5117.38,0.21418076829139737
953,5120.13,0.21119347663410085
954,5122.870000000001,0.2156416849464672
955,5125.610000000001,0.2155672932588336
956,5128.35,0.20893280157119992
957,5131.099999999999,0.2034923099139034
958,5133.839999999999,0.20501781822626977
959,5136.58,0.20305532653863612
960,5139.33,0.2044414348813396
961,5142.07,0.20763104319370593
962,5144.8099999999995,0.2052632515060723
963,5147.549999999999,0.20508215981843866
964,5150.3,0.20740686816114212
965,5153.04,0.20802567647350848
966,5155.78,0.20736468478587483
967,5158.5199999999995,0.20052749309824122
968,5161.27,0.20376960144094466
969,5164.01,0.20997780975331104
970,5166.75,0.2059674180656774
971,5169.49,0.20289552637804373
972,5172.24,0.1862977347207472
973,5174.9800000000005,0.17482064303311357
974,5177.72,0.17805285134547993
975,5180.46,0.1883463596578463
976,5183.21,0.19045786800054976
977,5185.950000000001,0.1952259763129161
978,5188.6900000000005,0.19603688462528246
979,5191.43,0.19502369293764885
980,5194.18,0.19990850128035229
981,5196.92,0.20278870959271866
982,5199.660000000001,0.20175421790508502
983,5202.41,0.2054443262477885
984,5205.15,0.20120993456015485
985,5207.889999999999,0.2024047428725212
986,5210.63,0.19820235118488758
987,5213.38,0.19442575952759103
988,5216.12,0.2011352678399574
989,5218.86,0.20507147615232374
990,5221.599999999999,0.2059036844646901
991,5224.349999999999,0.20648979280739357
992,5227.09,0.20816470111975993
993,5229.83,0.2028742094321263
994,5232.57,0.20374911774449264
995,5235.32,0.2002712260871961
996,5238.0599999999995,0.20048473439956246
997,5240.8,0.20518894271192883
998,5243.54,0.2066505510242952
999,5246.29,0.20482595936699866
1000,5249.03,0.20734346767936498
1001,5251.77,0.20707707599173136
1002,5254.52,0.20437778433443482
1003,5257.26,0.2035886926468012
1004,5260.0,0.20575420095916755
1005,5262.74,0.2084851092715339
1006,5265.490000000001,0.20744981761423736
1007,5268.2300000000005,0.20036742592660373
1008,5270.97,0.1958236342389701
1009,5273.71,0.19501324255133645
1010,5276.459999999999,0.19573795089403992
1011,5279.2,0.20207415920640628
1012,5281.9400000000005,0.20077306751877264
1013,5284.68,0.202351875831139
1014,5287.429999999999,0.20642598417384245
1015,5290.169999999999,0.20896489248620884
1016,5292.91,0.20763180079857518
1017,5295.65,0.21039460911094154
1018,5298.4,0.213156717453645
1019,5301.139999999999,0.21522622576601136
1020,5303.88,0.20928513407837773
1021,5306.62,0.2088800423907441
1022,5309.37,0.21179145073344754
1023,5312.11,0.2137009590458139
1024,5314.849999999999,0.21856516735818027
1025,5317.6,0.21852197570088372
1026,5320.34,0.21408488401325007
1027,5323.08,0.20753579232561645
1028,5325.82,0.20285330063798282
1029,5328.570000000001,0.2100847089806863
1030,5331.31,0.20493291729305263
1031,5334.05,0.201861225605419
1032,5336.79,0.20726933391778538
1033,5339.54,0.20820744226048882
1034,5342.280000000001,0.21054365057285518
1035,5345.02,0.21332785888522154
1036,5347.76,0.20851746719758787
1037,5350.51,0.20854887554029136
1038,5353.250000000001,0.21270908385265772
1039,5355.990000000001,0.21170659216502408
1040,5358.7300000000005,0.21864020047739044
1041,5361.48,0.22071950882009392
1042,5364.219999999999,0.22187171713246026
1043,5366.959999999999,0.21683732544482662
1044,5369.7,0.20893353375719298
1045,5372.45,0.20779164209989645
1046,5375.19,0.20354655041226283
1047,5377.929999999999,0.20672545872462916
1048,5380.68,0.21280486706733265
1049,5383.42,0.211279775379699
1050,5386.16,0.20929598369206534
1051,5388.9,0.2112908920044317
1052,5391.65,0.21015960034713516
1053,5394.39,0.21465040865950155
1054,5397.13,0.2099360169718679
1055,5399.87,0.20078422528423426
1056,5402.62,0.20350373362693772
1057,5405.360000000001,0.20233064193930406
1058,5408.1,0.19882145025167045
1059,5410.84,0.1993016585640368
1060,5413.59,0.19950376690674027
1061,5416.33,0.19696537521910662
1062,5419.070000000001,0.20011218353147298
1063,5421.81,0.20105109184383935
1064,5424.56,0.1995892001865428
1065,5427.3,0.20697070849890917
1066,5430.040000000001,0.21087491681127551
1067,5432.79,0.204357025153979
1068,5435.53,0.20007993346634534
1069,5438.2699999999995,0.1997814417787117
1070,5441.009999999999,0.20462435009107807
1071,5443.759999999999,0.21241045843378153
1072,5446.5,0.2111412667461479
1073,5449.24,0.20841077505851424
1074,5451.98,0.2070243833708806
1075,5454.73,0.20687449171358407
1076,5457.47,0.20546670002595044
1077,5460.21,0.2071522083383168
1078,5462.95,0.20543511665068315
1079,5465.7,0.19909862499338662
1080,5468.44,0.19619753330575299
1081,5471.18,0.20328034161811934
1082,5473.92,0.2087738499304857
1083,5476.67,0.20741865827318914
1084,5479.41,0.20517886658555554
1085,5482.15,0.20460307489792187
1086,5484.89,0.20658728321028824
1087,5487.64,0.20590399155299172
1088,5490.38,0.20760029986535805
1089,5493.12,0.20344040817772444
1090,5495.870000000001,0.20615991652042787
1091,5498.610000000001,0.21074682483279425
1092,5501.35,0.2079843331451606
1093,5504.09,0.20617124145752697
1094,5506.839999999999,0.20219194980023042
1095,5509.58,0.20362155811259677
1096,5512.320000000001,0.20813376642496317
1097,5515.06,0.2090512747373295
1098,5517.8099999999995,0.208165383080033
1099,5520.549999999999,0.20828289139239933
1100,5523.29,0.2078990997047657
1101,5526.03,0.20872070801713202
1102,5528.78,0.2087521163598355
1103,5531.5199999999995,0.20317362467220185
1104,5534.259999999999,0.20829383298456824
1105,5537.0,0.1988860412969346
1106,5539.75,0.20229884963963807
1107,5542.49,0.20580835795200442
1108,5545.23,0.21105656626437078
1109,5547.9800000000005,0.20196807460707422
1110,5550.72,0.2073015829194406
1111,5553.46,0.20193649123180696
1112,5556.2,0.2021285995441733
1113,5558.950000000001,0.20700280788687678
1114,5561.6900000000005,0.21228291619924314
1115,5564.43,0.2013925245116095
1116,5567.17,0.20083803282397586
1117,5569.92,0.2064375411666793
1118,5572.660000000001,0.20843234947904568
1119,5575.400000000001,0.20045395779141204
1120,5578.14,0.2092860661037784
1121,5580.889999999999,0.19946157444648185
1122,5583.63,0.20354718275884823
1123,5586.370000000001,0.2095525910712146
1124,5589.110000000001,0.19797959938358095
1125,5591.86,0.20273630772628443
1126,5594.599999999999,0.20268321603865078
1127,5597.339999999999,0.20159542435101713
1128,5600.08,0.1987796326633835
1129,5602.83,0.19779774100608694
1130,5605.57,0.20060324931845333
1131,5608.3099999999995,0.20348345763081968
1132,5611.0599999999995,0.20562696597352315
1133,5613.8,0.2062777742858895
1134,5616.54,0.20611798259825584
1135,5619.28,0.2081128909106222
1136,5622.03,0.20467769925332566
1137,5624.77,0.20281120756569204
1138,5627.51,0.2053607158780584
1139,5630.25,0.20543562419042474
1140,5633.0,0.20672573253312823
1141,5635.74,0.20611794084549456
1142,5638.4800000000005,0.20746214915786096
1143,5641.22,0.2058623574702273
1144,5643.97,0.20356846581293078
1145,5646.71,0.20261937412529712
1146,5649.450000000001,0.20365418243766348
1147,5652.1900000000005,0.20810239075002984
1148,5654.9400000000005,0.2037391990927333
1149,5657.68,0.20517940740509968
1150,5660.42,0.20856091571746602
1151,5663.160000000001,0.2044864240298324
1152,5665.91,0.19818193237253584
1153,5668.65,0.2011154406849022
1154,5671.389999999999,0.2039316489972686
1155,5674.139999999999,0.20204315733997202
1156,5676.88,0.20083806565233842
1157,5679.62,0.20482747396470474
1158,5682.36,0.2088810822770711
1159,5685.11,0.2079845906197746
1160,5687.849999999999,0.20480609893214094
1161,5690.59,0.2032276072445073
1162,5693.33,0.20273711555687365
1163,5696.08,0.19665662389957714
1164,5698.82,0.2037075322119435
1165,5701.56,0.19863034052430983
1166,5704.3,0.2035905488366762
1167,5707.05,0.19916335717937966
1168,5709.79,0.20111556549174603
1169,5712.53,0.20062507380411237
1170,5715.27,0.20024128211647874
1171,5718.02,0.20083809045918222
1172,5720.76,0.20112629877154856
1173,5723.5,0.20104110708391493
1174,5726.250000000001,0.20475261542661838
1175,5728.990000000001,0.20425142373898475
1176,5731.7300000000005,0.2088916320513511
1177,5734.47,0.20523314036371745
1178,5737.219999999999,0.20558464870642093
1179,5739.959999999999,0.20381425701878728
1180,5742.7,0.20447576533115366
1181,5745.4400000000005,0.20300397364352002
1182,5748.19,0.2049873819862235
1183,5750.929999999999,0.20676889029858983
1184,5753.67,0.2049130986109562
1185,5754.399369999999,0.2054725329375215
1186,5756.41,0.20701471635928517
1187,5759.16,0.20276883760784264
1188,5761.9,0.2033877587791326
1189,5764.639999999999,0.19809727995042256
1190,5767.38,0.20352680112171254
1191,5770.13,0.20459292237027
1192,5772.87,0.20398514354155997
1193,5775.61,0.20319606471284993
1194,5778.349999999999,0.1976602858841399
1195,5781.1,0.19853440713269735
1196,5783.84,0.2007426283039873
1197,5786.58,0.1988335494752773
1198,5789.33,0.19728637072383473
1199,5792.070000000001,0.1942465918951247
1200,5794.81,0.19575071306641467
1201,5797.55,0.20443363423770464
1202,5800.3,0.2025664554862621
1203,5803.040000000001,0.19944127665755204
1204,5805.780000000001,0.19681759782884203
1205,5808.52,0.205511019000132
1206,5811.2699999999995,0.20002794024868947
1207,5814.009999999999,0.20370816141997944
1208,5816.750000000001,0.2000496825912694
1209,5819.490000000001,0.19561250376255934
1210,5822.24,0.20310002501111682
1211,5824.98,0.2024922461824068
1212,5827.719999999999,0.20852976735369677
1213,5830.459999999999,0.20100998852498672
1214,5833.21,0.20455080977354417
1215,5835.95,0.20703633094483415
1216,5838.69,0.2033885521161241
1217,5841.44,0.20912667336468155
1218,5844.18,0.19915359453597153
1219,5846.92,0.20858311570726148
1220,5849.66,0.20264193687855148
1221,5852.41,0.20361215812710892
1222,5855.15,0.2043910792983989
1223,5857.89,0.19552730046968886
1224,5860.63,0.19816212164097882
1225,5863.38,0.1993883428895363
1226,5866.12,0.19885516406082623
1227,5868.860000000001,0.19072738523211621
1228,5871.6,0.20273820640340617
1229,5874.35,0.19603912765196366
1230,5877.09,0.19801264882325362
1231,5879.83,0.1958047699945436
1232,5882.570000000001,0.19661569116583355
1233,5885.320000000001,0.195143212414391
1234,5888.06,0.18921273358568097
1235,5890.8,0.17378905475697096
1236,5893.540000000001,0.17414117592826092
1237,5896.29,0.17947409717681836
1238,5899.03,0.18727161834810832
1239,5901.7699999999995,0.1840610395193983
1240,5904.5199999999995,0.18636466076795574
1241,5907.259999999999,0.19099418193924572
1242,5910.0,0.1953996031105357
1243,5912.74,0.19260522428182567
1244,5915.49,0.1955806455303831
1245,5918.23,0.20128756670167305
1246,5920.97,0.19885568787296304
1247,5923.71,0.19239200904425302
1248,5926.46,0.19221013029281048
1249,5929.2,0.19333035146410044
1250,5931.94,0.1896505726353904
1251,5934.68,0.18541609380668037
1252,5937.43,0.19386361505523783
1253,5940.17,0.1955278362265278
1254,5942.91,0.19702125739781778
1255,5945.650000000001,0.19041887856910775
1256,5948.400000000001,0.19085569981766518
1257,5951.14,0.19331992098895515
1258,5953.88,0.19460014216024513
1259,5956.62,0.1966909633315351
1260,5959.370000000001,0.19770378458009255
1261,5962.110000000001,0.20077600575138252
1262,5964.85,0.20065892692267248
1263,5967.599999999999,0.19619974817122993
1264,5970.339999999999,0.1953039693425199
1265,5973.08,0.19861079051380987
1266,5975.82,0.20121371168509983
1267,5978.57,0.19894123293365729
1268,5981.3099999999995,0.19908005410494725
1269,5984.049999999999,0.1977042752762372
1270,5986.79,0.1961790964475272
1271,5989.54,0.19460001769608468
1272,5992.28,0.19323483886737464
1273,5995.0199999999995,0.19657366003866458
1274,5997.759999999999,0.19638188120995456
1275,6000.51,0.193576102458512
1276,6003.25,0.193298923629802
1277,6005.99,0.19073914480109197
1278,6008.73,0.19267006597238193
1279,6011.4800000000005,0.19638158722093937
1280,6014.22,0.18917110839222934
1281,6016.96,0.18649392956351932
1282,6019.71,0.19580545081207676
1283,6022.450000000001,0.18892567198336674
1284,6025.1900000000005,0.1908778931546567
1285,6027.93,0.19143271432594666
1286,6030.68,0.18748563557450412
1287,6033.42,0.19445115674579408
1288,6036.160000000001,0.19160327791708406
1289,6038.900000000001,0.18985419908837403
1290,6041.65,0.19106972033693145
1291,6044.389999999999,0.19325654150822144
1292,6047.129999999999,0.1988034626795114
1293,6049.870000000001,0.19837688385080138
1294,6052.62,0.19761910509935884
1295,6055.36,0.1990167262706488
1296,6058.099999999999,0.1934701474419388
1297,6060.839999999999,0.18896906861322874
1298,6063.59,0.1908566898617862
1299,6066.33,0.19654211103307617
1300,6069.07,0.19844103220436615
1301,6071.8099999999995,0.19757715337565612
1302,6074.56,0.19206207462421357
1303,6077.3,0.19165699579550352
1304,6080.04,0.1942384169667935
1305,6082.79,0.19169933821535096
1306,6085.53,0.1944515593866409
1307,6088.27,0.19147568055793088
1308,6091.01,0.19054790172922084
1309,6093.76,0.1868675229777783
1310,6096.5,0.18403034414906827
1311,6099.24,0.18988646532035824
1312,6101.9800000000005,0.19427068649164822
1313,6104.7300000000005,0.19232890774020567
1314,6107.47,0.18870242891149563
1315,6110.21,0.1852572500827856
1316,6112.950000000001,0.19348147125407555
1317,6115.7,0.19201969250263304
1318,6118.4400000000005,0.19455851367392302
1319,6121.18,0.195998734845213
1320,6123.92,0.18821225601650296
1321,6126.669999999999,0.19363047726506039
1322,6129.41,0.19203059843635037
1323,6132.15,0.19381211960764033
1324,6134.9,0.19273434085619778
1325,6137.639999999999,0.19537986202748775
1326,6140.38,0.19143338319877773
1327,6143.12,0.18517230437006768
1328,6145.87,0.18233452561862512
1329,6148.61,0.1865053467899151
1330,6151.349999999999,0.19146556796120506
1331,6154.09,0.19211638913249504
1332,6156.84,0.1891293103810525
1333,6159.58,0.19061213155234247
1334,6162.32,0.1807563527236324
1335,6165.06,0.1811085738949224
1336,6167.81,0.18046809514347986
1337,6170.55,0.17598831631476983
1338,6173.29,0.17971113748605977
1339,6176.03,0.18930065865734974
1340,6178.780000000001,0.18799887990590722
1341,6181.52,0.1863244010771972
1342,6184.26,0.18711392224848716
1343,6187.0,0.18618604341977713
1344,6189.750000000001,0.19119896466833458
1345,6192.490000000001,0.18341248583962455
1346,6195.2300000000005,0.18463930701091452
1347,6197.98,0.18077762825947197
1348,6200.719999999999,0.18213244943076193
1349,6203.459999999999,0.18346597060205191
1350,6206.2,0.18252749177334188
1351,6208.95,0.1871243130218993
1352,6211.69,0.1903672341931893
1353,6214.429999999999,0.18722065536447927
1354,6217.17,0.18161027653576922
1355,6219.92,0.18603649778432665
1356,6222.66,0.18706061895561663
1357,6225.4,0.1811942401269066
1358,6228.139999999999,0.17538106129819658
1359,6230.89,0.17619128254675406
1360,6233.63,0.175124803718044
1361,6236.37,0.17365302488933396
1362,6239.11,0.18501314606062394
1363,6241.860000000001,0.1913380673091814
1364,6244.6,0.18794618848047137
1365,6247.34,0.18217570965176136
1366,6250.08,0.17825063082305131
1367,6252.83,0.17854885207160875
1368,6255.570000000001,0.18003167324289873
1369,6258.31,0.1897704944141887
1370,6261.06,0.17822881566274615
1371,6263.8,0.17918903683403611
1372,6266.540000000001,0.18413845800532608
1373,6269.280000000001,0.18842657917661607
1374,6272.03,0.18540760042517349
1375,6274.7699999999995,0.18452242159646348
1376,6277.509999999999,0.18319994276775345
1377,6280.250000000001,0.1851840639390434
1378,6283.0,0.18507698518760088
1379,6285.74,0.24373290635889083
1380,6288.48,0.2257172275301808
1381,6291.219999999999,0.18820284870147078
1382,6293.97,0.14235726995002823
1383,6296.71,0.14978139112131822
1384,6299.45,0.17105081229260818
1385,6302.19,0.18074703346389812
1386,6304.94,0.1938771547124556
1387,6307.68,0.19620267588374557
1388,6310.42,0.19681089705503554
1389,6313.17,0.19801571830359296
1390,6315.91,0.18322133947488295
1391,6318.650000000001,0.17729086064617292
1392,6321.39,0.17681108181746288
1393,6324.14,0.18163190306602034
1394,6326.88,0.1882774242373103
1395,6329.62,0.18284824540860026
1396,6332.360000000001,0.17739776657989023
1397,6335.110000000001,0.1819946878284477
1398,6337.85,0.18330690899973764
1399,6340.59,0.17984043017102763
1400,6343.33,0.1875952513423176
1401,6346.08,0.18333887259087506
1402,6348.82,0.191893593762165
1403,6351.56,0.185931114933455
1404,6354.3,0.18768063610474495
1405,6357.049999999999,0.18141895735330243
1406,6359.79,0.18435247852459238
1407,6362.53,0.18813929969588236
1408,6365.2699999999995,0.18360612086717235
1409,6368.0199999999995,0.18653904211572978
1410,6370.759999999999,0.17800596328701976
1411,6373.5,0.1772380844583097
1412,6376.25,0.18982430570686715
1413,6378.99,0.18411782687815714
1414,6381.73,0.1858246480494471
1415,6384.47,0.18391546922073707
1416,6387.22,0.18283779046929452
1417,6389.96,0.1861979116405845
1418,6392.7,0.18608073281187446
1419,6395.44,0.18433165398316442
1420,6398.1900000000005,0.18374457523172186
1421,6400.93,0.18797939640301184
1422,6403.67,0.18655021757430182
1423,6406.41,0.18264643874559178
1424,6409.160000000001,0.18650725999414924
1425,6411.900000000001,0.18437418116543922
1426,6414.64,0.18010770233672915
1427,6417.38,0.18072652350801913
1428,6420.129999999999,0.1843741447565766
1429,6422.870000000001,0.18863026592786658
1430,6425.610000000001,0.18257178709915656
1431,6428.36,0.187883308347714
1432,6431.099999999999,0.18101422951900395
1433,6433.839999999999,0.18212375069029393
1434,6436.58,0.1905291718615839
1435,6439.33,0.18212349311014134
1436,6442.07,0.18342501428143132
1437,6444.8099999999995,0.1817505354527213
1438,6447.549999999999,0.18234805662401127
1439,6450.3,0.1825609778725687
1440,6453.04,0.18844909904385868
1441,6455.78,0.18719062021514865
1442,6458.5199999999995,0.17943614138643862
1443,6461.27,0.18243306263499606
1444,6464.01,0.18071588380628603
1445,6466.75,0.172737404977576
1446,6469.49,0.18054552614886596
1447,6472.24,0.18325444739742344
1448,6474.9800000000005,0.18467336856871341
1449,6477.72,0.1859214897400034
1450,6480.46,0.19093501091129333
1451,6483.21,0.1894839321598508
1452,6485.950000000001,0.19381475333114076
1453,6488.6900000000005,0.18654027450243074
1454,6491.4400000000005,0.17269459575098817
1455,6494.18,0.17486011692227815
1456,6496.92,0.1749136380935681
1457,6499.660000000001,0.17806035926485808
1458,6502.41,0.17369738051341552
1459,6505.15,0.1691642016847055
1460,6507.889999999999,0.17635372285599546
1461,6510.629999999999,0.18089784402728545
1462,6513.38,0.18213476527584288
1463,6516.12,0.19160688644713286
1464,6518.86,0.19128710761842282
1465,6521.599999999999,0.1817086287897128
1466,6524.349999999999,0.18245485003827028
1467,6527.09,0.17970307120956022
1468,6529.83,0.18107919238085018
1469,6532.57,0.17929811355214015
1470,6535.32,0.17534033480069763
1471,6538.06,0.1811004559719876
1472,6540.8,0.18168737714327757
1473,6543.54,0.17898879831456752
1474,6546.29,0.18283911956312499
1475,6549.03,0.19515924073441496
1476,6551.77,0.21395406190570493
1477,6554.52,0.22679618315426237
1478,6557.26,0.23042300432555232
1479,6560.0,0.2747430254968423
1480,6562.740000000001,0.40714824666813226
1481,6565.490000000001,0.5881277679166897
1482,6568.2300000000005,0.6807784890879797
1483,6570.97,0.6263792102592697
1484,6573.71,0.45326023143055966
1485,6576.459999999999,0.29340945267911706
1486,6579.2,0.21311127385040704
1487,6581.94,0.20898349502169702
1488,6584.68,0.25022091619298703
1489,6587.429999999999,0.2961508374415444
1490,6590.17,0.3108603586128344
1491,6592.91,0.2795966797841244
1492,6595.65,0.22153850095541433
1493,6598.4,0.19520212220397182
1494,6601.139999999999,0.17667434337526178
1495,6603.88,0.17099986454655175
1496,6606.63,0.18256208579510919
1497,6606.93448,0.18182246844556016
1498,6609.37,0.17590628825604435
1499,6612.11,0.18522908837787785
1500,6614.849999999999,0.18029058849971139
1501,6617.6,0.17701548862198954
1502,6620.34,0.18751158874382304
1503,6623.08,0.18527178886565657
1504,6625.82,0.1829998889874901
1505,6628.570000000001,0.17734618910976824
1506,6631.31,0.18641298923160174
1507,6634.05,0.18001318935343524
1508,6636.79,0.17615198947526875
1509,6639.540000000001,0.1770368895975469
1510,6642.280000000001,0.17395438971938043
1511,6645.02,0.18567708984121395
1512,6647.76,0.18055728996304746
1513,6650.509999999999,0.18258359008532563
1514,6653.250000000001,0.18039699020715913
1515,6655.990000000001,0.17494649032899265
1516,6658.7300000000005,0.17661069045082617
1517,6661.48,0.17561829057310432
1518,6664.219999999999,0.18071709069493783
1519,6666.959999999999,0.18082389081677133
1520,6669.71,0.1738901909390495
1521,6672.45,0.175671591060883
1522,6675.19,0.17984239118271653
1523,6677.929999999999,0.17521319130455004
1524,6680.68,0.1778261914268282
1525,6683.42,0.1791489915486617
1526,6686.16,0.18390639167049522
1527,6688.9,0.18129329179232875
1528,6691.650000000001,0.1767275919146069
1529,6694.39,0.17440239203644042
1530,6697.13,0.17792249215827394
1531,6699.87,0.17879729228010743
1532,6702.62,0.17546889240238558
1533,6705.360000000001,0.1708610925242191
1534,6708.1,0.17298389264605263
1535,6710.84,0.17656799276788612
1536,6713.59,0.18835419289016428
1537,6716.33,0.2130475930119978
1538,6719.070000000001,0.2549569931338313
1539,6721.82,0.28288159325610945
1540,6724.56,0.272033793377943
1541,6727.3,0.24331949349977652
1542,6730.040000000001,0.23170369362161003
1543,6732.79,0.2412284937438882
1544,6735.53,0.24860999386572166
1545,6738.2699999999995,0.2462208939875552
1546,6741.009999999999,0.2235437941093887
1547,6743.759999999999,0.19937279423166687
1548,6746.5,0.18103699435350037
1549,6749.24,0.17762379447533388
1550,6751.98,0.17107459459716742
1551,6754.73,0.17201289471944556
1552,6757.47,0.1729409948412791
1553,6760.21,0.1720984949631126
1554,6762.95,0.17502129508494613
1555,6765.7,0.17226889520722427
1556,6768.44,0.17385839532905775
1557,6771.18,0.17992779545089127
1558,6773.92,0.1752559955727248
1559,6776.67,0.16998629569500295
1560,6779.41,0.16632779581683646
1561,6782.150000000001,0.17524519593867
1562,6784.900000000001,0.17230089606094814
1563,6787.64,0.17120229618278165
1564,6790.38,0.1677570963046152
1565,6793.12,0.17614129642644868
1566,6795.870000000001,0.17403949654872686
1567,6798.610000000001,0.17408229667056038
1568,6801.35,0.17133049679239384
1569,6804.09,0.17109599691422736
1570,6806.839999999999,0.16847159703650552
1571,6809.58,0.17553299715833906
1572,6820.76,0.17230109765545537
1573,6836.4800000000005,0.17268489835444178
1574,6852.240000000001,0.1734633990552068
1575,6868.04,0.16716999975775043
1576,6883.87,0.16909040046162796
1577,6899.73,0.17063740116683948
1578,6915.639999999999,0.1698373018742742
1579,6931.580000000001,0.1702105025830429
1580,6947.56,0.17176760329359017
1581,6963.58,0.17057330400591603
1582,6979.63,0.17291980471957583
1583,6995.719999999999,0.17014630543501422
1584,7011.849999999999,0.16586890615223124
1585,7028.01,0.17168250687078215
1586,7044.21,0.1669895075911117
1587,7060.450000000001,0.1661999083132198
1588,7076.73,0.16314910903710653
1589,7093.040000000001,0.16089870976232715
1590,7109.39,0.1612505104893264
1591,7125.780000000001,0.16013041121810423
1592,7142.21,0.15901021194866066
1593,7158.67,0.15972511268055103
1594,7175.18,0.15787961341466464
1595,7191.72,0.1521518141501122
1596,7208.290000000001,0.1517894148868937
1597,7224.91,0.1611331156258984
1598,7241.570000000001,0.15672771636668173
1599,7258.259999999999,0.15743191710879903
1600,7274.99,0.1633303178526949
1601,7291.76,0.15886121859836932
1602,7308.57,0.15920271934582236
1603,7325.42,0.15955452009505403
1604,7342.3099999999995,0.16362892084606426
1605,7359.23,0.16211442159840841
1606,7376.200000000001,0.16435422235297584
1607,7393.2,0.16059972310887718
1608,7410.24,0.16660522386655713
1609,7427.32,0.16354412462601564
1610,7444.45,0.16694642538769744
1611,7461.61,0.16732002615071315
1612,7478.81,0.16349032691550747
1613,7496.049999999999,0.16575182768208035
1614,7513.33,0.16383202845043185
1615,7530.65,0.16381042922056196
1616,7548.01,0.16607182999247064
1617,7565.41,0.16227463076615792
1618,7582.849999999999,0.16375703154162377
1619,7585.77575,0.16300719943916503
1620,7600.33,0.15927717742821076
1621,7617.85,0.15853073250860159
1622,7635.41,0.16183758771474668
1623,7653.01,0.16033334304664612
1624,7670.65,0.14824819850429988
1625,7688.34,0.1537949541191465
1626,7706.06,0.15166180982830887
1627,7723.82,0.1502539656632256
1628,7741.63,0.1519817216553352
1629,7759.48,0.1488458777731991
1630,7777.36,0.15021123398537875
1631,7795.29,0.1477900903547513
1632,7813.259999999999,0.15121414684987816
1633,7831.27,0.15365700347075936
1634,7849.33,0.15257936024883342
1635,7867.42,0.15432881712122326
1636,7885.56,0.15079827415080596
1637,7903.74,0.14532593130614296
1638,7921.96,0.14332078858723435
1639,7940.22,0.14329954599407999
1640,7958.52,0.14527330352667997
1641,7976.870000000001,0.14796096121647284
1642,7995.259999999999,0.14457971903202005
1643,8013.69,0.14792917697332153
1644,8032.160000000001,0.14790783504037738
1645,8050.68,0.1496038932646261
1646,8069.24,0.15027595161462912
1647,8087.839999999999,0.14684141009038648
1648,8106.4800000000005,0.14282046869189816
1649,8125.17,0.1447935274506027
1650,8143.9,0.1454441863350616
1651,8162.68,0.14211624537671338
1652,8181.49,0.1498286045126809
1653,8200.35,0.14740736380584132
1654,8219.25,0.14739672322475605
1655,8238.2,0.12689538280086368
1656,8257.19,0.14941274250272563
1657,8276.23,0.15008470236178045
1658,8295.31,0.14364216234658964
1659,8314.43,0.1368475224571531
1660,8333.6,0.14261818272490948
1661,8352.810000000001,0.14292744311842015
1662,8372.06,0.14095450363768516
1663,8391.36,0.13677316431414308
1664,8410.710000000001,0.14222372514779386
1665,8430.1,0.14187178610719897
1666,8449.529999999999,0.13703974719235842
1667,8469.0,0.14021870840327214
1668,8488.529999999999,0.13955736980281735
1669,8508.1,0.11213353132811692
1670,8527.71,0.13540839297917076
1671,8547.369999999999,0.11577105478741752
1672,8567.07,0.1372539167214186
1673,8586.82,0.13883257881261257
1674,8606.62,0.13074724106099941
1675,8626.460000000001,0.13720050343514062
1676,8646.34,0.1381393659350361
1677,8666.27,0.12481672859212449
1678,8686.25,0.13068359140640579
1679,8706.279999999999,0.13401125437787995
1680,8709.6359,0.1344253321312441
1681,8726.34,0.13648651532835948
1682,8746.460000000001,0.13367059648437116
1683,8766.63,0.13182537809057177
1684,8786.83,0.1377030599668857
1685,8807.09,0.13705234238342628
1686,8827.390000000001,0.13672212516011803
1687,8847.74,0.13084480838699863
1688,8868.14,0.12962889206406816
1689,8888.58,0.12637587610128878
1690,8909.07,0.12989586058869831
1691,8929.61,0.12898954552629674
1692,8950.2,0.12986423091408406
1693,8970.83,0.1263125166620225
1694,8991.5,0.12983280277011205
1695,9012.24,0.12031818950846605
1696,9033.01,0.11702257651693339
1697,9053.83,0.13652116397558964
1698,9074.710000000001,0.13463315197447254
1699,9095.619999999999,0.1191564402434688
1700,9116.59,0.12276182905269171
1701,9137.6,0.12473541822206576
1702,9158.67,0.1267410079316665
1703,9179.779999999999,0.12102399800141832
1704,9200.94,0.12699728852135905
1705,9222.16,0.11988267958152646
1706,9243.42,0.11959497100184499
1707,9264.72,0.12292316278231462
1708,9286.08,0.12519545510301094
1709,9307.49,0.11389944787389614
1710,9328.94,0.12690254100493248
1711,9350.45,0.12659323467619546
1712,9372.0,0.1245455287076096
1713,9393.61,0.1259750232792504
1714,9415.26,0.1236607182110423
1715,9436.97,0.12651931368306088
1716,9458.720000000001,0.12505820951523058
1717,9480.52,0.12736270579758918
1718,9502.380000000001,0.12387460262017447
1719,9524.289999999999,0.12386419989294863
1720,9546.24,0.11881909752587391
1721,9568.25,0.12354459569902587
1722,9590.31,0.12581659432236672
1723,9612.41,0.1246436933058587
1724,9634.57,0.12492129282957735
1725,9656.78,0.12375879280348491
1726,9679.039999999999,0.12344969322758134
1727,9701.35,0.12258589410186668
1728,9723.72,0.12116739551637869
1729,9746.14,0.12059139738107959
1730,9768.6,0.12085849960593162
1731,9791.119999999999,0.11945070237101033
1732,9813.69,0.1213815055862779
1733,9836.31,0.1202510092517344
1734,9858.99,0.12050721345741756
1735,9881.720000000001,0.11938741811328964
1736,9904.5,0.11882222321935058
1737,9927.33,0.11935572877560044
1738,9950.22,0.11961193487207697
1739,9973.15,0.11931364132870462
1740,9996.14,0.11874844832555893
1741,10000.0,0.11860909419125279
1742,10019.18,0.11791665622935744
1743,10065.44,0.11573027384576622
1744,10135.199999999999,0.11809920361058843
1745,10181.98,0.11699012592134507
1746,10228.99,0.11722505030844789
1747,10276.199999999999,0.11718287650106911
1748,10299.890000000001,0.11662839036472505
1749,10491.369999999999,0.11202241896805301
1750,10711.06,0.10686180223975303
1751,10910.19,0.10181809990416026
1752,11087.47,0.09723952031568094
1753,11293.599999999999,0.0950290311732326
1754,11481.5362,0.09405788315241176
1755,11503.56,0.09394425973722503
1756,11690.480000000001,0.09096932143885894
1757,11907.83,0.08728236087952945
1758,12101.310000000001,0.085300796349421
1759,12297.94,0.0835559464488875
1760,12497.769999999999,0.08091186204506504
1761,12700.84,0.07871276383166251
1762,12907.210000000001,0.07657346284924324
1763,13086.77,0.07483574690844176
1764,13182.5674,0.07369417372979072
1765,13299.41,0.0723027807218016
1766,13515.51,0.07034031520311229
1767,13703.529999999999,0.06874623053479224
1768,13894.169999999998,0.0659639029666158
1769,14087.460000000001,0.06286059326690523
1770,14316.359999999999,0.061863825565711426
1771,14515.52,0.06186887620105542
1772,14683.6,0.059503120854543165
1773,14887.859999999999,0.06005769210467053
1774,15094.970000000001,0.06020061634541212
1775,15135.6125,0.060336267729296664
1776,15304.960000000001,0.060904739316936206
1777,15482.19,0.060079544321999606
1778,15697.570000000002,0.05886039739253257
1779,15915.95,0.05661625478014046
1780,16100.25,0.05662453632577713
1781,16286.67,0.05611554278881341
1782,16513.24,0.055231876862035865
1783,16704.460000000003,0.05486174823239204
1784,16897.89,0.05387307854966007
1785,17093.57,0.05290259960473431
1786,17291.48,0.05065657050216759
1787,17378.0083,0.04996949294092894
1788,17491.72,0.049071063942696384
1789,17694.27,0.04689085508540072
1790,17899.16,0.04501479356147424
1791,18106.41,0.04272509105752694
1792,18316.07,0.04158760179008379
1793,18485.56,0.040108544966469664
1794,18699.600000000002,0.03824927506661499
1795,18916.13,0.03723499514970445
1796,19091.17,0.03657669636036339
1797,19312.24,0.035447629303921264
1798,19490.920000000002,0.03396296747759893
1799,19716.62,0.03291748087137019
1800,19899.06,0.03183099612772654
1801,19952.6231,0.03166887431468937
1802,20083.17,0.031283488609102995
1803,20315.73,0.03027404301488755
1804,20503.719999999998,0.029896471295518093
1805,20693.42,0.0291927714467794
1806,20884.91,0.028571466187765317
1807,21078.14,0.028091257569042193
1808,21322.22,0.0275060735243393
1809,21519.52,0.026926241989515133
1810,21718.62,0.02606831663430231
1811,21919.590000000004,0.025637328587907928
1812,22122.42,0.024936766260445255
1813,22275.75,0.02430302399367086
1814,22481.879999999997,0.023749126328828973
1815,22689.89,0.02315819756269226
1816,22899.84,0.02090786723458109
1817,22908.6765,0.020901664273490966
1818,23111.72,0.020784425301231823
1819,23325.58,0.01840988549257482
1820,23487.28,0.017409325669981355
1821,23704.59,0.01765975411186271
1822,23923.930000000004,0.01640889816203185
1823,24089.75,0.015873506569066807
1824,24312.66,0.015703112895879986
1825,24481.18,0.014699166890292789
1826,24707.71,0.014459399671294044
1827,24878.960000000003,0.012519707759611112
1828,25109.18,0.01238338684336209
1829,25283.21,0.012457273203127457
1830,25517.170000000002,0.012375332767172195
1831,25694.03,0.012573751575929895
1832,25872.15,0.01240195765879726
1833,26111.550000000003,0.012420989739632914
1834,26292.53,0.012183996778019032
1835,26302.679900000003,0.012180309993511792
1836,26474.769999999997,0.012136473562051633
1837,26719.750000000004,0.012023774177151083
1838,26904.98,0.011959649510585934
1839,27091.46,0.01187563791267486
1840,27279.239999999998,0.011750854986164018
1841,27531.659999999996,0.011698252489892494
1842,27722.489999999998,0.01156090733089759
1843,27914.67,0.011511234446049077
1844,28108.149999999998,0.0114027762326008
1845,28302.999999999996,0.011338478134397385
1846,28499.18,0.011237681469241902
1847,28696.739999999998,0.01114116183988051
1848,28895.64,0.011105117564116286
1849,29095.95,0.011034105085793854
1850,29297.620000000003,0.010948156802167049
1851,29500.72,0.010883891157080501
1852,29705.2,0.010840321547788048
1853,29911.120000000003,0.010764896497585087
1854,30118.44,0.010727031324274681
1855,30199.5172,0.010706785864986926
1856,30327.199999999997,0.01068201601310739
1857,30467.2,0.010662252205722502
1858,30678.38,0.010675314358125784
1859,30891.05,0.010673904681364752
1860,31105.16,0.010674519787156335
1861,31320.79,0.010692672496753455
1862,31465.350000000002,0.010664495500785173
1863,31683.44,0.01067052271390967
1864,31903.079999999998,0.01069356296380955
1865,32124.199999999997,0.010732841906888503
1866,32272.51,0.010769593032150984
1867,32496.19,0.010929165255323472
1868,32721.429999999997,0.011288686992927954
1869,32872.49,0.012213495473759661
1870,33100.329999999994,0.01222858440208414
1871,33329.79,0.011272665710780309
1872,33483.619999999995,0.01089717250249447
1873,33715.71,0.010770586434880481
1874,33871.36,0.01066993516009864
1875,34106.12,0.01064748362680095
1876,34263.54,0.010605649897240029
1877,34501.06,0.01061408419716818
1878,34660.3,0.010577332401111257
1879,34673.685,0.010578078871285777
1880,34900.57,0.010587044754528204
1881,35061.659999999996,0.010564073313652455
1882,35304.67,0.01056696448382307
1883,35467.659999999996,0.010559430919180084
1884,35713.5,0.010578047273423714
1885,35878.37,0.010563322954737362
1886,36127.05,0.010586366808192072
1887,36293.79,0.010575544420324282
1888,36461.34,0.01056656655863993
1889,36714.060000000005,0.010595830727873783
1890,36883.51,0.0105712447424222
1891,37139.2,0.010605099507662
1892,37310.61,0.010613145289271587
1893,37482.82,0.010595295281926546
1894,37742.659999999996,0.01066208882946423
1895,37916.86,0.010665790534594558
1896,38091.86,0.010671227450770262
1897,38267.72,0.010686844468819743
1898,38532.96,0.010733461190913706
1899,38710.85,0.010743769181990824
1900,38889.520000000004,0.010755588753837187
1901,39069.01,0.010768934167005056
1902,39339.840000000004,0.010830656051278573
1903,39521.42,0.01083935532830248
1904,39703.82,0.0108649454466479
1905,39810.7171,0.010872007467253331
1906,39887.12,0.010869506630563451
1907,40071.22,0.010879452988545136
1908,40256.17,0.010890642156707613
1909,40535.23,0.010919918402652037
1910,40722.32,0.010940460587034403
1911,40910.270000000004,0.010955100908776159
1912,41099.090000000004,0.010970778695055907
1913,41288.83,0.010994121581766632
1914,41479.4,0.01100526062430096
1915,41670.84,0.011024050131373274
1916,41863.219999999994,0.011043791393233762
1917,42056.43,0.011064663810917854
1918,42347.93,0.011131037067037684
1919,42543.439999999995,0.011147766735799222
1920,42739.79,0.011177470887562959
1921,42937.060000000005,0.011156065139757672
1922,43135.28,0.011132523473919156
1923,43334.37,0.011193323272618632
1924,43534.38,0.011179018171749083
1925,43735.350000000006,0.011198738480024908
1926,43937.21,0.011229846907195916
1927,44140.0,0.011232039761976502
1928,44343.729999999996,0.011275184371545257
1929,44548.439999999995,0.01130926904461658
1930,44651.13,0.01129116884163526
1931,44857.22,0.011350351665353052
1932,45064.3,0.011382131879752006
1933,45272.29,0.011410480867403336
1934,45481.25,0.011466564591378636
1935,45691.16,0.011514219397320707
1936,45708.818999999996,0.011516085463660694
1937,45902.1,0.011514208085863406
1938,46113.96,0.011555878128404518
1939,46326.799999999996,0.011572375156698912
1940,46540.670000000006,0.011593682037366656
1941,46647.95,0.011604518457378976
1942,46863.25,0.01162667012338059
1943,47079.54,0.011649357948459496
1944,47296.89,0.01168859414588379
1945,47515.19,0.011708197809089325
1946,47734.490000000005,0.011740178804696171
1947,47954.86,0.011768552345972412
1948,48065.4,0.011765803269613
1949,48287.240000000005,0.011810177289519167
1950,48510.11,0.011836107161798679
1951,48734.06,0.011862484753071603
1952,48846.39,0.011868551701710531
1953,49071.84,0.01189941629158542
1954,49298.33,0.011934239907157671
1955,49525.92,0.011962475588371357
1956,49754.509999999995,0.012005115601986352
1957,49869.19,0.012009133281768353
1958,50099.42,0.012043808720521493
1959,50330.649999999994,0.012078809491675939
1960,50446.66,0.012083009223551683
1961,50679.5,0.012121986899872237
1962,50796.32,0.012140014670993038
1963,50913.46,0.012161312988482255
1964,51030.82,0.012176260119099763
1965,51148.45,0.012191264929465623
1966,51266.350000000006,0.012206434419579837
1967,51384.52,0.0122248635894424
1968,51502.97,0.012243460612377334
1969,51621.75000000001,0.0122621283550047
1970,51740.74,0.012284041737436337
1971,51860.0,0.01229972079961633
1972,51979.54,0.012318767714868688
1973,52099.36,0.012337768483193411
1974,52219.45,0.012356934931266488
1975,52339.82,0.012373068232411931
1976,52460.53,0.01239546242657382
1977,52480.746,0.012399214028322579
1978,52581.45,0.012403934339076446
1979,52702.66,0.012409731039439435
1980,52824.14,0.012409363969809004
1981,52945.9,0.012409230916481696
1982,53067.950000000004,0.012412107665754055
1983,53190.33,0.012415010362812236
1984,53312.939999999995,0.012420918144690839
1985,53435.829999999994,0.012426847942872568
1986,53559.0,0.012429918757357421
1987,53682.46,0.012435999374441937
1988,53806.200000000004,0.01243911600782958
1989,53930.23,0.012445241443816884
1990,54054.6,0.01245139461388655
1991,54179.2,0.012454684868776641
1992,54304.090000000004,0.012457997926266399
1993,54429.26,0.012464214000059278
1994,54554.72,0.012473332876451821
1995,54680.479999999996,0.01247682034174057
1996,54806.520000000004,0.012483104823332442
1997,54932.91,0.01248952282530322
1998,55059.54,0.012495852698390958
1999,55186.450000000004,0.012505085587781822
2000,55313.66,0.01251711406606889
2001,55441.159999999996,0.012523619346955622
2002,55568.96,0.012527268216738555
2003,55697.11,0.012536598606900397
2004,55825.5,0.0125459468681792
2005,55954.17999999999,0.012555317932057665
2006,56083.16,0.01256471258483234
2007,56212.43,0.012576798040206671
2008,56342.01,0.012583465870773752
2009,56471.88,0.012595704503940496
2010,56602.11,0.012610744443782684
2011,56732.579999999994,0.012620257254741838
2012,56863.36,0.012632459440893733
2013,56994.42999999999,0.012644792429645293
2014,57125.81,0.0126628027935896
2015,57257.48,0.012677955960133564
2016,57389.530000000006,0.01269324500594606
2017,57521.82000000001,0.012708447922875517
2018,57654.41,0.012726659428701173
2019,57787.31,0.01274489630971958
2020,57920.509999999995,0.01276614277963419
2021,58054.02,0.012784534624741542
2022,58187.84,0.012805935845041638
2023,58322.03,0.01283355415831372
2024,58456.469999999994,0.012855218128999304
2025,58591.21,0.012883199688581096
2026,58726.27,0.012911312409652173
2027,58861.64,0.012942862505915989
2028,58997.32,0.01297806497737255
2029,59085.89,0.013257561205828534
2030,59394.920000000006,0.01264571312780835
2031,59703.939999999995,0.012735067263491625
2032,60012.95,0.013421015612878362
2033,60255.9586,0.0134160504792021
2034,60321.98,0.013409359710398541
2035,60631.00000000001,0.01367254688348912
2036,60940.02,0.013449763056579696
2037,61249.05,0.014978012206861822
2038,61558.07,0.0168513263799524
2039,61867.08,0.017874725575851434
2040,62176.11,0.01843647172613356
2041,62485.13,0.017806221899224133
2042,62794.15,0.016679762072314717
2043,63103.170000000006,0.015462315245405292
2044,63412.2,0.014796758395687414
2045,63721.22,0.014864641568777995
2046,64030.240000000005,0.015016361741868576
2047,64339.259999999995,0.014384512914959154
2048,64648.29,0.013927596065241275
2049,64957.3,0.01372113326114031
2050,65266.32,0.013626561434230888
2051,65575.34999999999,0.01377081558451301
2052,65884.37,0.01369981775760359
2053,66193.39,0.013883751930694167
2054,66502.42,0.013662142080976294
2055,66811.43,0.013461331276875326
2056,67000.0,0.013615619256422577
2057,67120.45,0.013710982853884484
2058,67429.48,0.013901990249936288
2059,67738.5,0.014416195933520178
2060,68047.53,0.013911312329571986
2061,68356.55,0.014085360013155874
2062,68665.57,0.013765968696739761
2063,68974.59,0.01344263138032365
2064,69242.2916,0.013765740752088905
2065,69283.61,0.01381279752486937
2066,69592.63,0.014493800771341105
2067,69901.65000000001,0.014904939017812842
2068,70210.67,0.01391288126428458
2069,70519.7,0.013309727542283286
2070,70828.72,0.013981983788755023
2071,71137.74,0.01373712303522676
2072,71446.77,0.013988900313225468
2073,71559.6261,0.013803523628755815
2074,71755.78,0.013469194482062755
2075,72064.81,0.014311781670737246
2076,72373.83,0.013655922446177141
2077,72682.84999999999,0.014740004221617036
2078,72991.88,0.015324459410291525
2079,73300.89,0.014860068772496824
2080,73609.91,0.01456751554793672
2081,73918.94,0.014970637736611211
2082,73954.515,0.014944264757471595
2083,74227.96,0.014682847711126101
2084,74536.98,0.015208858492995653
2085,74846.0,0.015215295274865197
2086,75134.8,0.015548643298500963
2087,75155.03,0.01615410032318293
2088,75464.05,0.016622299105052474
2089,75754.06,0.01634708836891885
2090,75773.07,0.016149057886922016
2091,76373.34,0.01603747597223311
2092,76429.5536,0.01601453278965177
2093,76992.61,0.015646451637294948
2094,77611.89,0.014817718348757305
2095,78231.16,0.01426718124954094
2096,78850.45,0.013323242771682012
2097,78987.42450000001,0.013036059023030172
2098,79469.72,0.011994183665290353
2099,80088.98999999999,0.011199341136846595
2100,80708.26999999999,0.010160118782873925
2101,81327.54000000001,0.009698928254430144
2102,81630.8998,0.009232175091019371
2103,81946.81,0.008763029432503833
2104,82566.09,0.008665553924751147
2105,83185.36,0.008124886707004718
2106,83804.65,0.007736205909245775
2107,84362.84430000001,0.007729497682583068
2108,84423.92,0.007745683741427452
2109,85043.2,0.007571876894359435
2110,85662.47,0.00770538056695695
2111,86281.75,0.007341602719888932
2112,86901.01999999999,0.006838733392486451
2113,87186.21900000001,0.006507027927143591
2114,87520.29000000001,0.006167081866918754
2115,88139.57,0.005442304157418058
2116,88758.84,0.005102700512778322
2117,89378.11,0.004866030868138585
2118,89997.39,0.004768664158637888
2119,90104.0836,0.004682185600077691
2120,90616.66,0.004295924844214219
2121,91235.95,0.004050954601900213
2122,91855.22,0.0036795991500153183
2123,92474.5,0.0036831524029158685
2124,93093.76999999999,0.003813181451030978
2125,93119.6005,0.0038015047047498477
2126,93713.04000000001,0.0036246350344908873
2127,94332.32,0.0037223373450490085
2128,94951.59,0.0037653203107112735
2129,95570.87,0.0037612313212693946
2130,96190.14,0.00379889158693166
2131,96236.03790000001,0.0038059265843236076
2132,96809.41,0.003939119328951957
2133,97428.7,0.0037518300983734702
2134,98047.98,0.0038973070326762276
2135,98667.25,0.003824095931860229
2136,99286.53000000001,0.003839642366162988
2137,99456.7731,0.003822619336968277
2138,99905.76000000001,0.003795788413567948
2139,100525.08,0.00397905030199077
2140,101144.31,0.003995005353314906
2141,101763.65000000001,0.00416378431664855
2142,102382.89,0.004258492205428094
2143,102785.297,0.004306881425236212
2144,103002.21,0.004331097657194001
2145,103621.45999999999,0.004455899566997504
2146,104240.68999999999,0.0045262141740731975
2147,104860.01,0.0045729873434240354
2148,105479.25,0.004830107701863635
2149,106098.59,0.0049592719739422805
2150,106225.216,0.0049605981916949204
2151,106717.82,0.004979370269998731
2152,107337.05,0.005136033992649923
2153,107956.38,0.005151698992374683
2154,108575.62,0.005430070842733231
2155,109194.95,0.00564905204245799
2156,109780.26,0.00593930515950169
2157,109814.18,0.005956079427399655
2158,110433.51,0.0061663179160500615
2159,111052.75,0.00666304967881285
2160,111671.98000000001,0.007669111027588127
2161,112291.31000000001,0.008643826516238535
2162,112910.54000000001,0.008554532865013809
2163,113454.28,0.00788056259840798
2164,113529.88,0.007786633391510312
2165,114149.11,0.0072818662855495
2166,114768.44,0.006954392025315485
2167,115387.67,0.006774316919354673
2168,116006.90000000001,0.0067088008133938636
2169,116626.25,0.006622608322305204
2170,117245.48000000001,0.006691065216344394
2171,117251.259,0.006692306288182316
2172,117864.79999999999,0.006824836600858305
2173,118484.03,0.006833270654968623
2174,119103.37,0.007043105077255469
2175,119722.61,0.007123539528472746
2176,120341.84,0.007133785582583062
2177,120961.18000000001,0.007158768004869909
2178,121175.312,0.007169758355483979
2179,121580.41,0.007180847210191395
2180,122199.73,0.007331696975070979
2181,122818.97,0.007430365479243351
2182,123438.21,0.007587060983415724
2183,124057.54,0.0075813139058837084
2184,124676.77,0.00779496825246768
2185,125230.691,0.007883607349038795
2186,125296.1,0.007892902032725633
2187,125915.34,0.008106020633686808
2188,126534.67,0.008209175040125808
2189,127153.9,0.00851839866270056
2190,127773.14,0.009129915263661737
2191,128392.47,0.008938244670100737
2192,129011.70000000001,0.00817824529267549
2193,129421.79100000001,0.00798238127178303
2194,129631.03,0.007875070690891852
2195,130250.26000000001,0.00778962515690639
2196,130869.5,0.007801918548805751
2197,131488.83,0.007825065573668537
2198,132108.06,0.007892398139683076
2199,132727.41,0.007918340916315512
2200,133346.63,0.007857982756445224
2201,133753.155,0.007913526534600323
2202,133965.94999999998,0.007936132553680794
2203,134585.2,0.008067085310326443
2204,135204.44,0.007998529445055958
2205,135823.77,0.008035159977030686
2206,136442.97999999998,0.008011498946011796
2207,137062.33,0.007983532921818793
2208,137681.56,0.00798866163463217
2209,138229.477,0.007947879195924077
2210,138300.91,0.007940986177196173
2211,138920.12,0.007986926188740301
2212,139539.36000000002,0.008041709204097913
2213,140158.69,0.007961602930895973
2214,140777.94,0.007960215447524744
2215,141397.25,0.00809031617178048
2216,142016.48,0.008029899485866932
2217,142635.81,0.00797205441266499
2218,142855.609,0.007956315496874899
2219,143255.06,0.007914782231337878
2220,143874.28,0.007947675540675539
2221,144493.63,0.007918272858448353
2222,145026.48,0.007887903578986406
2223,145940.92,0.00787105186697893
2224,146855.44999999998,0.007826262253118868
2225,147636.563,0.007811083861641493
2226,147769.91,0.007808777969712496
2227,148684.34,0.007784922649171745
2228,149598.78,0.007752726027596243
2229,150513.31,0.007741914196708002
2230,151427.77000000002,0.007704468973063003
2231,152342.19,0.007716752553557
2232,152577.522,0.007708694919087102
2233,153256.73,0.007683524970504766
2234,154171.16999999998,0.007709913429870263
2235,155085.59,0.008006808147672413
2236,156000.05,0.008027478748601257
2237,156914.59,0.00769501831578349
2238,157683.84,0.007629819708949699
2239,157829.03,0.007618186132241474
2240,158743.45,0.00762322985735481
2241,159658.0,0.007623652504464895
2242,160572.44,0.007593495963731577
2243,161486.88,0.00758135532299826
2244,162401.41,0.007629959635954998
2245,162961.05099999998,0.00771422313935521
2246,163315.84,0.0077662428097214735
2247,164230.28,0.007918301421159117
2248,165144.72999999998,0.00783552341021707
2249,166059.28,0.007692828875478099
2250,166973.68999999997,0.007676792954054819
2251,167888.13999999998,0.00765368404311277
2252,168414.875,0.007643316164862264
2253,168802.58000000002,0.007640949341885298
2254,169717.13,0.007742949406864203
2255,170631.56,0.007808246810968583
2256,171546.02000000002,0.007693267055291593
2257,172460.55,0.007639545393458076
2258,173374.98,0.007666133497562453
2259,174051.222,0.007621633793355504
2260,174289.41999999998,0.007606405597886042
2261,175203.95,0.007508253580418016
2262,176118.38999999998,0.007435477773671971
2263,177032.83,0.007458659166925924
2264,177947.27000000002,0.0074303206601798785
2265,178861.8,0.007386803042711854
2266,179776.25,0.00734056586810781
2267,179876.201,0.007333388794416044
2268,180690.67,0.007269386727427508
2269,181605.2,0.007273293884996537
2270,182519.66,0.0072584392918509585
2271,183434.09000000003,0.007233334505541977
2272,184348.63,0.007226692227498808
2273,185263.06000000003,0.007221576841189827
2274,185896.125,0.007375498397825212
2275,186177.52,0.007447455218565472
2276,187091.94,0.00790046386636197
2277,188006.47999999998,0.007556589196122699
2278,188920.92,0.007288384024246568
2279,189835.34,0.007197191672043065
2280,190749.91,0.0072230759722948555
2281,191664.34,0.007165824710255037
2282,192117.51799999998,0.007153215355878562
2283,192578.77000000002,0.007136851760208053
2284,193493.19999999998,0.007131738905937105
2285,194407.77000000002,0.007143552742651144
2286,195322.19,0.00714253597473841
2287,196236.64,0.007120174947751032
2288,197151.19,0.007096746357181501
2289,198065.59,0.007108721861985199
2290,198547.123,0.007100418219992499
2291,198980.05000000002,0.007093290659230854
2292,199894.47999999998,0.007083334240952245
2293,200809.03,0.0070605341800381236
2294,201723.45,0.007064060440312477
2295,202637.91,0.007064546386374991
2296,203552.44,0.007036573282566788
2297,204649.58,0.007015912223164548
2298,205191.907,0.0070218279927433775
2299,206410.16,0.007022541691501791
2300,208171.80000000002,0.006966967537725899
2301,209934.36,0.006935931060575495
2302,211698.0,0.006903979051637623
2303,212059.073,0.006900829100664121
2304,213462.66,0.00689044383742345
2305,215228.41,0.006833902093847496
2306,216995.05,0.006822806451273507
2307,218762.78,0.006794092639140124
2308,219156.062,0.006787203827802902
2309,220531.52999999997,0.00676381107710047
2310,222301.36000000002,0.006726042880626592
2311,224072.19999999998,0.006709122077000933
2312,225844.02999999997,0.006676537193097784
2313,226490.56699999998,0.00666739016834226
2314,227616.93999999997,0.006638160053256857
2315,229390.87,0.006595771071129761
2316,231165.8,0.006531263542355318
2317,232941.80999999997,0.006483909415201742
2318,234070.535,0.006460418842508857
2319,234718.84,0.006448265041747934
2320,236496.94,0.00639192597869731
2321,238276.16,0.006344101503706629
2322,240056.36,0.006292848868268397
2323,241837.56,0.006252428750740828
2324,241904.18300000002,0.006250160789562799
2325,243619.88,0.006187470140286157
2326,245403.17,0.0061441838998361475
2327,247187.69000000003,0.006085129306184609
2328,248973.08,0.006047383148073454
2329,250000.0,0.006020786982744041
2330,250759.55000000002,0.0060006456360900675
2331,252547.13999999998,0.005941090963865065
2332,254335.83,0.005894464173458909
2333,256125.52000000002,0.005843818784706249
2334,257916.28,0.005811478253722834
2335,259708.16,0.005775328920591333
2336,261501.13,0.005686934661262146
2337,263295.12,0.005618051719619524
2338,265090.16,0.005551677019713076
2339,266886.34,0.005497610233691613
2340,268683.5,0.005454384033290579
2341,270481.88,0.005396060910906811
2342,272281.22,0.005342253858110401
2343,274081.66000000003,0.005294227987132834
2344,275422.87,0.005245903024748097
2345,275883.22000000003,0.005230010506853069
2346,277685.88,0.005186729159852903
2347,279489.63,0.005144249630576414
2348,281294.44,0.00514771394972846
2349,283100.37,0.005083584855899332
2350,284907.44,0.004990069595285798
2351,286715.56,0.004932482560002414
2352,288524.78,0.004882160965541093
2353,290335.13,0.004837695981196982
2354,292146.52999999997,0.004792231422183023
2355,293959.06,0.004733540873286273
2356,295772.69,0.0046878650652115855
2357,297587.5,0.00464388468274602
2358,299403.41,0.004593825841102519
2359,301220.31,0.004537488886198872
2360,303038.41,0.004491380103101114
2361,304857.59,0.004445166714628652
2362,306678.02999999997,0.004392689036552374
2363,308499.44,0.004342509899019184
2364,310322.02999999997,0.00428796748709512
2365,312145.81,0.004243952023878557
2366,313970.58999999997,0.004184922370500235
2367,315796.58999999997,0.004151928035124564
2368,316227.766,0.004142495746041812
2369,317623.75,0.0041184830833968615
2370,319451.91000000003,0.004068588141107488
2371,321281.31000000006,0.004027144559377124
2372,323111.91000000003,0.003991518658832903
2373,324943.52999999997,0.003941906782296899
2374,326776.27999999997,0.00390645549804451
2375,328610.27999999997,0.003866804644194349
2376,330445.44,0.0038425191921574557
2377,332281.69,0.0038539203530313054
2378,334119.06,0.004117817536345553
2379,335957.59,0.004090329221473068
2380,337797.38,0.0037125091068460304
2381,339638.27999999997,0.0036231957448161728
2382,341480.34,0.00357595678459958
2383,343323.5,0.003530324607136951
2384,345167.91,0.003542017960076551
2385,347013.47,0.0037544842449861995
2386,348860.19,0.003966262331709117
