Wavelength,FluxDensity
88.07505,0.0
90.97862,0.0
92.91433,0.0
94.85005,0.0
96.78577,0.0
98.72147,0.0
100.657196,0.0
102.59291,0.0
104.528625,0.0
106.46434,0.0
110.33577,0.0
114.20721,0.0
117.11078,0.0
120.9822,0.0
122.91792,0.0
123.88578,0.0
126.78935,0.0
127.7572,0.0
129.69292,0.0
132.5965,0.0
135.50008,0.0
138.40366,0.0
142.27507,0.0
146.1465,0.0
150.01794,0.0
153.88936,0.0
156.79294,0.0
160.66437,0.0
164.5358,0.0
167.43938,0.0
171.31079,0.0
174.21437,0.0
176.1501,0.0
180.02151,0.0
184.86081,0.0
187.76439,0.0
191.6358,0.0
195.50725,0.0
198.41081,0.0
203.25009,0.0
209.05725,0.0
212.92868,0.0
215.83224,0.0
219.70369,0.0
222.60725,0.0
226.47868,0.0
232.28583,0.0
238.09297,0.0
243.90012,0.0
248.73941,0.0
251.64299,0.0
255.5144,0.0
260.3537,0.0
265.193,0.0
270.0323,0.0
274.87158,0.0
280.6787,0.0
286.48587,0.0
291.32516,0.0
298.10016,0.0
307.77872,0.0
317.4573,0.0
327.1359,0.0
336.81445,0.0
345.52518,0.0
354.23587,0.0
362.9466,0.0
372.6252,0.0
382.30377,0.0
391.98233,0.0
400.69305,0.0
408.4359,0.0
416.1788,0.0
426.8252,0.0
436.5038,0.0
445.2145,0.0
454.8931,0.0
464.57166,0.0
474.25024,0.0
483.9288,0.0
489.73596,0.0
495.54312,0.0
503.28598,0.0
512.96454,0.0
522.6431,0.0
532.3217,0.0
542.0003,0.0
551.67883,0.0
561.3574,0.0
571.036,0.0
580.71454,0.0
590.3932,0.0
600.0718,0.0
609.7503,0.0
619.4289,0.0
629.1075,0.0
636.85034,0.0
643.6253,0.0
653.3039,0.0
662.9824,0.0
672.6611,0.0
682.33966,0.0
692.9861,0.0
702.6646,0.0
711.37537,0.0
721.0539,0.0
730.7325,0.0
740.4111,0.0
750.08966,0.0
759.76825,0.0
769.44684,0.0
779.12537,0.0
788.80396,0.0
798.48254,0.0
808.1611,0.0
817.83966,0.0
827.5183,0.0
837.19684,0.0
846.8754,0.0
856.554,0.0
866.23254,0.0
875.91113,0.0
885.5897,0.0
895.26825,0.0
904.9469,0.0
914.6255,0.0
924.304,0.0
933.9826,0.0
943.6612,0.0
953.3397,0.0
963.0183,0.0
972.6969,0.0
982.3755,0.0
992.0541,0.0
1001.73267,0.0
1011.41125,0.0
1021.0898,0.0
1030.7684,0.0
1040.447,0.0
1050.1255,0.0
1059.8041,0.0
1069.4827,0.0
1079.1613,0.0
1088.8397,0.0
1098.5184,0.0
1108.197,0.0
1117.8756,0.0
1127.5542,0.0
1137.2328,0.0
1146.9113,0.0
1156.5898,0.0
1166.2684,0.0
1169.8689,0.0
1169.9463,0.0
1170.014,0.0
1170.0817,0.0
1170.1593,0.0
1170.2269,0.0
1170.2948,0.0
1170.3625,0.0
1170.44,0.0
1170.5077,0.0
1170.5753,0.0
1170.6528,0.0
1170.7206,0.0
1170.7885,0.0
1170.8657,0.0
1170.9335,0.0
1171.0012,0.0
1171.069,0.0
1171.1465,0.0
1171.2142,0.0
1171.282,0.0
1171.3594,0.0
1171.427,0.0
1171.4949,0.0
1171.5626,0.0
1171.6401,0.0
1171.7078,0.0
1171.7755,0.0
1171.8529,0.0
1171.9207,0.0
1171.9885,0.0
1172.0659,0.0
1172.1338,0.0
1172.2014,0.0
1172.2692,0.0
1172.3466,0.0
1172.4143,0.0
1172.482,0.0
1172.5596,0.0
1172.6272,0.0
1172.6951,0.0
1172.7723,0.0
1172.8402,0.0
1172.9078,0.0
1172.9757,0.0
1173.0531,0.0
1173.1208,0.0
1173.1887,0.0
1173.266,0.0
1173.3339,0.0
1173.4015,0.0
1173.4692,0.0
1173.5468,0.0
1173.6145,0.0
1173.6823,0.0
1173.7596,0.0
1173.8274,0.0
1173.8951,0.0
1173.9725,0.0
1174.0404,0.0
1174.108,0.0
1174.1759,0.0
1174.2532,0.0
1174.3209,0.0
1174.3888,0.0
1174.4662,0.0
1174.534,0.0
1174.6017,0.0
1174.6791,0.0
1174.7468,0.0
1174.8146,0.0
1174.8823,0.0
1174.9598,0.0
1175.0276,0.0
1175.0953,0.0
1175.1727,0.0
1175.2405,0.0
1175.3081,0.0
1175.376,0.0
1175.4534,0.0
1175.5212,0.0
1175.589,0.0
1175.6663,0.0
1175.734,0.0
1175.8018,0.0
1175.8793,0.0
1175.947,0.0
1176.0148,0.0
1176.0825,0.0
1176.1599,0.0
1176.2277,0.0
1176.2954,0.0
1176.3728,0.0
1176.4407,0.0
1176.5083,0.0
1176.5859,0.0
1176.6534,0.0
1176.7213,0.0
1176.7891,0.0
1176.8665,0.0
1176.9342,0.0
1177.002,0.0
1177.0795,0.0
1177.1471,0.0
1177.215,0.0
1177.2826,0.0
1177.3601,0.0
1177.4279,0.0
1177.4956,0.0
1177.5731,0.0
1177.6407,0.0
1177.7084,0.0
1177.786,0.0
1177.8536,0.0
1177.9215,0.0
1177.9893,0.0
1178.0667,0.0
1178.1343,0.0
1178.202,0.0
1178.2795,0.0
1178.3473,0.0
1178.4152,0.0
1178.4926,0.0
1178.5603,0.0
1178.6279,0.0
1178.6957,0.0
1178.7732,0.0
1178.841,0.0
1178.9087,0.0
1178.9862,0.0
1179.0538,0.0
1179.1216,0.0
1179.1892,0.0
1179.2668,0.0
1179.3345,0.0
1179.4022,0.0
1179.4797,0.0
1179.5475,0.0
1179.6152,0.0
1179.6926,0.0
1179.7603,0.0
1179.8281,0.0
1179.8959,0.0
1179.9734,0.0
1180.0411,0.0
1180.1088,0.0
1180.1863,0.0
1180.2539,0.0
1180.3218,0.0
1180.3992,0.0
1180.467,0.0
1180.5347,0.0
1180.6024,0.0
1180.6798,0.0
1180.7476,0.0
1180.8154,0.0
1180.8928,0.0
1180.9606,0.0
1181.0283,0.0
1181.096,0.0
1181.1735,0.0
1181.2412,0.0
1181.309,0.0
1181.3865,0.0
1181.4541,0.0
1181.522,0.0
1181.5992,0.0
1181.6671,0.0
1181.7347,0.0
1181.8026,0.0
1181.88,0.0
1181.9478,0.0
1182.0155,0.0
1182.0929,0.0
1182.1606,0.0
1182.2284,0.0
1182.3058,0.0
1182.3737,0.0
1182.4414,0.0
1182.509,0.0
1182.5865,0.0
1182.6543,0.0
1182.722,0.0
1182.7994,0.0
1182.8673,0.0
1182.9349,0.0
1183.0027,0.0
1183.0801,0.0
1183.1478,0.0
1183.2156,0.0
1183.2931,0.0
1183.3608,0.0
1183.4286,0.0
1183.506,0.0
1183.5737,0.0
1183.6415,0.0
1183.7092,0.0
1183.7866,0.0
1183.8545,0.0
1183.9222,0.0
1185.6256,0.0
1195.3042,0.0
1204.9827,0.0
1214.6613,0.0
1224.3398,0.0
1234.0184,0.0
1243.697,0.0
1253.3757,0.0
1263.0542,0.0
1272.7328,0.0
1282.4114,0.0
1292.09,0.0
1301.7686,0.0
1311.4471,0.0
1321.1256,0.0
1330.8042,0.0
1340.4828,0.0
1350.1614,0.0
1359.84,0.0
1369.5186,0.0
1379.197,0.0
1388.8756,0.0
1395.6506,0.0
1400.49,0.0
1408.2329,0.0
1417.9115,0.0
1427.5901,0.0
1437.2686,0.0
1446.9471,0.0
1456.6257,0.0
1463.4008,0.0
1468.24,0.0
1475.9829,0.0
1485.6615,0.0
1495.3401,0.0
1505.0186,0.0
1514.6971,0.0
1524.3757,0.0
1534.0543,0.0
1543.7329,0.0
1553.4115,0.0
1563.0901,0.0
1572.7687,0.0
1582.4473,0.0
1592.1259,0.0
1601.8044,0.0
1611.483,0.0
1618.258,0.0
1623.0973,0.0
1630.8401,0.0
1640.5187,0.0
1650.1973,0.0
1659.8759,0.0
1669.5544,0.0
1679.2329,0.0
1688.9115,0.0
1698.5901,0.0
1708.2687,0.0
1717.9474,0.0
1727.626,0.0
1737.3044,0.0
1746.983,0.0
1756.6616,0.0
1766.3402,0.0
1776.0188,0.0
1785.6974,0.0
1795.3759,0.0
1805.0544,0.0
1814.733,0.0
1824.4116,0.0
1834.0902,0.0
1843.7688,0.0
1853.4473,0.0
1863.1259,0.0
1872.8046,0.0
1882.4832,0.0
1892.1617,0.0
1903.776,0.0
1912.4867,0.0
1920.2296,0.0
1930.876,0.0
1940.5546,0.0
1950.2332,0.0
1959.9117,0.0
1969.5902,0.0
1979.2688,0.0
1988.9474,0.0
1998.626,0.0
2007.3367,0.0
2011.2083,0.0
2017.9832,0.0
2027.6616,0.0
2037.3403,0.0
2047.0189,0.0
2056.6975,0.0
2066.376,0.0
2076.0547,0.0
2085.7332,0.0
2095.4119,0.0
2105.0906,0.0
2114.7688,0.0
2124.4475,0.0
2134.126,0.0
2143.8047,0.0
2153.4832,0.0
2163.1619,0.0
2172.8403,0.0
2182.519,0.0
2192.1975,0.0
2201.8762,0.0
2211.5547,0.0
2221.2334,0.0
2230.9116,0.0
2240.5903,0.0
2250.2688,0.0
2259.9475,0.0
2269.6262,0.0
2279.3047,0.0
2288.9834,0.0
2298.6619,0.0
2308.3406,0.0
2318.019,0.0
2327.6978,0.0
2337.3762,0.0
2347.0547,0.0
2356.7332,0.0
2366.4119,0.0
2376.0903,0.0
2385.769,0.0
2395.4475,0.0
2405.1262,0.0
2414.8047,0.0
2424.4834,0.0
2432.226,0.0
2437.0657,0.0
2443.8406,0.0
2453.5193,0.0
2463.1975,0.0
2472.8762,0.0
2482.5547,0.0
2492.2334,0.0
2501.9119,0.0
2511.5906,0.0
2521.269,0.0
2530.9478,0.0
2540.6262,0.0
2550.305,0.0
2559.9834,0.0
2569.662,0.0
2579.3408,0.0
2589.019,0.0
2598.6978,0.0
2608.3762,0.0
2618.055,0.0
2627.7334,0.0
2637.412,0.0
2647.0906,0.0
2656.7693,0.0
2666.4478,0.0
2676.1265,0.0
2685.805,0.0
2695.4836,0.0
2705.1619,0.0
2714.8406,0.0
2724.519,0.0
2734.1978,0.0
2743.8765,0.0
2753.555,0.0
2763.2336,0.0
2772.912,0.0
2782.5908,0.0
2792.2693,0.0
2801.948,0.0
2816.4658,0.0
2835.823,0.0
2855.1802,0.0
2874.537,0.0
2893.8943,0.0
2913.2515,0.0
2932.6086,0.0
2951.9658,0.0
2971.323,0.0
2990.6802,0.0
3010.037,0.0
3029.3943,0.0
3048.7515,0.0
3068.1086,0.0
3087.4658,0.0
3106.823,0.0
3126.1802,0.0
3145.5374,0.0
3164.8945,0.0
3184.2517,0.0
3203.609,0.0
3222.966,0.0
3242.323,0.0
3261.6802,0.0
3281.0374,0.0
3300.3945,0.0
3319.7517,0.0
3339.109,0.0
3358.4658,0.0
3377.823,0.0
3397.1802,0.0
3416.5374,0.0
3435.8948,0.0
3455.252,0.0
3474.609,0.0
3493.966,0.0
3513.3232,0.0
3523.0017,0.0
3532.6804,0.0
3552.0376,0.0
3571.3948,0.0
3585.5833,0.0
3585.7964,0.0
3586.019,0.0
3586.232,0.0
3586.4448,0.0
3586.6675,0.0
3586.8804,0.0
3587.0933,0.0
3587.316,0.0
3587.5286,0.0
3587.7417,0.0
3587.9646,0.0
3588.1772,0.0
3588.3901,0.0
3588.6128,0.0
3588.826,0.0
3589.0483,0.0
3589.2612,0.0
3589.474,0.0
3589.6965,0.0
3589.9097,0.0
3590.1228,0.0
3590.3455,0.0
3590.558,0.0
3590.7517,0.0
3590.7712,0.0
3590.994,0.0
3591.2065,0.0
3591.4292,0.0
3591.642,0.0
3591.8552,0.0
3592.078,0.0
3592.2908,0.0
3592.5037,0.0
3592.726,0.0
3592.9392,0.0
3593.152,0.0
3593.3748,0.0
3593.5874,0.0
3593.81,0.0
3594.0232,0.0
3594.236,0.0
3594.4587,0.0
3594.6716,0.0
3594.8848,0.0
3595.1072,0.0
3595.32,0.0
3595.533,0.0
3595.7554,0.0
3595.9685,0.0
3596.1914,0.0
3596.404,0.0
3596.617,0.0
3596.8396,0.0
3597.0527,0.0
3597.2654,0.0
3597.488,0.0
3597.701,0.0
3597.914,0.0
3598.1365,0.0
3598.3496,0.0
3598.5723,0.0
3598.785,0.0
3598.998,0.0
3599.2207,0.0
3599.4333,0.0
3599.6462,0.0
3599.869,0.0
3600.082,0.0
3600.295,0.0
3600.5176,0.0
3600.7305,0.0
3600.9436,0.0
3601.166,0.0
3601.379,0.0
3601.6016,0.0
3601.8142,0.0
3602.0273,0.0
3602.25,0.0
3602.463,0.0
3602.6758,0.0
3602.8984,0.0
3603.1116,0.0
3603.3242,0.0
3603.5469,0.0
3603.7598,0.0
3603.9822,0.0
3604.1953,0.0
3604.4084,0.0
3604.6309,0.0
3604.8438,0.0
3605.057,0.0
3605.2795,0.0
3605.4922,0.0
3605.705,0.0
3605.9277,0.0
3606.1409,0.0
3606.3633,0.0
3606.5764,0.0
3606.7893,0.0
3607.0117,0.0
3607.2249,0.0
3607.4377,0.0
3607.6602,0.0
3607.873,0.0
3608.086,0.0
3608.3088,0.0
3608.5217,0.0
3608.7444,0.0
3608.9573,0.0
3609.17,0.0
3609.3928,0.0
3609.6057,0.0
3609.8186,0.0
3610.041,0.0
3610.109,0.0
3610.2542,0.0
3610.4673,0.0
3610.6897,0.0
3610.9026,0.0
3611.1252,0.0
3611.3384,0.0
3611.551,0.0
3611.7737,0.0
3611.9866,0.0
3612.1992,0.0
3612.422,0.0
3612.6353,0.0
3612.8481,0.0
3613.0706,0.0
3613.2834,0.0
3613.5063,0.0
3613.719,0.0
3613.932,0.0
3614.1545,0.0
3614.3677,0.0
3614.5806,0.0
3614.8032,0.0
3615.016,0.0
3615.2288,0.0
3615.4517,0.0
3615.6646,0.0
3615.8774,0.0
3616.0999,0.0
3616.3127,0.0
3616.5356,0.0
3616.7485,0.0
3616.9614,0.0
3617.184,0.0
3617.3967,0.0
3617.6099,0.0
3617.8325,0.0
3618.0454,0.0
3618.258,0.0
3618.4807,0.0
3618.694,0.0
3618.9165,0.0
3619.1294,0.0
3619.3423,0.0
3619.5652,0.0
3619.7778,0.0
3619.9907,0.0
3620.2134,0.0
3620.426,0.0
3620.6392,0.0
3620.862,0.0
3621.075,0.0
3621.2974,0.0
3621.5103,0.0
3621.7234,0.0
3621.9458,0.0
3622.1587,0.0
3622.3716,0.0
3622.5942,0.0
3622.8074,0.0
3623.0203,0.0
3623.243,0.0
3623.4556,0.0
3623.6782,0.0
3623.8914,0.0
3624.1042,0.0
3624.3267,0.0
3624.5396,0.0
3624.7527,0.0
3624.9753,0.0
3625.1882,0.0
3625.4011,0.0
3625.6235,0.0
3625.8367,0.0
3626.0593,0.0
3626.2722,0.0
3626.4849,0.0
3626.7075,0.0
3626.921,0.0
3627.1335,0.0
3627.3562,0.0
3627.569,0.0
3627.7822,0.0
3628.0046,0.0
3628.2175,0.0
3628.4304,0.0
3628.6528,0.0
3629.466,0.0
3648.8232,0.0
3668.1804,0.0
3687.5376,0.0
3706.8945,0.0
3726.2517,0.0
3745.6091,0.0
3764.9663,0.0
3784.3235,0.0
3803.6807,0.0
3823.0376,0.0
3842.3948,0.0
3861.752,0.0
3881.1091,0.0
3900.4663,0.0
3919.8235,0.0
3939.1804,0.0
3947.117,0.0
3947.359,0.0
3947.6008,0.0
3947.8333,0.0
3948.075,0.0
3948.3074,0.0
3948.5493,0.0
3948.7913,0.0
3949.0237,0.0
3949.2656,0.0
3949.4978,0.0
3949.7397,0.0
3949.9817,0.0
3950.214,0.0
3950.456,0.0
3950.6978,0.0
3950.9302,0.0
3951.172,0.0
3951.4045,0.0
3951.6465,0.0
3951.8884,0.0
3952.121,0.0
3952.3628,0.0
3952.5952,0.0
3952.8372,0.0
3953.079,0.0
3953.3115,0.0
3953.5532,0.0
3953.7952,0.0
3954.0276,0.0
3954.2695,0.0
3954.502,0.0
3954.744,0.0
3954.9856,0.0
3955.218,0.0
3955.46,0.0
3955.6921,0.0
3955.9343,0.0
3956.1763,0.0
3956.4084,0.0
3956.6504,0.0
3956.8923,0.0
3957.1248,0.0
3957.3667,0.0
3957.599,0.0
3957.8408,0.0
3958.0828,0.0
3958.3152,0.0
3958.5376,0.0
3958.5571,0.0
3958.7893,0.0
3959.0315,0.0
3959.2732,0.0
3959.5056,0.0
3959.7476,0.0
3959.9895,0.0
3960.222,0.0
3960.4636,0.0
3960.6958,0.0
3960.938,0.0
3961.18,0.0
3961.4124,0.0
3961.6543,0.0
3961.896,0.0
3962.1284,0.0
3962.3704,0.0
3962.6025,0.0
3962.8447,0.0
3963.0867,0.0
3963.3188,0.0
3963.5608,0.0
3963.793,0.0
3964.0352,0.0
3964.277,0.0
3964.5095,0.0
3964.7512,0.0
3964.9932,0.0
3965.2258,0.0
3965.4678,0.0
3965.6997,0.0
3965.942,0.0
3966.1836,0.0
3966.416,0.0
3966.6582,0.0
3966.8901,0.0
3967.1323,0.0
3967.374,0.0
3967.6064,0.0
3967.8486,0.0
3968.0906,0.0
3968.3228,0.0
3968.5647,0.0
3968.797,0.0
3969.039,0.0
3969.281,0.0
3969.513,0.0
3969.7551,0.0
3969.9875,0.0
3970.2295,0.0
3970.4714,0.0
3970.7034,0.0
3970.9456,0.0
3971.1875,0.0
3971.42,0.0
3971.6619,0.0
3971.8938,0.0
3972.136,0.0
3972.378,0.0
3972.6104,0.0
3972.8525,0.0
3973.0842,0.0
3973.3264,0.0
3973.5684,0.0
3973.8008,0.0
3974.043,0.0
3974.2847,0.0
3974.5166,0.0
3974.7588,0.0
3974.9912,0.0
3975.2334,0.0
3975.4753,0.0
3975.7078,0.0
3975.9497,0.0
3976.1816,0.0
3976.4236,0.0
3976.6658,0.0
3976.8982,0.0
3977.1401,0.0
3977.382,0.0
3977.614,0.0
3977.8562,0.0
3977.8948,0.0
3978.0886,0.0
3978.3306,0.0
3978.5725,0.0
3978.8044,0.0
3979.0466,0.0
3979.2886,0.0
3979.521,0.0
3979.7632,0.0
3979.9949,0.0
3980.237,0.0
3980.479,0.0
3980.7114,0.0
3980.9536,0.0
3981.1855,0.0
3981.4272,0.0
3981.6694,0.0
3981.9019,0.0
3982.1438,0.0
3982.386,0.0
3982.618,0.0
3982.8599,0.0
3983.0923,0.0
3983.3342,0.0
3983.5764,0.0
3983.8083,0.0
3984.0503,0.0
3984.2827,0.0
3984.5247,0.0
3984.7668,0.0
3984.9988,0.0
3985.2407,0.0
3985.4827,0.0
3985.715,0.0
3985.9573,0.0
3986.1892,0.0
3986.4312,0.0
3986.6733,0.0
3986.9055,0.0
3987.1475,0.0
3987.3896,0.0
3987.6216,0.0
3987.8638,0.0
3988.0962,0.0
3988.338,0.0
3988.58,0.0
3988.812,0.0
3989.0542,0.0
3989.2866,0.0
3989.5286,0.0
3989.7705,0.0
3990.0024,0.0
3990.2444,0.0
3990.4866,0.0
3990.719,0.0
3990.961,0.0
3991.1934,0.0
3991.4353,0.0
3991.6775,0.0
3991.9094,0.0
3992.1514,0.0
3992.384,0.0
3992.6257,0.0
3992.868,0.0
3993.0999,0.0
3993.3418,0.0
3993.584,0.0
3993.8162,0.0
3994.058,0.0
3994.2903,0.0
3994.5322,0.0
3997.252,0.0
4016.6091,0.0
4035.9663,0.0
4055.3232,0.0
4074.6807,0.0
4094.0378,0.0
4113.395,0.0
4132.752,0.0
4152.1094,0.0
4171.4663,0.0
4176.9346,0.0
4177.1865,0.0
4177.438,0.0
4177.69,0.0
4177.9414,0.0
4178.1934,0.0
4178.4443,0.0
4178.697,0.0
4178.9478,0.0
4179.1997,0.0
4179.451,0.0
4179.7124,0.0
4179.964,0.0
4180.216,0.0
4180.4673,0.0
4180.719,0.0
4180.9707,0.0
4181.2227,0.0
4181.4736,0.0
4181.726,0.0
4181.977,0.0
4182.229,0.0
4182.4805,0.0
4182.7324,0.0
4182.984,0.0
4183.236,0.0
4183.4873,0.0
4183.739,0.0
4183.9907,0.0
4184.2427,0.0
4184.4937,0.0
4184.7554,0.0
4185.007,0.0
4185.2583,0.0
4185.51,0.0
4185.7617,0.0
4186.013,0.0
4186.2646,0.0
4186.516,0.0
4186.768,0.0
4187.02,0.0
4187.272,0.0
4187.523,0.0
4187.775,0.0
4188.0264,0.0
4188.2783,0.0
4188.53,0.0
4188.7812,0.0
4189.0327,0.0
4189.2847,0.0
4189.536,0.0
4189.7974,0.0
4190.0493,0.0
4190.3013,0.0
4190.5527,0.0
4190.804,0.0
4190.8237,0.0
4191.056,0.0
4191.3076,0.0
4191.559,0.0
4191.8105,0.0
4192.062,0.0
4192.314,0.0
4192.5654,0.0
4192.8174,0.0
4193.069,0.0
4193.321,0.0
4193.5723,0.0
4193.824,0.0
4194.075,0.0
4194.327,0.0
4194.5786,0.0
4194.84,0.0
4195.092,0.0
4195.3433,0.0
4195.595,0.0
4195.846,0.0
4196.0986,0.0
4196.35,0.0
4196.602,0.0
4196.8535,0.0
4197.105,0.0
4197.3564,0.0
4197.608,0.0
4197.86,0.0
4198.1113,0.0
4198.363,0.0
4198.6143,0.0
4198.8667,0.0
4199.118,0.0
4199.37,0.0
4199.621,0.0
4199.873,0.0
4200.1343,0.0
4200.3857,0.0
4200.6377,0.0
4200.889,0.0
4201.141,0.0
4201.392,0.0
4201.644,0.0
4201.896,0.0
4202.148,0.0
4202.3994,0.0
4202.651,0.0
4202.9023,0.0
4203.1543,0.0
4203.406,0.0
4203.657,0.0
4203.9087,0.0
4204.16,0.0
4204.412,0.0
4204.6636,0.0
4204.9253,0.0
4205.1772,0.0
4205.4287,0.0
4205.68,0.0
4205.9316,0.0
4206.1836,0.0
4206.435,0.0
4206.687,0.0
4206.938,0.0
4207.19,0.0
4207.4414,0.0
4207.6934,0.0
4207.9453,0.0
4208.197,0.0
4208.448,0.0
4208.7,0.0
4208.9517,0.0
4209.2036,0.0
4209.4546,0.0
4209.706,0.0
4209.9673,0.0
4210.181,0.0
4210.219,0.0
4210.4707,0.0
4210.7227,0.0
4210.9746,0.0
4211.226,0.0
4211.4775,0.0
4211.7295,0.0
4211.981,0.0
4212.233,0.0
4212.484,0.0
4212.736,0.0
4212.9873,0.0
4213.2393,0.0
4213.4907,0.0
4213.742,0.0
4213.994,0.0
4214.246,0.0
4214.4976,0.0
4214.7495,0.0
4215.0107,0.0
4215.262,0.0
4215.513,0.0
4215.765,0.0
4216.0166,0.0
4216.2686,0.0
4216.5195,0.0
4216.7715,0.0
4217.0234,0.0
4217.2754,0.0
4217.527,0.0
4217.7783,0.0
4218.03,0.0
4218.2817,0.0
4218.533,0.0
4218.785,0.0
4219.036,0.0
4219.288,0.0
4219.5396,0.0
4219.792,0.0
4220.053,0.0
4220.3047,0.0
4220.5566,0.0
4220.8076,0.0
4221.0596,0.0
4221.311,0.0
4221.5625,0.0
4221.8145,0.0
4222.0654,0.0
4222.3174,0.0
4222.569,0.0
4222.8213,0.0
4223.0728,0.0
4223.324,0.0
4223.5757,0.0
4223.8276,0.0
4224.079,0.0
4224.331,0.0
4224.582,0.0
4224.8438,0.0
4225.095,0.0
4225.3467,0.0
4225.5986,0.0
4225.85,0.0
4226.1025,0.0
4226.3535,0.0
4226.6055,0.0
4226.857,0.0
4227.109,0.0
4229.5376,0.0
4248.895,0.0
4268.252,0.0
4287.6094,0.0
4306.9663,0.0
4326.3237,0.0
4345.6807,0.0
4365.038,0.0
4384.395,0.0
4403.7524,0.0
4423.1094,0.0
4442.467,0.0
4461.823,0.0
4481.1807,0.0
4500.5376,0.0
4519.895,0.0
4539.2524,0.0
4558.6094,0.0
4577.967,0.0
4597.3237,0.0
4616.681,0.0
4636.038,0.0
4655.3955,0.0
4674.7524,0.0
4679.4365,0.0
4679.7173,0.0
4679.998,0.0
4680.279,0.0
4680.559,0.0
4680.84,0.0
4681.1304,0.0
4681.411,0.0
4681.692,0.0
4681.9727,0.0
4682.2534,0.0
4682.5435,0.0
4682.824,0.0
4683.105,0.0
4683.3857,0.0
4683.6665,0.0
4683.9473,0.0
4684.2373,0.0
4684.5176,0.0
4684.7983,0.0
4685.079,0.0
4685.36,0.0
4685.6504,0.0
4685.931,0.0
4686.212,0.0
4686.492,0.0
4686.773,0.0
4687.0635,0.0
4687.3438,0.0
4687.625,0.0
4687.906,0.0
4688.1865,0.0
4688.467,0.0
4688.7573,0.0
4689.0376,0.0
4689.3184,0.0
4689.599,0.0
4689.88,0.0
4690.1704,0.0
4690.451,0.0
4690.7314,0.0
4691.012,0.0
4691.293,0.0
4691.5737,0.0
4691.8643,0.0
4692.1445,0.0
4692.425,0.0
4692.706,0.0
4692.987,0.0
4693.2773,0.0
4693.558,0.0
4693.839,0.0
4694.1094,0.0
4694.1187,0.0
4694.3994,0.0
4694.68,0.0
4694.971,0.0
4695.252,0.0
4695.5327,0.0
4695.813,0.0
4696.0933,0.0
4696.384,0.0
4696.6646,0.0
4696.9453,0.0
4697.226,0.0
4697.507,0.0
4697.797,0.0
4698.0776,0.0
4698.3584,0.0
4698.639,0.0
4698.92,0.0
4699.2,0.0
4699.491,0.0
4699.7715,0.0
4700.0522,0.0
4700.333,0.0
4700.614,0.0
4700.904,0.0
4701.1846,0.0
4701.4653,0.0
4701.7456,0.0
4702.0264,0.0
4702.3076,0.0
4702.5977,0.0
4702.8784,0.0
4703.159,0.0
4703.44,0.0
4703.72,0.0
4704.0107,0.0
4704.2915,0.0
4704.5723,0.0
4704.853,0.0
4705.134,0.0
4705.4146,0.0
4705.704,0.0
4705.985,0.0
4706.2656,0.0
4706.5464,0.0
4706.827,0.0
4707.1177,0.0
4707.3984,0.0
4707.6787,0.0
4707.9595,0.0
4708.24,0.0
4708.531,0.0
4708.8115,0.0
4709.0923,0.0
4709.373,0.0
4709.6533,0.0
4709.934,0.0
4710.224,0.0
4710.505,0.0
4710.7856,0.0
4711.0664,0.0
4711.347,0.0
4711.637,0.0
4711.918,0.0
4712.1987,0.0
4712.4795,0.0
4712.7603,0.0
4713.041,0.0
4713.3306,0.0
4713.4663,0.0
4713.612,0.0
4713.8926,0.0
4714.1733,0.0
4714.454,0.0
4714.744,0.0
4715.025,0.0
4715.305,0.0
4715.586,0.0
4715.8667,0.0
4716.1475,0.0
4716.438,0.0
4716.7188,0.0
4716.9995,0.0
4717.28,0.0
4717.5605,0.0
4717.8506,0.0
4718.1313,0.0
4718.4126,0.0
4718.6934,0.0
4718.974,0.0
4719.2544,0.0
4719.5444,0.0
4719.825,0.0
4720.106,0.0
4720.3867,0.0
4720.6675,0.0
4720.958,0.0
4721.2383,0.0
4721.519,0.0
4721.8,0.0
4722.0806,0.0
4722.371,0.0
4722.652,0.0
4722.932,0.0
4723.2124,0.0
4723.4937,0.0
4723.7744,0.0
4724.065,0.0
4724.3457,0.0
4724.626,0.0
4724.9062,0.0
4725.187,0.0
4725.478,0.0
4725.759,0.0
4726.0396,0.0
4726.32,0.0
4726.6006,0.0
4726.881,0.0
4727.1714,0.0
4727.452,0.0
4727.733,0.0
4728.013,0.0
4728.294,0.0
4728.585,0.0
4728.865,0.0
4729.146,0.0
4729.427,0.0
4729.707,0.0
4729.988,0.0
4730.279,0.0
4730.5596,0.0
4730.84,0.0
4731.1206,0.0
4731.401,0.0
4731.6914,0.0
4731.972,0.0
4732.253,0.0
4732.5337,0.0
4732.8237,0.0
4733.1045,0.0
4733.3853,0.0
4733.666,0.0
4733.947,0.0
4734.2275,0.0
4734.5083,0.0
4734.7983,0.0
4735.079,0.0
4735.36,0.0
4735.6406,0.0
4752.1807,0.0
4770.3477,0.0
4770.6377,0.0
4770.9185,0.0
4771.2095,0.0
4771.499,0.0
4771.538,0.0
4771.7896,0.0
4772.0703,0.0
4772.361,0.0
4772.6514,0.0
4772.9414,0.0
4773.222,0.0
4773.5127,0.0
4773.8027,0.0
4774.0938,0.0
4774.3745,0.0
4774.664,0.0
4774.954,0.0
4775.245,0.0
4775.526,0.0
4775.816,0.0
4776.1064,0.0
4776.3965,0.0
4776.6772,0.0
4776.968,0.0
4777.2583,0.0
4777.5483,0.0
4777.829,0.0
4778.119,0.0
4778.41,0.0
4778.7,0.0
4778.981,0.0
4779.2715,0.0
4779.5615,0.0
4779.852,0.0
4780.133,0.0
4780.4233,0.0
4780.7134,0.0
4781.0034,0.0
4781.284,0.0
4781.575,0.0
4781.865,0.0
4782.1553,0.0
4782.4355,0.0
4782.7266,0.0
4783.0166,0.0
4783.3076,0.0
4783.5884,0.0
4783.878,0.0
4784.1685,0.0
4784.459,0.0
4784.7397,0.0
4785.0303,0.0
4785.3203,0.0
4785.611,0.0
4785.8916,0.0
4786.1816,0.0
4786.4727,0.0
4786.762,0.0
4787.043,0.0
4787.3335,0.0
4787.624,0.0
4787.9146,0.0
4788.1953,0.0
4788.485,0.0
4788.7754,0.0
4789.066,0.0
4789.3467,0.0
4789.637,0.0
4789.9272,0.0
4790.2173,0.0
4790.498,0.0
4790.789,0.0
4790.895,0.0
4791.079,0.0
4791.3696,0.0
4791.65,0.0
4791.9404,0.0
4792.231,0.0
4792.5215,0.0
4792.8022,0.0
4793.0923,0.0
4793.3823,0.0
4793.6733,0.0
4793.954,0.0
4794.244,0.0
4794.534,0.0
4794.8247,0.0
4795.1055,0.0
4795.396,0.0
4795.6865,0.0
4795.976,0.0
4796.257,0.0
4796.5474,0.0
4796.838,0.0
4797.1284,0.0
4797.409,0.0
4797.6987,0.0
4797.9897,0.0
4798.28,0.0
4798.5605,0.0
4798.8516,0.0
4799.141,0.0
4799.4316,0.0
4799.7124,0.0
4800.003,0.0
4800.2935,0.0
4800.583,0.0
4800.864,0.0
4801.155,0.0
4801.445,0.0
4801.736,0.0
4802.0166,0.0
4802.306,0.0
4802.596,0.0
4802.887,0.0
4803.168,0.0
4803.458,0.0
4803.748,0.0
4804.0386,0.0
4804.3193,0.0
4804.61,0.0
4804.9004,0.0
4805.1904,0.0
4805.471,0.0
4805.761,0.0
4806.0522,0.0
4806.3423,0.0
4806.623,0.0
4806.913,0.0
4807.2036,0.0
4807.494,0.0
4807.775,0.0
4808.0654,0.0
4808.3555,0.0
4808.6455,0.0
4808.9263,0.0
4809.2173,0.0
4809.5073,0.0
4809.797,0.0
4810.0776,0.0
4810.2524,0.0
4810.3687,0.0
4810.6587,0.0
4810.9497,0.0
4811.2393,0.0
4811.52,0.0
4811.8105,0.0
4812.101,0.0
4812.3916,0.0
4812.6724,0.0
4812.962,0.0
4813.253,0.0
4813.543,0.0
4813.8237,0.0
4814.1147,0.0
4814.4043,0.0
4814.685,0.0
4814.9756,0.0
4815.266,0.0
4815.5566,0.0
4815.8467,0.0
4816.127,0.0
4816.4175,0.0
4816.524,0.0
4816.708,0.0
4816.814,0.0
4816.9985,0.0
4817.105,0.0
4817.279,0.0
4817.395,0.0
4817.5693,0.0
4817.6855,0.0
4817.8594,0.0
4817.9756,0.0
4818.1504,0.0
4818.266,0.0
4818.431,0.0
4818.5566,0.0
4818.721,0.0
4818.847,0.0
4819.011,0.0
4819.137,0.0
4819.302,0.0
4819.4277,0.0
4819.5825,0.0
4819.718,0.0
4819.873,0.0
4820.009,0.0
4820.1636,0.0
4820.3086,0.0
4820.4536,0.0
4820.5986,0.0
4820.7344,0.0
4820.889,0.0
4821.0244,0.0
4821.1797,0.0
4821.3154,0.0
4821.4697,0.0
4821.6055,0.0
4821.7607,0.0
4821.886,0.0
4822.0503,0.0
4822.1763,0.0
4822.3413,0.0
4822.467,0.0
4822.6313,0.0
4822.757,0.0
4822.922,0.0
4823.038,0.0
4823.2124,0.0
4823.328,0.0
4823.502,0.0
4823.618,0.0
4823.793,0.0
4823.9087,0.0
4824.083,0.0
4824.1895,0.0
4824.3735,0.0
4824.48,0.0
4824.6636,0.0
4824.7705,0.0
4824.954,0.0
4825.06,0.0
4825.2446,0.0
4825.341,0.0
4825.535,0.0
4825.632,0.0
4825.825,0.0
4825.922,0.0
4826.1157,0.0
4826.213,0.0
4826.406,0.0
4826.493,0.0
4826.697,0.0
4826.783,0.0
4826.987,0.0
4827.0737,0.0
4827.277,0.0
4827.3643,0.0
4827.5767,0.0
4827.645,0.0
4827.8677,0.0
4828.1577,0.0
4828.448,0.0
4828.739,0.0
4829.029,0.0
4829.3193,0.0
4829.6094,0.0
4829.9,0.0
4830.19,0.0
4830.4805,0.0
4830.771,0.0
4831.0615,0.0
4831.3516,0.0
4831.642,0.0
4831.932,0.0
4832.223,0.0
4832.513,0.0
4832.8037,0.0
4833.0938,0.0
4833.384,0.0
4833.675,0.0
4833.965,0.0
4834.2554,0.0
4834.5454,0.0
4834.8457,0.0
4835.136,0.0
4835.4263,0.0
4835.7173,0.0
4836.007,0.0
4836.2974,0.0
4836.588,0.0
4836.878,0.0
4837.1685,0.0
4837.4585,0.0
4837.7495,0.0
4838.0396,0.0
4838.33,0.0
4838.62,0.0
4838.9106,0.0
4839.201,0.0
4839.491,0.0
4839.7817,0.0
4840.072,0.0
4840.3623,0.0
4840.653,0.0
4840.9434,0.0
4841.2334,0.0
4841.524,0.0
4841.814,0.0
4842.1143,0.0
4842.405,0.0
4842.695,0.0
4842.985,0.0
4843.276,0.0
4843.566,0.0
4843.857,0.0
4844.1465,0.0
4844.437,0.0
4844.7275,0.0
4845.018,0.0
4845.3086,0.0
4845.598,0.0
4845.8887,0.0
4846.179,0.0
4846.4697,0.0
4846.7603,0.0
4847.0503,0.0
4847.3403,0.0
4847.6313,0.0
4847.9214,0.0
4848.2124,0.0
4848.502,0.0
4848.7925,0.0
4848.967,0.0
4849.083,0.0
4849.373,0.0
4849.673,0.0
4849.9634,0.0
4850.254,0.0
4850.5444,0.0
4850.835,0.0
4851.125,0.0
4851.415,0.0
4851.706,0.0
4851.996,0.0
4852.2866,0.0
4852.5767,0.0
4852.8667,0.0
4853.1577,0.0
4853.4478,0.0
4853.739,0.0
4854.0283,0.0
4854.319,0.0
4854.6094,0.0
4854.9,0.0
4855.1904,0.0
4855.48,0.0
4855.7705,0.0
4856.061,0.0
4856.3516,0.0
4856.6416,0.0
4856.932,0.0
4857.2324,0.0
4857.5225,0.0
4857.8135,0.0
4858.103,0.0
4858.3936,0.0
4858.684,0.0
4858.974,0.0
4859.265,0.0
4859.5547,0.0
4859.8457,0.0
4860.1357,0.0
4860.4263,0.0
4860.717,0.0
4861.007,0.0
4861.2974,0.0
4861.588,0.0
4861.878,0.0
4862.1685,0.0
4862.4585,0.0
4862.749,0.0
4863.0396,0.0
4863.3296,0.0
4863.62,0.0
4863.91,0.0
4864.201,0.0
4864.491,0.0
4864.7915,0.0
4865.081,0.0
4865.372,0.0
4865.662,0.0
4865.9526,0.0
4866.243,0.0
4866.533,0.0
4866.8237,0.0
4867.1143,0.0
4867.4043,0.0
4867.6953,0.0
4867.985,0.0
4868.2754,0.0
4868.324,0.0
4868.566,0.0
4868.856,0.0
4869.1465,0.0
4869.4365,0.0
4869.7275,0.0
4870.0176,0.0
4870.308,0.0
4870.598,0.0
4870.8887,0.0
4871.179,0.0
4871.4697,0.0
4871.76,0.0
4872.05,0.0
4872.35,0.0
4872.6406,0.0
4872.9307,0.0
4873.2217,0.0
4873.511,0.0
4873.8022,0.0
4874.0923,0.0
4874.383,0.0
4887.681,0.0
4907.0386,0.0
4926.395,0.0
4945.7524,0.0
4965.1094,0.0
4984.467,0.0
5003.8237,0.0
5023.181,0.0
5042.538,0.0
5061.8955,0.0
5081.2524,0.0
5100.61,0.0
5119.967,0.0
5139.324,0.0
5158.6816,0.0
5178.038,0.0
5197.3955,0.0
5216.7524,0.0
5236.11,0.0
5255.467,0.0
5274.824,0.0
5294.181,0.0
5313.5386,0.0
5332.8955,0.0
5352.253,0.0
5371.61,0.0
5390.9673,0.0
5410.3237,0.0
5429.681,0.0
5449.038,0.0
5468.3955,0.0
5487.753,0.0
5507.11,0.0
5526.4673,0.0
5545.824,0.0
5565.1816,0.0
5584.5386,0.0
5603.896,0.0
5623.253,0.0
5642.61,0.0
5661.967,0.0
5681.324,0.0
5700.681,0.0
5720.0386,0.0
5739.3955,0.0
5758.753,0.0
5778.1104,0.0
5797.4673,0.0
5816.8247,0.0
5836.1816,0.0
5855.539,0.0
5874.8955,0.0
5894.253,0.0
5913.61,0.0
5932.9673,0.0
5952.324,0.0
5971.6816,0.0
5991.0386,0.0
6010.396,0.0
6029.753,0.0
6049.1104,0.0
6068.4673,0.0
6087.8247,0.0
6107.1816,0.0
6126.5386,0.0
6145.896,0.0
6165.253,0.0
6184.6104,0.0
6203.9673,0.0
6223.3247,0.0
6242.6816,0.0
6262.039,0.0
6281.396,0.0
6300.7534,0.0
6313.9546,0.0
6314.342,0.0
6314.7197,0.0
6315.0967,0.0
6315.4844,0.0
6315.8613,0.0
6316.239,0.0
6316.626,0.0
6317.0034,0.0
6317.3906,0.0
6317.768,0.0
6318.1455,0.0
6318.533,0.0
6318.91,0.0
6319.2876,0.0
6319.675,0.0
6320.0522,0.0
6320.1104,0.0
6320.439,0.0
6320.817,0.0
6321.1943,0.0
6321.581,0.0
6321.959,0.0
6322.3364,0.0
6322.724,0.0
6323.101,0.0
6323.4883,0.0
6323.865,0.0
6324.243,0.0
6324.63,0.0
6325.0073,0.0
6325.3945,0.0
6325.7725,0.0
6326.1504,0.0
6326.537,0.0
6326.914,0.0
6327.2915,0.0
6327.6787,0.0
6328.056,0.0
6328.434,0.0
6328.821,0.0
6329.198,0.0
6329.586,0.0
6329.9634,0.0
6330.3403,0.0
6330.728,0.0
6331.105,0.0
6331.492,0.0
6331.8696,0.0
6332.247,0.0
6332.6343,0.0
6333.012,0.0
6333.3896,0.0
6333.777,0.0
6334.154,0.0
6334.5415,0.0
6334.9185,0.0
6335.296,0.0
6335.683,0.0
6336.0605,0.0
6336.438,0.0
6336.8257,0.0
6337.203,0.0
6337.59,0.0
6337.968,0.0
6338.3447,0.0
6338.732,0.0
6339.1094,0.0
6339.4673,0.0
6339.487,0.0
6339.8735,0.0
6340.252,0.0
6340.6387,0.0
6341.016,0.0
6341.394,0.0
6341.781,0.0
6342.1577,0.0
6342.5356,0.0
6342.9224,0.0
6343.3,0.0
6343.687,0.0
6344.065,0.0
6344.4424,0.0
6344.8296,0.0
6345.207,0.0
6345.594,0.0
6345.9717,0.0
6346.3486,0.0
6346.736,0.0
6347.1133,0.0
6347.491,0.0
6347.8784,0.0
6348.256,0.0
6348.643,0.0
6349.0205,0.0
6349.3975,0.0
6349.785,
6350.162,
6350.5396,
6350.927,
6351.3047,
6351.6914,
6352.0693,
6352.447,
6352.8335,
6353.2114,
6353.5884,
6353.9756,
6354.353,
6354.7397,0.0
6355.1177,0.0
6355.4956,0.0
6355.8823,0.0
6356.26,0.0
6356.647,0.0
6357.0244,0.0
6357.4014,0.0
6357.789,0.0
6358.166,0.0
6358.544,0.0
6358.824,0.0
6358.931,0.0
6359.3086,0.0
6359.696,0.0
6360.073,0.0
6360.4507,0.0
6360.838,0.0
6361.2153,0.0
6361.5923,0.0
6361.9795,0.0
6362.3574,0.0
6362.7446,0.0
6363.122,0.0
6363.4995,0.0
6363.8867,0.0
6364.264,0.0
6364.641,0.0
6365.029,0.0
6365.406,0.0
6365.793,0.0
6366.171,0.0
6366.5483,0.0
6366.935,0.0
6367.313,0.0
6367.6904,0.0
6368.077,0.0
6368.455,0.0
6368.842,0.0
6369.219,0.0
6369.597,0.0
6369.984,0.0
6370.3613,0.0
6370.7393,0.0
6371.126,0.0
6371.5034,0.0
6371.8906,0.0
6372.268,0.0
6372.645,0.0
6373.0327,0.0
6373.41,0.0
6373.7876,0.0
6374.175,0.0
6374.5522,0.0
6374.9395,0.0
6375.317,0.0
6375.6943,0.0
6376.0815,0.0
6376.459,0.0
6376.846,0.0
6377.2236,0.0
6377.601,0.0
6377.9883,0.0
6378.1816,0.0
6378.3657,0.0
6378.743,0.0
6379.1304,0.0
6379.508,0.0
6379.8945,0.0
6380.2725,0.0
6380.65,0.0
6381.037,0.0
6381.4146,0.0
6381.792,0.0
6382.1787,0.0
6382.5566,0.0
6382.9434,0.0
6383.321,0.0
6383.6987,0.0
6384.0854,0.0
6384.4634,0.0
6384.841,0.0
6385.2275,0.0
6385.605,0.0
6385.992,0.0
6386.3696,0.0
6386.747,0.0
6387.1343,0.0
6387.5117,0.0
6387.899,0.0
6388.277,0.0
6388.654,0.0
6389.0415,0.0
6389.4185,0.0
6389.796,0.0
6397.5386,0.0
6416.896,0.0
6436.2534,0.0
6455.6104,0.0
6474.968,0.0
6494.3247,0.0
6513.682,0.0
6533.039,0.0
6552.3965,0.0
6571.753,0.0
6591.1104,0.0
6610.4673,0.0
6629.8247,0.0
6649.1816,0.0
6668.539,0.0
6687.896,0.0
6707.2534,0.0
6726.611,0.0
6745.968,0.0
6765.325,0.0
6784.682,0.0
6804.039,0.0
6823.396,0.0
6842.7534,0.0
6862.1104,0.0
6881.468,0.0
6900.8247,0.0
6920.182,0.0
6939.539,0.0
6958.8965,0.0
6978.2534,0.0
6997.611,0.0
7016.9683,0.0
7036.325,0.0
7055.682,0.0
7075.039,0.0
7094.3965,0.0
7113.7534,0.0
7133.111,0.0
7152.468,0.0
7171.825,0.0
7191.182,0.0
7210.5396,0.0
7229.8965,0.0
7249.254,0.0
7268.611,0.0
7287.968,0.0
7307.3247,0.0
7326.682,0.0
7346.0396,0.0
7365.3965,0.0
7384.754,0.0
7404.111,0.0
7423.4683,0.0
7442.825,0.0
7462.1826,0.0
7481.5396,0.0
7500.897,0.0
7520.2534,0.0
7539.611,0.0
7558.968,0.0
7578.325,0.0
7597.682,0.0
7617.0396,0.0
7636.3965,0.0
7655.754,0.0
7675.1113,0.0
7694.4683,0.0
7713.8257,0.0
7733.1826,0.0
7752.5396,0.0
7771.8965,0.0
7791.254,0.0
7810.611,0.0
7829.9683,0.0
7849.325,0.0
7868.6826,0.0
7888.0396,0.0
7907.397,0.0
7926.754,0.0
7946.1113,0.0
7965.4688,0.0
7984.825,0.0
8004.1826,0.0
8023.5396,0.0
8042.897,0.0
8062.254,0.0
8081.6113,0.0
8100.9683,0.0
8120.3257,0.0
8139.6826,0.0
8159.04,0.0
8178.397,0.0
8197.754,0.0
8217.111,0.0
8236.468,0.0
8255.825,0.0
8275.183,0.0
8294.54,0.0
8313.897,0.0
8333.254,0.0
8352.611,0.0
8371.968,0.0
8391.326,0.0
8410.683,0.0
8430.04,0.0
8449.396,0.0
8468.755,0.0
8488.111,0.0
8507.469,0.0
8526.825,0.0
8546.184,0.0
8565.54,0.0
8584.896,0.0
8604.255,0.0
8623.611,0.0
8642.969,0.0
8662.325,0.0
8681.684,0.0
8701.04,0.0
8720.397,0.0
8739.754,0.0
8759.112,0.0
8778.469,0.0
8797.825,0.0
8817.183,0.0
8836.54,0.0
8855.897,0.0
8875.254,0.0
8894.612,0.0
8913.969,0.0
8933.326,0.0
8952.683,0.0
8972.041,0.0
8991.397,0.0
9010.755,0.0
9030.111,0.0
9049.469,0.0
9068.826,0.0
9088.183,0.0
9107.54,0.0
9126.897,0.0
9146.255,0.0
9165.611,0.0
9184.969,0.0
9204.326,0.0
9223.684,0.0
9243.04,0.0
9262.398,0.0
9281.755,0.0
9301.111,0.0
9320.469,0.0
9339.826,0.0
9359.184,0.0
9378.54,0.0
9397.897,0.0
9417.255,0.0
9436.612,0.0
9455.969,0.0
9475.326,0.0
9494.684,0.0
9514.04,0.0
9533.397,0.0
9552.755,0.0
9572.112,0.0
9591.469,0.0
9610.826,0.0
9630.184,0.0
9649.541,0.0
9668.897,0.0
9702.772,0.0
9751.166,0.0
9799.559,0.0
9847.951,0.0
9896.344,0.0
9944.737,0.0
9993.13,0.0
10041.522,0.0
10089.916,0.0
10138.309,0.0
10186.701,0.0
10235.095,0.0
10283.487,0.0
10331.88,0.0
10380.272,0.0
10428.666,0.0
10477.059,0.0
10525.452,0.0
10573.845,0.0
10622.237,0.0
10670.63,0.0
10719.023,0.0
10767.416,0.0
10815.81,0.0
10864.202,0.0
10912.595,0.0
10960.987,0.0
11009.38,0.0
11057.773,0.0
11106.167,0.0
11154.56,0.0
11202.952,0.0
11251.345,0.0
11299.737,0.0
11348.13,0.0
11396.524,0.0
11444.917,0.0
11493.31,0.0
11541.702,0.0
11590.095,0.0
11638.487,0.0
11686.881,0.0
11735.274,0.0
11783.667,0.0
11832.06,0.0
11880.452,0.0
11928.845,0.0
11977.238,0.0
12025.631,0.0
12074.024,0.0
12122.417,0.0
12170.81,0.0
12219.202,0.0
12267.596,0.0
12315.988,0.0
12364.382,0.0
12412.774,0.0
12461.167,0.0
12509.56,0.0
12557.952,0.0
12606.346,0.0
12654.738,0.0
12703.132,0.0
12751.524,0.0
12799.917,0.0
12848.31,0.0
12896.703,0.0
12945.096,0.0
12993.488,0.0
13041.882,0.0
13090.274,0.0
13138.667,0.0
13187.061,0.0
13235.453,0.0
13283.846,0.0
13332.238,0.0
13380.632,0.0
13429.024,0.0
13477.418,0.0
13525.811,0.0
13574.203,0.0
13622.596,0.0
13670.988,0.0
13719.382,0.0
13767.775,0.0
13816.168,0.0
13864.561,0.0
13912.953,0.0
13961.346,0.0
14009.739,0.0
14058.133,0.0
14101.686,0.0
14150.078,0.0
14203.311,0.0
14251.703,0.0
14300.096,0.0
14348.49,0.0
14396.883,0.0
14445.275,0.0
14493.668,0.0
14542.061,0.0
14590.453,0.0
14638.847,0.0
14687.24,0.0
14735.633,0.0
14784.025,0.0
14832.418,0.0
14880.811,0.0
14929.204,0.0
14977.597,0.0
15025.99,0.0
15074.383,0.0
15122.775,0.0
15171.168,0.0
15219.562,0.0
15267.954,0.0
15316.347,0.0
15364.74,0.0
15413.133,0.0
15461.525,0.0
15534.115,0.0
15630.9,0.0
15727.687,0.0
15824.473,0.0
15921.258,0.0
16018.044,0.0
16114.83,0.0
16211.615,0.0
16308.4,0.0
16405.188,0.0
16501.973,0.0
16598.758,0.0
16695.545,0.0
16792.328,0.0
16889.117,0.0
16985.902,0.0
17082.688,0.0
17179.473,0.0
17276.258,0.0
17373.043,0.0
17469.832,0.0
17566.617,0.0
17663.402,0.0
17760.188,0.0
17856.973,0.0
17953.758,0.0
18050.545,0.0
18147.332,0.0
18244.117,0.0
18340.902,0.0
18437.688,0.0
18534.473,0.0
18631.26,0.0
18728.045,0.0
18824.832,0.0
18921.617,0.0
19018.402,0.0
19115.188,0.0
19211.975,0.0
19308.76,0.0
19405.545,0.0
19502.332,0.0
19599.117,0.0
19695.902,0.0
19792.688,0.0
19889.475,0.0
19986.26,0.0
20083.045,0.0
20179.832,0.0
20276.617,0.0
20373.402,0.0
20470.19,0.0
20566.975,0.0
20663.76,0.0
20760.545,0.0
20857.332,0.0
20954.117,0.0
21050.904,0.0
21147.69,0.0
21244.475,0.0
21341.26,0.0
21438.047,0.0
21534.832,0.0
21631.62,0.0
21728.404,0.0
21825.19,0.0
21921.975,0.0
22018.76,0.0
22115.547,0.0
22212.334,0.0
22309.12,0.0
22405.904,0.0
22502.69,0.0
22599.475,0.0
22696.26,0.0
22793.049,0.0
22889.834,0.0
22986.62,0.0
23083.404,0.0
23180.19,0.0
23276.975,0.0
23373.762,0.0
23470.549,0.0
23567.334,0.0
23664.12,0.0
23760.904,0.0
23857.69,0.0
23954.477,0.0
24051.262,0.0
24148.049,0.0
24244.834,0.0
24341.62,0.0
24438.404,0.0
24535.191,0.0
24631.977,0.0
24728.764,0.0
24825.549,0.0
24922.334,0.0
25019.12,0.0
25115.904,0.0
25212.691,0.0
25309.477,0.0
25406.264,0.0
25503.049,0.0
25599.834,0.0
25696.62,0.0
25793.406,0.0
25890.191,0.0
25986.977,0.0
26083.764,0.0
26180.549,0.0
26277.334,0.0
26374.121,0.0
26470.906,0.0
26567.691,0.0
26664.477,0.0
26761.264,0.0
26858.049,0.0
26954.836,0.0
27051.621,0.0
27148.406,0.0
27245.191,0.0
27341.977,0.0
27438.764,0.0
27535.55,0.0
27632.336,0.0
27729.121,0.0
27825.906,0.0
27922.691,0.0
28019.479,0.0
28116.266,0.0
28213.05,0.0
28309.836,0.0
28406.621,0.0
28503.406,0.0
28600.191,0.0
28696.98,0.0
28793.766,0.0
28890.55,0.0
28987.336,0.0
29084.121,0.0
29180.906,0.0
29277.693,0.0
29374.48,0.0
29471.266,0.0
29568.05,0.0
29664.836,0.0
29761.621,0.0
29858.408,0.0
29955.193,0.0
30051.98,0.0
30148.766,0.0
30245.55,0.0
30342.336,0.0
30439.123,0.0
30535.908,0.0
30632.693,0.0
30729.48,0.0
30826.266,0.0
30923.05,0.0
31068.23,0.0
31261.8,0.0
31455.373,0.0
31648.945,0.0
31842.516,0.0
32036.088,0.0
32229.66,0.0
32423.23,0.0
32616.8,0.0
32810.375,0.0
33003.945,0.0
33197.516,0.0
33391.09,0.0
33584.656,0.0
33778.234,0.0
33971.805,0.0
34165.375,0.0
34358.945,0.0
34552.516,0.0
34746.086,0.0
34939.664,0.0
35133.234,0.0
35326.805,0.0
35520.375,0.0
35713.945,0.0
35907.516,0.0
36101.09,0.0
36294.664,0.0
36488.234,0.0
36681.805,0.0
36875.375,0.0
37068.945,0.0
37262.52,0.0
37456.09,0.0
37649.664,0.0
37843.234,0.0
38036.805,0.0
38230.375,0.0
38423.95,0.0
38617.52,0.0
38811.09,0.0
39004.664,0.0
39198.234,0.0
39391.805,0.0
39585.375,0.0
39778.95,0.0
39972.52,0.0
40166.09,0.0
40359.664,0.0
40553.234,0.0
40746.805,0.0
40940.38,0.0
41133.95,0.0
41327.52,0.0
41521.09,0.0
41714.664,0.0
41908.234,0.0
42101.81,0.0
42295.38,0.0
42488.95,0.0
42682.52,0.0
42876.094,0.0
43069.664,0.0
43263.24,0.0
43456.81,0.0
43650.38,0.0
43843.95,0.0
44037.52,0.0
44231.094,0.0
44424.668,0.0
44618.24,0.0
44811.81,0.0
45005.38,0.0
45198.95,0.0
45392.52,0.0
45586.098,0.0
45779.668,0.0
45973.24,0.0
46166.81,0.0
46360.38,0.0
46553.95,0.0
46747.523,0.0
46941.098,0.0
47134.668,0.0
47328.24,0.0
47521.81,0.0
47715.38,0.0
47908.953,0.0
48102.523,0.0
48296.098,0.0
48489.668,0.0
48683.24,0.0
48876.81,0.0
49070.383,0.0
49263.953,0.0
49457.527,0.0
49651.098,0.0
49844.668,0.0
50038.24,0.0
50231.81,0.0
50425.383,0.0
50618.953,0.0
50812.527,0.0
51006.098,0.0
51199.668,0.0
51393.24,0.0
51586.812,0.0
51780.383,0.0
51973.953,0.0
52167.527,0.0
52361.098,0.0
52554.668,0.0
52748.242,0.0
52941.812,0.0
53135.383,0.0
53328.953,0.0
53522.527,0.0
53716.098,0.0
53909.67,0.0
54103.242,0.0
54296.812,0.0
54490.383,0.0
54683.953,0.0
54877.527,0.0
55071.1,0.0
55264.67,0.0
55458.242,0.0
55651.812,0.0
55845.383,0.0
56038.957,0.0
56232.53,0.0
56426.1,0.0
56619.67,0.0
56813.242,0.0
57006.812,0.0
57200.383,0.0
57393.96,0.0
57587.53,0.0
57781.1,0.0
57974.67,0.0
58168.242,0.0
58361.812,0.0
58555.387,0.0
58748.96,0.0
58942.53,0.0
59136.1,0.0
59329.67,0.0
59523.242,0.0
59716.816,0.0
59910.387,0.0
60103.96,0.0
60297.53,0.0
60491.1,0.0
60684.67,0.0
60878.246,0.0
61071.816,0.0
61265.387,0.0
61458.96,0.0
61652.53,0.0
61846.1,0.0
62136.46,0.0
62523.6,0.0
62910.746,0.0
63297.89,0.0
63685.03,0.0
64072.176,0.0
64459.32,0.0
64846.46,0.0
65233.6,0.0
65620.75,0.0
66007.89,0.0
66395.03,0.0
66782.18,0.0
67169.31,0.0
67556.47,0.0
67943.61,0.0
68330.75,0.0
68717.89,0.0
69105.03,0.0
69492.17,0.0
69879.33,0.0
70266.47,0.0
70653.61,0.0
71040.75,0.0
71427.89,0.0
71815.03,0.0
72202.18,0.0
72589.33,0.0
72976.47,0.0
73363.61,0.0
73750.75,0.0
74137.89,0.0
74525.04,0.0
74912.18,0.0
75299.33,0.0
75686.47,0.0
76073.61,0.0
76460.75,0.0
76847.9,0.0
77235.04,0.0
77622.18,0.0
78009.33,0.0
78396.47,0.0
78783.61,0.0
79170.75,0.0
79557.9,0.0
79945.04,0.0
80332.18,0.0
80719.33,0.0
81106.47,0.0
81493.61,0.0
81880.76,0.0
82267.9,0.0
82655.04,0.0
83042.18,0.0
83429.33,0.0
83816.47,0.0
84203.62,0.0
84590.76,0.0
84977.9,0.0
85365.04,0.0
85752.19,0.0
86139.33,0.0
86526.48,0.0
86913.62,0.0
87300.76,0.0
87687.9,0.0
88075.04,0.0
88462.19,0.0
88849.336,0.0
89236.48,0.0
89623.62,0.0
90010.76,0.0
90397.9,0.0
90785.04,0.0
91172.195,0.0
91559.336,0.0
91946.48,0.0
92333.62,0.0
92720.76,0.0
93107.9,0.0
93495.05,0.0
93882.195,0.0
94269.336,0.0
94656.48,0.0
95043.62,0.0
95430.76,0.0
95817.91,0.0
96205.05,0.0
96592.195,0.0
96979.336,0.0
193571.53,0.0
387143.06,0.0
580714.6,0.0
774286.1,0.0
967857.6,0.0
1161429.2,0.0
1355000.6,0.0
1548572.2,0.0
