recno,id,xpos,ypos,RAJ2000,DEJ2000,SE,IsoArea,FKsap,e_FKsap,apcorr,KsR,FKsapD,e_FKsapD,apcorrD,FKsD,e_FKsD,FKsauto,R50,amaj,bmin,Rad,FKsall,e_FKsall,w_FKsall,FB,e_FB,w_FB,Fg,e_Fg,w_Fg,Fi,e_Fi,w_Fi,IA427,e_IA427,w_IA427,IA484,e_IA484,w_IA484,IA505,e_IA505,w_IA505,IA527,e_IA527,w_IA527,IA624,e_IA624,w_IA624,IA709,e_IA709,w_IA709,IA738,e_IA738,w_IA738,Fr,e_Fr,w_Fr,Fu,e_Fu,w_Fu,FV,e_FV,w_FV,FRp,e_FRp,w_FRp,Fz,e_Fz,w_Fz,FZp,e_FZp,w_FZp,FHl,e_FHl,w_FHl,FHs,e_FHs,w_FHs,FJ1,e_FJ1,w_FJ1,FJ2,e_FJ2,w_FJ2,FJ3,e_FJ3,w_FJ3,FKs,e_FKs,w_FKs,NB118,e_NB118,w_NB118,NB209,e_NB209,w_NB209,F125W,e_F125W,w_F125W,F140W,e_F140W,w_F140W,F160W,e_F160W,w_F160W,F606W,e_F606W,w_F606W,F814W,e_F814W,w_F814W,FJvista,e_FJvista,w_FJvista,FHvista,e_FHvista,w_FHvista,FKsvista,e_FKsvista,w_FKsvista,FYvista,e_FYvista,w_FYvista,F3.6,e_F3.6,w_F3.6,F4.5,e_F4.5,w_F4.5,F5.8,e_F5.8,w_F5.8,F8.0,e_F8.0,w_F8.0,wminOpt,wminHST1,wminfs,wminjhk,wminHST2,wminIRAC,wminall,Star,Nghb,Use,SNR,zspec,Simbad,U,eU,V,eV,J,eJ,zpk,lssfr,lmass,field,mag_U,mag_V,mag_J,e_mag_U,e_mag_V,e_mag_J,GalaxyType
745,745,3823.484,329.301,150.0869751,2.1864257,3,143.0,3.20827,0.11766,1.091841,2.477515,3.2373,0.11095,1.646582,5.33048,0.18268,7.27995,3.319,3.349,2.527,8.436,7.94854,0.43636,0.53,0.281089,0.02722,1.0,0.430146,0.03694,1.0,2.39413,0.0439,1.0,0.202101,0.1062,1.0,0.407931,0.092,1.0,0.430248,0.10769,1.0,0.55193,0.08665,1.0,1.05581,0.09112,1.0,2.00845,0.11155,1.0,1.88694,0.13342,1.0,1.07495,0.03871,1.0,0.13373,0.05455,1.0,0.64623,0.04695,1.0,1.16827,0.04267,1.0,3.17005,0.12908,1.0,3.37697,0.15758,1.0,7.73072,0.61263,0.3,7.21319,0.65161,0.24,4.54321,0.35223,0.17,4.97969,0.34053,0.16,5.10832,0.43376,0.22,8.38725,0.78586,0.15,4.55167,0.6402,0.34,5.81335,1.2622,0.38,4.83421,0.05636,5.64,,,0.0,6.22377,0.07053,3.1,0.896,0.08516,1.0,2.79833,0.09295,1.0,5.09924,0.19165,1.0,7.17137,0.28188,1.0,8.38855,0.24875,1.01,3.98429,0.12639,1.01,7.37336,0.18206,0.94,4.75283,0.18655,1.09,-13.66308,5.34985,0.92,-7.28807,6.00834,1.15,1.0,0.0,1.0,0.53,1.0,0.88,0.53,0,0,1,29.17869,,b'Simbad',0.2784,0.0150677,1.21368,0.0372155,2.98821,0.0112554,0.6649,-10.54,9.29,COSMOS_,26.38832692265369,24.789739511639624,23.811472213061556,29.55488258811538,28.573190354431702,29.871597665540065,0.0
1065,1065,2162.302,420.169,150.1562347,2.1902037,3,140.0,3.46285,0.10792,1.124413,2.375435,3.41826,0.10176,1.646582,5.62845,0.16756,7.31562,3.179,2.993,2.75,6.943,8.22578,0.32374,0.63,0.104345,0.02597,1.0,0.234485,0.03556,1.0,2.13912,0.04221,1.0,0.0742109,0.10123,1.0,0.158105,0.08827,1.0,0.0940764,0.10378,1.0,0.321305,0.0828,1.0,0.820286,0.08753,1.0,1.54103,0.1074,1.0,1.73883,0.12694,1.0,0.8388,0.03691,1.0,0.0438809,0.05216,1.0,0.39711,0.04516,1.0,0.89154,0.04114,1.0,2.96071,0.12297,1.0,2.70308,0.15168,1.0,6.53667,0.44104,0.53,6.27206,0.44791,0.46,3.73308,0.31577,0.2,4.20965,0.23998,0.3,5.16584,0.32705,0.36,8.3278,0.53386,0.3,5.57417,0.45455,0.62,7.31956,0.9114,0.67,4.73987,0.17107,0.54,,,0.0,6.4269,0.16469,0.53,0.78922,0.08163,1.02,2.40128,0.08984,1.0,5.34436,0.18299,1.01,6.90797,0.27322,1.01,8.07069,0.23796,1.01,3.97944,0.12202,1.01,8.44598,0.19637,1.16,5.60504,0.19568,1.16,-1.36761,4.86262,1.04,-2.99078,6.76926,0.94,1.0,0.0,1.0,0.63,1.01,0.99,0.63,0,0,1,33.59084,,b'Simbad',0.207295,0.0183354,1.12202,0.0399386,2.89023,0.0359447,0.668,,9.23,COSMOS_,26.70852793264038,24.874998504285596,23.84766898847517,29.341774027880227,28.496517907184266,28.610912841814816,0.0
1380,1380,2293.829,515.499,150.1507416,2.1941762,0,104.0,3.00429,0.09517,1.17114,2.049359,3.21942,0.08975,1.646582,5.30104,0.14777,5.25715,2.546,2.55,2.4,5.764,6.15686,0.23613,0.81,0.066321,0.0224,1.0,0.0216132,0.03066,1.0,0.912438,0.03642,1.0,-0.0174876,0.0875,1.0,0.0176083,0.0761,1.0,0.143171,0.08965,1.0,0.136279,0.0715,1.0,0.351977,0.07537,1.0,0.40728,0.09275,1.0,0.61133,0.10952,1.0,0.31859,0.03182,1.0,-0.0303925,0.04513,1.0,0.13217,0.03898,1.0,0.43744,0.03548,1.0,1.70142,0.10635,1.0,1.71268,0.13085,1.0,4.26857,0.29327,0.89,4.56603,0.28765,0.82,2.24528,0.16061,0.58,2.99157,0.14248,0.63,3.16811,0.20808,0.66,5.65507,0.32108,0.62,3.002,0.32369,0.91,5.36024,0.64041,1.01,3.23368,0.10783,1.01,,,0.0,4.27761,0.10133,1.03,0.31314,0.05794,1.5,1.1792,0.06418,1.46,3.15195,0.15806,1.01,4.74749,0.2359,1.01,5.79395,0.20573,1.01,2.2693,0.10522,1.01,7.95175,0.15835,1.21,5.60601,0.18539,1.16,-1.01958,4.21591,1.04,8.09957,6.01449,0.93,1.0,0.0,1.46,0.81,1.01,1.0,0.81,0,0,1,35.87282,,b'Simbad',0.211429,0.0132523,0.917774,0.0265047,2.3152,0.011437,0.968,,9.4,COSMOS_,26.68708861073385,25.09316062443863,24.088528715562596,29.694271853256915,28.94169276769801,29.854219697229034,0.0
1402,1402,2472.952,515.49,150.14328,2.1941769,0,146.0,3.21137,0.09891,1.106754,2.574031,2.91719,0.09327,1.646582,4.80339,0.15357,7.46884,3.588,3.682,2.501,7.647,8.26617,0.32921,0.75,0.465689,0.02817,1.0,0.513274,0.03849,1.0,2.23711,0.04577,1.0,0.160023,0.10997,1.0,0.437592,0.09558,1.0,0.453075,0.11267,1.0,0.449515,0.08989,1.0,1.05556,0.09472,1.0,1.71383,0.11658,1.0,2.12837,0.13757,1.0,1.03407,0.03996,1.0,0.468617,0.0568,1.0,0.65958,0.04893,1.0,1.03051,0.04453,1.0,3.04875,0.13372,1.0,3.18965,0.16419,1.0,6.13104,0.47792,0.53,5.67825,0.44582,0.54,4.25588,0.24312,0.4,4.22199,0.21667,0.43,5.11817,0.31988,0.44,8.22332,0.45844,0.48,4.07187,0.51827,0.56,4.02115,1.12102,0.52,5.00858,0.13408,1.03,,,0.0,5.98831,0.12741,1.02,0.85872,0.07869,1.28,2.50678,0.08479,1.32,4.86551,0.19974,1.0,6.42816,0.29635,1.01,8.20325,0.26053,1.0,4.08655,0.13208,1.01,8.40351,0.18814,1.22,5.51533,0.20317,1.13,13.06245,4.48608,1.18,1.50378,5.62211,1.2,1.0,0.0,1.28,0.75,1.0,1.13,0.75,0,0,1,31.27806,,b'Simbad',0.369773,0.0223293,1.31203,0.0295909,3.07488,0.0684402,0.7842,-9.93,9.43,COSMOS_,26.080162008084773,24.70514058639956,23.780429570741525,29.127812228472592,28.822104564194596,27.91172182502016,0.0
1435,1435,4359.794,544.397,150.0646057,2.1953895,3,35.0,1.06666,0.09029,1.367544,2.037218,1.12429,0.08514,1.646582,1.85124,0.14019,1.589,2.352,1.867,1.508,3.91,2.17303,0.16167,0.9,0.724592,0.02223,1.0,0.659179,0.03047,1.0,1.08864,0.03623,1.0,0.611636,0.08753,1.0,0.854575,0.07567,1.0,0.689237,0.08876,1.0,0.744984,0.07146,1.0,0.876274,0.0746,1.0,0.796956,0.09179,1.0,0.78686,0.1092,1.0,0.75078,0.03172,1.0,0.580885,0.04492,1.0,0.78775,0.03863,1.0,0.82438,0.03525,1.0,1.67598,0.10624,1.0,1.6045,0.1295,1.0,2.01128,0.27271,1.02,2.50916,0.26759,0.94,2.86155,0.13631,0.78,2.18536,0.12255,0.83,1.98535,0.17817,0.87,2.06602,0.28001,0.82,1.62219,0.30245,1.03,2.53343,0.60455,1.12,1.93485,0.04471,6.18,,,0.0,2.40027,0.05744,3.2,0.89648,0.09507,0.54,1.42289,0.10477,0.54,1.93609,0.16111,0.95,2.04311,0.23985,0.94,2.28779,0.21076,0.95,2.2823,0.10735,0.95,3.96876,0.31993,0.52,2.68054,0.28923,0.9,-10.40576,7.05502,0.94,1.59724,7.6201,1.06,1.0,0.0,0.54,0.9,0.94,0.9,0.9,0,0,1,13.2052,,b'Simbad',0.454792,0.000181539,0.789128,0.00599079,0.997143,0.00127077,1.1452,-9.36,8.88,COSMOS_,25.855467958390907,25.25713136654871,25.003106387928153,34.352575152942606,30.556289759545063,32.239832616081074,1.0
1460,1460,3536.219,537.476,150.0989532,2.1950979,0,118.0,3.81234,0.09079,1.15688,2.125636,4.01468,0.08562,1.646582,6.6105,0.14098,7.00473,2.699,2.829,2.386,6.054,8.10364,0.23645,0.89,0.308074,0.02339,1.0,0.488356,0.03171,1.0,1.93866,0.03775,1.0,0.295914,0.09167,1.0,0.489685,0.07887,1.0,0.445797,0.09253,1.0,0.502121,0.07438,1.0,0.960063,0.07808,1.0,1.77276,0.09575,1.0,1.63579,0.11485,1.0,0.92393,0.03308,1.0,0.323931,0.04689,1.0,0.60295,0.04026,1.0,1.00155,0.0366,1.0,2.69635,0.11083,1.0,2.93234,0.1351,1.0,7.06904,0.2948,0.95,6.12237,0.28464,0.91,3.64653,0.14466,0.75,4.27675,0.13164,0.78,4.68126,0.19203,0.81,7.46662,0.30294,0.75,4.82847,0.32688,0.96,7.29096,0.64839,1.06,4.7694,0.11265,1.01,5.34993,0.22187,0.9,5.98412,0.10685,0.99,0.87468,0.06551,1.25,2.20188,0.06887,1.35,4.68354,0.16586,0.99,6.28832,0.24478,0.99,7.95523,0.21627,0.99,3.39076,0.10992,0.99,7.50545,0.16769,1.13,4.89543,0.16938,1.02,-8.8184,4.04618,1.31,1.97325,4.92639,1.38,1.0,0.75,1.25,0.89,0.99,1.25,0.89,0,0,1,46.89115,,b'Simbad',0.269009,0.0108923,1.04651,0.0226924,2.67707,0.00798772,0.6905,-10.11,9.4,COSMOS_,26.42558297485502,24.950641543434905,23.930850681841903,29.907201014145844,29.110298924276613,30.243942918024313,0.0
1563,1563,4509.566,544.483,150.0583649,2.1953933,0,337.0,8.37832,0.08979,1.079637,3.276791,7.40776,0.08467,1.646582,12.19749,0.13942,25.42892,4.447,5.569,2.844,9.273,27.454,0.37022,0.91,0.76433,0.03578,1.0,0.880789,0.04896,1.0,4.40266,0.05827,1.0,0.576988,0.14065,1.0,0.596363,0.12162,1.0,1.0557,0.1429,1.0,1.19885,0.11509,1.0,1.86802,0.12016,1.0,2.65028,0.14788,1.0,3.695,0.17543,1.0,1.83386,0.05096,1.0,0.557023,0.07228,1.0,1.2296,0.06209,1.0,1.82562,0.05679,1.0,6.88522,0.17065,1.0,7.379,0.2082,1.0,19.24223,0.44043,1.02,18.04191,0.43163,0.94,9.94671,0.21431,0.82,11.2481,0.19614,0.84,13.37319,0.28646,0.87,27.11182,0.45401,0.81,12.83955,0.48414,1.04,27.5422,0.9812,1.1,12.1657,0.10929,2.61,,,0.0,16.8659,0.09142,3.24,1.54819,0.15284,0.54,5.14051,0.16884,0.54,12.96967,0.25794,0.96,18.93754,0.37787,0.98,27.14009,0.34123,0.94,8.81321,0.17208,0.96,37.8367,0.25012,0.46,28.8082,0.22279,0.82,26.71455,5.39744,1.18,6.23089,6.39513,1.19,1.0,0.0,0.54,0.91,0.94,1.13,0.91,0,0,1,87.48886,,b'Simbad',0.987757,0.0544617,3.51114,0.0666248,11.2015,0.0666248,0.9321,-10.49,9.96,COSMOS_,25.0133747097336,23.63637963381648,22.376809541962174,28.15977201614345,27.940910204163963,27.940910204163963,2.0
1571,1571,3800.93,562.187,150.0879059,2.1961286,3,90.0,1.58577,0.08835,1.093668,2.380756,1.62663,0.08331,1.646582,2.67838,0.13717,3.452,3.127,2.756,2.41,8.324,3.77534,0.32111,0.95,0.0700342,0.02611,1.0,0.0571567,0.03557,1.0,0.714801,0.0423,1.0,0.0555182,0.10268,1.0,0.283975,0.08838,1.0,0.151878,0.10358,1.0,0.128444,0.08328,1.0,0.174555,0.08726,1.0,0.320722,0.10709,1.0,0.48419,0.12853,1.0,0.27002,0.0371,1.0,0.0236834,0.05246,1.0,0.13125,0.04512,1.0,0.27705,0.04101,1.0,1.11042,0.12421,1.0,1.33497,0.15136,1.0,3.41704,0.31799,1.02,3.05845,0.30771,0.97,1.74052,0.15281,0.84,1.90726,0.14026,0.86,2.22828,0.20748,0.87,3.48349,0.32118,0.84,2.33753,0.35007,1.05,2.40297,0.71289,1.1,2.11238,0.05348,5.74,,,0.0,2.78529,0.06808,3.09,0.23355,0.08151,1.01,0.79415,0.08747,1.05,2.36299,0.18529,0.99,2.71183,0.27491,0.98,3.64931,0.24273,0.98,1.47752,0.12297,0.99,4.12329,0.20768,0.91,2.52395,0.17239,1.11,-5.52587,4.78152,1.05,-4.50289,5.6244,1.07,1.0,0.0,1.01,0.95,0.98,1.0,0.94,0,0,1,19.52527,,b'Simbad',0.114224,0.0170647,0.558458,0.0404832,1.30828,0.0214216,0.8614,-11.09,9.28,COSMOS_,27.3556065884637,25.632523708358956,24.70824824430836,29.41975335570183,28.48181291486392,29.172870236045643,0.0
1572,1572,992.048,580.0,150.2050323,2.1968553,0,32.0,0.69158,0.08565,1.199621,2.027846,0.71276,0.08077,1.646582,1.17361,0.133,1.16904,2.489,1.749,1.682,5.3,1.40241,0.19617,1.0,0.491142,0.0224,1.0,0.504217,0.03012,1.0,0.55573,0.03594,1.0,0.506811,0.08747,1.0,0.459395,0.07556,1.0,0.498423,0.08829,1.0,0.677857,0.07152,1.0,0.597974,0.074,1.0,0.511542,0.09209,1.0,0.69934,0.10948,1.0,0.98909,0.03135,1.0,0.42766,0.044,1.0,0.548,0.03875,1.0,0.51029,0.03545,1.0,0.682853,0.10475,1.0,0.64828,0.12997,1.0,1.77611,0.26693,1.07,1.31117,0.2584,1.02,1.15261,0.13315,0.81,1.3634,0.13215,0.72,0.98907,0.17782,0.88,1.20581,0.28369,0.8,1.10203,0.34596,0.78,1.45917,0.5913,1.16,,,0.0,,,0.0,,,0.0,0.56716,0.0696,1.02,0.50008,0.07802,0.97,1.35624,0.1553,1.03,1.5647,0.22824,1.04,1.25229,0.20046,1.03,0.75063,0.10294,1.04,1.31234,0.15234,0.91,0.938583,0.1905,0.64,-2.22342,4.07518,1.16,-4.35775,5.97515,0.87,1.0,0.0,0.97,1.0,1.03,1.11,1.0,0,0,1,8.824423,,b'Simbad',0.326119,0.00472001,0.475099,0.0103477,0.471217,0.00508309,1.661,-9.79,8.78,COSMOS_,26.216559745128784,25.80803970923371,25.816947624961273,30.815142703128647,29.9628904270421,30.73468050178232,1.0
1593,1593,4189.622,583.04,150.071701,2.1969988,0,35.0,0.68067,0.08882,1.358472,2.021302,0.79043,0.08376,1.646582,1.3015,0.13791,1.01279,2.189,1.832,1.569,3.95,1.37585,0.16003,0.93,0.60416,0.02206,1.0,0.582899,0.03025,1.0,0.700771,0.03596,1.0,0.494595,0.08698,1.0,0.593791,0.07511,1.0,0.59512,0.08802,1.0,0.588017,0.0708,1.0,0.544273,0.07396,1.0,0.514726,0.09098,1.0,0.64022,0.10864,1.0,0.65132,0.0315,1.0,0.552967,0.04454,1.0,0.57771,0.03835,1.0,0.60826,0.0349,1.0,0.680541,0.10549,1.0,0.7848,0.12851,1.0,1.30807,0.26234,1.08,0.89074,0.25298,1.03,0.83746,0.12567,0.9,1.09093,0.1153,0.92,1.15256,0.17076,0.93,1.38617,0.26466,0.9,1.17615,0.28778,1.12,1.17449,0.60525,1.1,1.2657,0.04431,6.21,,,0.0,1.29471,0.05657,3.25,0.73624,0.0757,0.84,0.78686,0.08691,0.77,1.18634,0.1592,0.96,1.44411,0.23553,0.96,1.30522,0.20685,0.97,0.87955,0.10594,0.96,1.42684,0.18629,0.61,1.47173,0.16304,0.98,-5.92992,4.50531,1.04,8.78569,5.92381,0.84,1.0,0.0,0.77,0.93,0.96,0.99,0.93,0,0,1,9.437326,,b'Simbad',0.313315,0.0108923,0.481641,0.0108923,0.51336,0.0032677,1.7818,-10.3,8.82,COSMOS_,26.26004703177685,25.793191376448565,25.723944934292163,29.907201014145844,29.907201014145844,31.21439455471038,1.0
1883,1883,2299.71,632.67,150.1504974,2.1990581,0,206.0,12.51718,0.08697,1.127036,2.313804,13.37102,0.08159,1.646582,22.01648,0.13435,25.69776,2.913,3.125,2.77,6.855,28.9623,0.25743,0.97,1.00659,0.02527,1.0,1.25755,0.03462,1.0,4.90427,0.04112,1.0,0.848569,0.09899,1.0,1.14232,0.08579,1.0,1.31389,0.10128,1.0,1.66687,0.0808,1.0,2.45647,0.08486,1.0,3.02698,0.10474,1.0,4.356,0.12381,1.0,2.34599,0.03593,1.0,0.911477,0.05101,1.0,1.77903,0.04406,1.0,2.41141,0.04008,1.0,7.56604,0.12023,1.0,7.88212,0.14777,1.0,20.92482,0.29634,1.11,18.75862,0.28058,1.09,9.96916,0.14674,0.89,11.6847,0.13585,0.88,15.72335,0.19862,0.92,28.41738,0.30266,0.89,13.80882,0.32369,1.16,24.8594,0.68058,1.14,14.172,0.12124,1.02,,,0.0,17.7587,0.11411,1.03,2.0277,0.0651,1.51,5.74946,0.07223,1.47,14.68887,0.17856,1.01,19.82821,0.26633,1.01,28.76167,0.23218,1.01,9.58064,0.11885,1.01,39.2634,0.16503,1.17,29.681,0.1935,1.09,22.23084,4.82425,0.96,20.64773,6.25037,0.8,1.0,0.0,1.47,0.97,1.01,0.92,0.97,0,0,1,163.8787,,b'Simbad',1.26573,0.037034,3.80023,0.0406647,11.7606,0.0157939,0.9595,-9.79,9.92,COSMOS_,24.744147315606824,23.550475294834264,22.32392630235846,28.578498444416702,28.47695606829678,29.5037765401878,2.0
2014,2014,535.192,652.074,150.2240753,2.1998549,3,306.0,11.01942,0.09761,1.082783,2.716629,10.33528,0.09205,1.646582,17.01788,0.15156,27.64698,3.724,4.31,3.49,9.037,29.93567,0.39095,0.77,0.847782,0.02991,1.0,1.10592,0.04032,1.0,3.94597,0.0483,1.0,1.02455,0.11663,1.0,1.31015,0.10067,1.0,1.2056,0.11859,1.0,1.30596,0.09572,1.0,1.87251,0.09924,1.0,2.32255,0.12405,1.0,3.7244,0.14543,1.0,1.9498,0.0422,1.0,0.871528,0.05916,1.0,1.38575,0.05189,1.0,1.8198,0.04735,1.0,6.00371,0.14031,1.0,6.42427,0.17437,1.0,19.59838,0.36952,1.01,16.7783,0.3611,0.92,8.51787,0.21046,0.58,11.3619,0.41348,0.13,14.46164,0.26389,0.72,27.46802,0.4441,0.6,,,0.0,25.9185,0.79558,1.15,,,0.0,,,0.0,,,0.0,1.58829,0.12941,0.52,4.39894,0.14477,0.51,13.28707,0.21441,0.97,18.66522,0.305,1.03,29.35075,0.30077,0.83,8.16223,0.14924,0.89,45.6094,0.1892,0.78,37.4763,0.32803,0.28,39.08423,4.67435,1.12,21.22853,5.84883,1.13,1.0,0.0,0.51,0.77,0.83,1.07,0.77,0,0,1,112.2826,,b'Simbad',0.992659,0.0219662,3.44218,0.0600894,11.7537,0.0824187,0.9779,-8.68,10.05,COSMOS_,25.00799978876217,23.65791605773848,22.324563495898378,29.145612666275177,28.053005331121426,27.709935599840364,2.0
3240,3240,4790.318,943.473,150.0466614,2.212018,0,89.0,1.7632,0.08835,1.130947,2.336471,1.86814,0.08331,1.646582,3.07605,0.13717,3.64267,2.943,2.64,2.338,6.733,4.11967,0.25661,0.94,1.60813,0.02552,1.0,1.70101,0.03498,1.0,3.27583,0.04163,1.0,1.56278,0.1002,1.0,1.49991,0.08638,1.0,1.7977,0.10246,1.0,1.61728,0.08214,1.0,2.69502,0.08578,1.0,2.90038,0.10613,1.0,3.38124,0.12608,1.0,2.41843,0.03633,1.0,1.70722,0.0513,1.0,1.68508,0.0443,1.0,2.55788,0.04058,1.0,3.36647,0.12138,1.0,3.6055,0.14809,1.0,4.43785,0.37282,0.74,3.85729,0.32829,0.83,4.06207,0.13638,1.04,4.07549,0.12849,0.99,4.06875,0.19565,0.94,4.1287,0.28049,1.08,4.09951,0.46226,0.58,3.85437,1.00792,0.53,,,0.0,,,0.0,,,0.0,,,0.0,,,0.0,3.58296,0.19794,0.85,3.71422,0.28262,0.89,,,0.72,3.53135,0.13824,0.77,3.74517,0.26313,0.36,2.89718,0.22433,0.65,-4.09621,4.48996,1.1,-6.4838,5.52349,0.94,1.0,0.0,0.0,0.94,0.72,1.05,0.94,0,0,1,22.42433,,b'Simbad',0.741347,0.0157939,1.24139,0.00580925,1.51417,0.00617233,0.6601,-8.9,8.6,COSMOS_,25.32494616388828,24.76522939347433,24.549563406678345,29.5037765401878,30.58969983334712,30.523877156721603,1.0
3371,3371,1350.577,987.263,150.1900787,2.2138262,0,29.0,0.50379,0.08058,1.383982,2.185071,0.5776,0.07598,1.646582,0.95106,0.12511,0.79539,2.223,2.076,1.303,3.832,1.10081,0.14244,1.13,0.445569,0.02396,1.0,0.416059,0.03257,1.0,0.492358,0.03872,1.0,0.491589,0.0945,1.0,0.324191,0.08109,1.0,0.419924,0.09514,1.0,0.396575,0.07708,1.0,0.403529,0.07947,1.0,0.420282,0.09856,1.0,0.41443,0.11809,1.0,0.41641,0.03389,1.0,0.450825,0.04775,1.0,0.43285,0.04169,1.0,0.4066,0.03808,1.0,0.864193,0.11362,1.0,0.93633,0.1401,1.0,1.35373,0.26471,1.25,1.26497,0.25161,1.22,1.13217,0.11607,1.26,0.924719,0.1074,1.23,1.2071,0.15938,1.24,1.27799,0.24416,1.22,1.073,0.30181,1.19,0.998772,0.63442,1.17,1.06124,0.11414,1.04,,,0.0,1.28109,0.10749,1.03,0.43671,0.06545,1.33,0.70136,0.06747,1.49,0.49512,0.16756,1.03,0.87394,0.24933,1.02,0.68576,0.21708,1.02,1.01776,0.11172,1.03,1.42731,0.15635,1.1,0.818248,0.17154,0.86,-0.52283,4.2295,1.03,-4.9463,4.94769,1.19,1.0,0.0,1.33,1.13,1.02,0.99,1.13,0,0,1,7.60169,,b'Simbad',0.221328,0.00526463,0.357105,0.00617233,0.484615,0.00290462,1.1673,-9.09,8.57,COSMOS_,26.637409101012512,26.11801017249335,25.78650786882888,30.69658036442739,30.523877156721603,31.34227669148696,1.0
3610,3610,859.688,1035.181,150.210556,2.2158191,0,64.0,1.64246,0.07885,1.235563,2.118376,2.02595,0.07436,1.646582,3.33589,0.12243,2.816,2.214,2.133,2.042,4.863,3.47935,0.16717,1.18,1.13633,0.02328,1.0,1.22665,0.03157,1.0,2.31899,0.03756,1.0,1.30439,0.0917,1.0,1.14872,0.07861,1.0,1.07654,0.09243,1.0,1.23692,0.07504,1.0,1.53651,0.077,1.0,2.1539,0.09593,1.0,2.32496,0.11386,1.0,1.56539,0.03285,1.0,1.10168,0.04632,1.0,1.21605,0.04034,1.0,1.64613,0.03694,1.0,2.77236,0.11011,1.0,2.96199,0.1362,1.0,3.5172,0.25736,1.26,3.2609,0.24309,1.24,2.76106,0.10995,1.31,3.06597,0.10455,1.23,3.07018,0.15348,1.27,3.06954,0.23255,1.28,3.36463,0.30433,1.1,1.77454,0.62038,1.15,,,0.0,,,0.0,,,0.0,1.34929,0.07418,0.97,2.48202,0.08075,0.98,3.13665,0.16061,1.06,3.23298,0.2333,1.09,3.75672,0.21042,1.03,2.69891,0.10727,1.05,3.47128,0.18196,0.88,2.04243,0.23029,0.46,-5.55707,4.34109,1.1,1.0501,6.01544,0.8,1.0,0.0,0.97,1.18,1.03,1.05,1.18,0,0,1,27.24675,,b'Simbad',0.539381,0.0181539,0.982965,0.00363078,1.11844,0.00145231,0.7527,-8.9,8.77,COSMOS_,25.67026088970452,25.01865486406025,24.878468272923403,29.352575152942606,31.100000163782653,32.09485168064691,1.0
3781,3781,1823.155,1070.236,150.1703796,2.2172861,0,78.0,1.07175,0.0813,1.165665,2.296837,1.10204,0.07666,1.646582,1.8146,0.12623,2.11178,2.901,2.744,2.233,5.867,2.46163,0.2052,1.11,0.0490167,0.02505,1.0,0.0251407,0.03432,1.0,0.346183,0.04081,1.0,-0.136452,0.09871,1.0,0.0725113,0.08495,1.0,0.20891,0.10044,1.0,0.00804725,0.08056,1.0,0.0486874,0.08373,1.0,0.152641,0.1038,1.0,0.1708,0.12369,1.0,0.09936,0.03576,1.0,0.0545747,0.05045,1.0,0.04951,0.04381,1.0,0.08557,0.03996,1.0,0.616867,0.11946,1.0,0.73645,0.14712,1.0,1.83382,0.27867,1.24,1.8758,0.26304,1.22,1.12472,0.12278,1.25,1.29913,0.11351,1.22,1.66082,0.16868,1.23,2.34068,0.25867,1.19,1.35818,0.32413,1.14,2.07973,0.66687,1.17,1.50504,0.11925,1.05,1.44855,0.20959,1.18,2.04186,0.11445,1.01,0.07601,0.06432,1.52,0.33752,0.07053,1.51,1.65661,0.17651,1.02,2.15787,0.26084,1.03,2.41564,0.22803,1.02,1.33561,0.11722,1.03,3.68404,0.1368,1.27,3.16397,0.16151,1.09,5.77855,4.17611,1.13,13.74994,5.81619,0.87,1.0,1.0,1.51,1.11,1.02,1.08,1.11,0,0,1,14.37486,,b'Simbad',0.106261,0.0136154,0.530602,0.0228739,1.06065,0.0252339,1.2095,-20.42,9.3,COSMOS_,27.43406525338176,25.688077793407185,24.93606975925083,29.6649239880427,29.10164945467474,28.99503905587165,0.0
3835,3835,4068.46,1071.345,150.0767517,2.2173433,2,213.0,4.79948,0.07987,1.099651,2.916484,4.71371,0.07532,1.646582,7.7615,0.12402,12.72913,3.814,4.53,2.597,7.992,13.99761,0.27898,1.15,0.850727,0.03173,1.0,0.96973,0.04391,1.0,1.89347,0.05217,1.0,0.574276,0.12553,1.0,0.88473,0.10858,1.0,0.865847,0.12747,1.0,0.963236,0.10197,1.0,1.26827,0.10656,1.0,1.62918,0.13131,1.0,1.66978,0.15711,1.0,1.35172,0.04561,1.0,0.936072,0.06388,1.0,0.99932,0.05541,1.0,1.33221,0.05034,1.0,3.60382,0.15229,1.0,3.68468,0.18502,1.0,9.31801,0.36689,1.15,8.54406,0.34692,1.14,4.84857,0.15423,1.25,5.45312,0.14531,1.21,6.16441,0.21675,1.21,13.47209,0.32454,1.23,5.2379,0.4309,1.04,12.0542,0.88963,1.06,6.0127,0.08901,3.08,6.93585,0.29001,0.99,8.70709,0.10507,1.93,0.96417,0.09954,1.01,2.28461,0.10828,1.03,6.28394,0.22981,0.98,9.32484,0.33998,0.97,13.97498,0.29764,0.98,4.89531,0.15244,0.98,23.909,0.2057,0.78,23.2034,0.19561,1.03,10.84761,4.91431,1.1,28.30055,6.34819,1.0,1.0,0.97,1.01,1.15,0.97,1.06,1.15,0,0,1,62.58298,,b'Simbad',0.769584,0.0437509,2.0924,0.0442955,6.50959,0.117093,1.1957,-8.77,9.93,COSMOS_,25.28435992513852,24.198388221611506,22.96611591043242,28.397532521689115,28.384100979275036,27.32867266736267,2.0
3844,3844,1776.282,1083.901,150.1723328,2.2178552,0,94.0,1.78005,0.08242,1.168328,2.215789,1.99969,0.07772,1.646582,3.29266,0.12798,3.37595,2.586,2.623,2.373,5.813,3.94422,0.20615,1.08,0.056931,0.02418,1.0,0.0518979,0.0331,1.0,0.582142,0.03936,1.0,0.0839142,0.09528,1.0,-0.0688102,0.08197,1.0,-0.00725464,0.09687,1.0,0.0896193,0.07777,1.0,0.190639,0.08076,1.0,0.275471,0.1001,1.0,0.0769,0.11938,1.0,0.17453,0.0345,1.0,-0.0390642,0.04865,1.0,0.08586,0.04226,1.0,0.21953,0.03856,1.0,0.979636,0.11525,1.0,0.96893,0.14194,1.0,2.82729,0.26885,1.24,2.9498,0.25281,1.23,1.30949,0.11793,1.26,1.86901,0.10943,1.22,2.00318,0.1626,1.23,3.84176,0.24951,1.19,1.57274,0.30477,1.2,3.52349,0.64061,1.18,1.90106,0.11621,1.03,2.40245,0.20024,1.2,2.67035,0.11041,1.01,0.03887,0.06105,1.57,0.5397,0.06824,1.5,1.87381,0.17032,1.02,2.97174,0.25285,1.02,3.78691,0.21995,1.02,1.42824,0.11311,1.03,5.40596,0.14338,1.24,3.73552,0.16414,1.08,-0.68123,4.13639,1.13,-9.95718,5.55098,1.01,1.0,1.0,1.5,1.08,1.02,1.08,1.08,0,0,1,25.72883,,b'Simbad',0.0995241,0.0128893,0.549468,0.0348555,1.57805,0.0136154,0.9689,-10.9,9.38,COSMOS_,27.505179352666644,25.650143987528402,24.504698101073657,29.7244266698423,28.64432170738801,29.6649239880427,0.0
3851,3851,3485.986,1100.294,150.1010437,2.2185471,3,19.0,0.3881,0.08022,1.368564,1.948694,0.45715,0.07532,1.646582,0.75273,0.12402,0.55261,1.959,1.483,1.07,3.905,0.75629,0.14355,1.14,0.192888,0.02132,1.0,0.252908,0.02926,1.0,0.271352,0.03481,1.0,0.20688,0.0841,1.0,0.247036,0.07234,1.0,0.144672,0.08505,1.0,0.170001,0.06812,1.0,0.0221771,0.07126,1.0,0.184445,0.08771,1.0,0.05192,0.10521,1.0,0.21388,0.03043,1.0,0.189605,0.04274,1.0,0.20092,0.03695,1.0,0.21034,0.03368,1.0,0.16543,0.1015,1.0,0.17168,0.12372,1.0,0.58702,0.24092,1.2,0.42065,0.22849,1.19,0.35156,0.10235,1.27,0.375046,0.09594,1.24,0.48872,0.14243,1.24,0.56696,0.21375,1.26,0.21607,0.27744,1.12,-0.189717,0.58088,1.11,0.454179,0.10231,1.02,,,0.0,0.62418,0.09688,1.01,0.23289,0.06064,1.23,0.30056,0.06387,1.33,0.4699,0.15307,0.99,0.4656,0.22536,0.99,0.91835,0.19788,0.99,0.20136,0.10145,0.99,0.504921,0.16513,1.25,0.45212,0.19133,1.12,0.14628,5.3359,1.03,0.2179,6.8538,1.05,1.0,0.0,1.23,1.14,0.99,0.99,1.14,0,0,1,6.069485,,b'Simbad',0.12119,0.01416,0.21202,0.016157,0.179426,0.00490155,1.8514,-9.03,8.74,COSMOS_,27.291333036315283,26.68405792456548,26.86528656155796,29.622341866615624,29.47909818755405,30.774166407071178,1.0
3852,3852,5042.634,1088.188,150.0361328,2.2180481,3,67.0,2.15953,0.11766,1.204204,1.825698,2.00726,0.11095,1.646582,3.30511,0.18268,3.27407,2.533,2.387,1.962,5.237,3.94265,0.26652,0.53,0.226765,0.0201,1.0,0.260728,0.02724,1.0,0.503599,0.03238,1.0,0.328224,0.0781,1.0,0.293267,0.06726,1.0,0.186478,0.08014,1.0,0.201091,0.06423,1.0,0.288242,0.06716,1.0,0.425175,0.08304,1.0,0.41499,0.09902,1.0,0.34979,0.02837,1.0,0.182438,0.0399,1.0,0.22961,0.03467,1.0,0.30689,0.03186,1.0,0.572855,0.09411,1.0,0.69415,0.11585,1.0,2.14198,0.61592,0.17,3.50596,0.537,0.19,1.0738,0.14372,0.57,1.81221,0.14456,0.48,2.01592,0.23082,0.41,3.82431,0.30965,0.54,,,0.0,,,0.0,,,0.0,,,0.0,,,0.0,,,0.0,,,0.0,1.94264,0.16996,0.71,3.06896,0.24285,0.73,4.06059,0.27007,0.47,0.73022,0.12919,0.54,10.5587,0.30665,0.27,10.711,0.27454,0.44,7.2622,4.54137,1.11,1.65775,6.59437,0.8,1.0,0.0,0.0,0.53,0.47,1.06,0.53,0,0,1,18.09198,,b'Simbad',0.392346,0.0341293,1.07134,0.0960341,3.83479,0.0477448,1.885,-8.66,9.89,COSMOS_,26.01582692675108,24.925181699459362,23.54064603452762,28.66718154778091,27.543936323332407,28.30268480388025,2.0
3936,3936,484.224,1094.489,150.2262115,2.2182872,3,147.0,5.63907,0.09957,1.138315,2.189301,6.02818,0.09389,1.646582,9.92589,0.1546,10.84551,2.765,3.112,2.512,6.515,12.34561,0.27945,0.74,0.173563,0.02402,1.0,0.290481,0.03268,1.0,1.85175,0.03892,1.0,0.361787,0.09424,1.0,0.322685,0.08061,1.0,0.631493,0.0956,1.0,0.276149,0.07739,1.0,0.771761,0.07983,1.0,1.14508,0.09925,1.0,1.48909,0.11694,1.0,0.70431,0.03415,1.0,0.207576,0.04823,1.0,0.45804,0.04163,1.0,0.71053,0.03811,1.0,3.05918,0.11374,1.0,3.30384,0.14067,1.0,8.92105,0.32114,0.87,7.91066,0.31235,0.8,4.56021,0.18883,0.47,5.40794,0.28379,0.18,6.06033,0.23193,0.6,12.45765,0.36792,0.54,6.6607,1.34669,0.06,10.588,0.68078,1.02,,,0.0,,,0.0,,,0.0,0.62145,0.10494,0.51,1.98122,0.11615,0.5,5.8286,0.1787,0.91,8.48457,0.25208,0.99,11.9547,0.25154,0.77,3.89719,0.12366,0.84,16.4742,0.17845,0.67,12.2496,0.30297,0.25,1.79952,4.56928,0.97,2.86107,5.45476,1.01,1.0,0.0,0.5,0.74,0.77,0.93,0.74,0,0,1,64.20177,,b'Simbad',0.343781,0.0172462,1.55115,0.0508309,5.09787,0.032677,0.9066,-10.1,9.77,COSMOS_,26.159295323653943,24.52336550704177,23.231528109006085,29.408266454495926,28.23468050178232,28.71439455471038,2.0
4164,4164,1643.787,1150.135,150.1778564,2.220614,0,183.0,4.6501,0.08204,1.11581,2.666035,4.55895,0.07736,1.646582,7.50669,0.12739,11.11061,3.455,3.93,2.471,7.261,12.39733,0.25818,1.09,0.450331,0.02914,1.0,0.512895,0.0398,1.0,1.55496,0.04735,1.0,0.420358,0.11483,1.0,0.327594,0.09867,1.0,0.480809,0.11646,1.0,0.402824,0.09375,1.0,0.958146,0.09711,1.0,1.03743,0.12035,1.0,0.98529,0.14383,1.0,0.89318,0.04149,1.0,0.531146,0.05845,1.0,0.62256,0.05083,1.0,0.76654,0.04642,1.0,2.58266,0.13871,1.0,2.53782,0.17083,1.0,7.82329,0.32231,1.25,7.39824,0.3059,1.22,3.78718,0.14177,1.26,4.31894,0.13089,1.23,5.32212,0.19441,1.24,11.85892,0.29276,1.25,4.78625,0.3667,1.2,9.94798,0.77739,1.16,4.88621,0.1393,1.04,6.28613,0.23812,1.22,7.13324,0.15313,0.76,0.67787,0.06443,2.04,1.80345,0.07194,1.95,5.13955,0.20513,1.02,7.67191,0.30424,1.02,12.05251,0.26462,1.02,4.09341,0.13615,1.03,22.3473,0.16236,1.18,20.8963,0.18134,1.01,20.25469,4.81501,1.05,20.92028,5.76527,1.07,1.0,0.76,1.95,1.09,1.02,1.0,1.09,0,0,1,58.92822,,b'Simbad',0.49554,0.0335847,1.58863,0.0658987,5.61242,0.116911,1.0915,-8.9,9.86,COSMOS_,25.76230320875841,24.49744310101788,23.12712459105448,28.68464631685944,27.952807881891125,27.330361561818414,2.0
4408,4408,3079.944,1219.601,150.117981,2.2235162,3,53.0,1.00744,0.0813,1.108848,2.316381,0.85711,0.07666,1.646582,1.4113,0.12623,2.10455,3.5,2.584,1.991,7.553,2.33362,0.26699,1.11,0.102922,0.02537,1.0,0.0544573,0.03474,1.0,0.324086,0.0414,1.0,0.102134,0.09967,1.0,0.104428,0.08591,1.0,0.0379679,0.10122,1.0,0.0958002,0.08097,1.0,0.230202,0.08473,1.0,0.252087,0.10459,1.0,0.32251,0.12477,1.0,0.16374,0.03614,1.0,0.105372,0.05089,1.0,0.10653,0.04393,1.0,0.13871,0.0402,1.0,0.729561,0.1205,1.0,0.6136,0.14749,1.0,1.39487,0.29978,1.1,1.53407,0.28607,1.08,0.9128,0.13284,1.08,1.21935,0.12076,1.11,1.42924,0.17681,1.14,2.01167,0.27427,1.08,0.7737,0.34061,1.05,0.767691,0.72386,1.01,1.35783,0.12049,1.04,1.75789,0.23774,0.95,1.74166,0.11413,1.02,0.14532,0.07274,1.21,0.44036,0.07777,1.27,1.42642,0.18161,0.99,1.79127,0.26835,0.99,2.32341,0.23416,1.0,0.99628,0.11985,1.0,4.14507,0.19413,1.3,3.36939,0.20466,1.02,3.79107,5.57756,1.22,12.85757,7.60276,0.94,1.0,0.95,1.21,1.11,0.99,1.17,1.11,0,0,1,11.18003,,b'Simbad',0.114965,0.0197878,0.446147,0.030317,1.01609,0.0646279,1.1474,-9.91,9.23,COSMOS_,27.348585890864367,25.876305057422442,24.982669556970112,29.259006219508187,28.795784440639753,27.973949889213483,0.0
4620,4620,3618.788,1274.394,150.0955048,2.2258017,0,37.0,0.59569,0.07987,1.306728,2.208163,0.64505,0.07532,1.646582,1.06213,0.12402,1.00662,2.41,2.171,1.544,4.266,1.31538,0.15226,1.15,0.314082,0.02414,1.0,0.390995,0.0332,1.0,0.399284,0.03948,1.0,0.30339,0.09506,1.0,0.208951,0.0822,1.0,0.355334,0.09647,1.0,0.301333,0.07708,1.0,0.426409,0.08087,1.0,0.360588,0.09931,1.0,0.4749,0.11899,1.0,0.36961,0.03454,1.0,0.270417,0.04827,1.0,0.34879,0.04185,1.0,0.40844,0.03817,1.0,0.317464,0.11497,1.0,0.33602,0.14026,1.0,0.94405,0.2726,1.2,0.34721,0.25861,1.19,0.63919,0.11624,1.26,0.637011,0.10904,1.23,0.87621,0.16275,1.22,1.28745,0.24812,1.2,0.348,0.31723,1.1,2.00151,0.65528,1.12,0.938735,0.11709,1.0,0.917362,0.18257,1.45,0.93148,0.11154,0.98,0.31319,0.07434,1.05,0.40672,0.08057,1.07,0.73068,0.17353,0.99,1.18647,0.25672,0.98,0.97404,0.22403,0.99,0.54874,0.11447,1.0,1.01716,0.14187,1.09,0.955545,0.14488,1.15,-5.41716,3.91582,1.11,1.81537,5.00582,1.05,1.0,0.98,1.05,1.15,0.98,1.06,1.15,0,0,1,8.564256,,b'Simbad',0.210525,0.00762464,0.343453,0.0216031,0.368448,0.00344924,1.8099,-9.79,8.76,COSMOS_,26.69174080993465,26.160331714467556,26.084059491402446,30.294451642151103,29.163709810051756,31.155691465335973,1.0
5194,5194,2889.475,1379.025,150.1259155,2.2301576,3,551.0,41.52703,0.09291,1.075852,2.635829,43.91304,0.08761,1.646582,72.3064,0.14425,101.7409,3.391,4.572,3.696,9.578,109.4581,0.39972,0.84,1.95027,0.02887,1.0,3.16516,0.03952,1.0,17.3054,0.04713,1.0,1.7077,0.11307,1.0,2.71427,0.09782,1.0,3.54574,0.11526,1.0,4.33144,0.09208,1.0,9.91412,0.09651,1.0,13.513,0.11924,1.0,16.02033,0.14175,1.0,9.54449,0.04117,1.0,1.02726,0.0579,1.0,5.63087,0.04999,1.0,9.7729,0.04583,1.0,25.7023,0.137,1.0,27.74166,0.16827,1.0,88.39969,0.41049,0.76,77.25183,0.41671,0.66,36.61659,0.19845,0.63,41.9624,0.17814,0.66,53.5365,0.2708,0.63,112.45956,0.42592,0.58,50.1442,0.47811,0.69,102.247,0.90862,0.83,50.3225,0.14139,0.98,62.2559,0.26945,0.96,72.9121,0.13244,0.98,7.71556,0.0692,1.73,20.41281,0.07307,1.86,51.88292,0.20606,0.99,82.14971,0.30509,0.99,111.91411,0.2661,1.0,34.35651,0.13617,1.0,76.0585,0.14041,1.23,78.2483,0.17214,1.04,54.52808,5.23349,0.97,154.27297,7.24931,0.8,1.0,0.58,1.73,0.84,0.99,0.92,0.85,0,0,1,501.2425,,b'Simbad',1.36654,0.0379417,5.91538,0.303715,31.3254,0.87647,0.364,-9.82,9.95,COSMOS_,24.660944128872632,23.070043378392224,21.260258436773587,28.55220803548456,26.29383439609866,25.14315736109726,2.0
5876,5876,895.325,1608.482,150.2090607,2.2397053,0,82.0,2.37687,0.08204,1.194444,2.091126,2.79882,0.07736,1.646582,4.60849,0.12739,4.16121,2.348,2.445,2.176,5.374,4.97033,0.19035,1.09,0.121452,0.02301,1.0,0.167256,0.03123,1.0,1.38248,0.03714,1.0,-0.0268563,0.09052,1.0,0.188011,0.07744,1.0,0.0786043,0.09154,1.0,0.118207,0.074,1.0,0.446422,0.07615,1.0,0.888603,0.09449,1.0,1.16419,0.1125,1.0,0.4752,0.03251,1.0,0.0421992,0.04568,1.0,0.27017,0.03961,1.0,0.52112,0.03632,1.0,1.98177,0.1089,1.0,2.16604,0.13427,1.0,4.77292,0.29848,0.9,3.55582,0.28962,0.85,2.5696,0.12311,1.02,2.94166,0.11028,1.07,3.57412,0.16642,1.05,4.74125,0.24551,1.09,3.60184,0.37393,0.71,5.16098,0.73424,0.8,,,0.0,,,0.0,,,0.0,0.53077,0.09967,0.52,1.57775,0.10989,0.51,3.24299,0.15632,1.1,4.15514,0.22843,1.12,4.99978,0.20518,1.05,2.59554,0.10515,1.06,4.53136,0.15539,0.87,3.26906,0.20371,0.51,1.92592,4.34674,1.0,-9.17165,5.34392,1.05,1.0,0.0,0.51,1.09,1.05,0.95,1.09,0,0,1,36.17708,,b'Simbad',0.183351,0.0194247,0.862931,0.0261416,1.7541,0.020877,0.7992,-10.9,9.21,COSMOS_,26.841791792615446,25.160059822755063,24.389864128607634,29.27911419957382,28.95666958723052,29.200829771963306,0.0
6526,6526,1433.215,1763.625,150.1866455,2.2461731,0,193.0,6.9583,0.07661,1.117562,2.446426,7.33195,0.07224,1.646582,12.07265,0.11896,15.23223,3.088,3.476,2.744,7.196,17.02296,0.2388,1.25,0.709531,0.02691,1.0,0.831585,0.03649,1.0,2.5097,0.04353,1.0,0.741653,0.1055,1.0,0.771131,0.09058,1.0,1.16105,0.10697,1.0,0.751718,0.08627,1.0,1.17784,0.08926,1.0,1.72334,0.11069,1.0,1.80368,0.13233,1.0,1.35806,0.03812,1.0,0.810844,0.05348,1.0,1.11497,0.04641,1.0,1.36583,0.04247,1.0,4.23978,0.1273,1.0,4.16615,0.1565,1.0,10.99498,0.29611,1.24,10.46867,0.28146,1.23,5.82558,0.12824,1.29,6.70741,0.11807,1.27,7.89246,0.18306,1.18,16.58675,0.26489,1.28,8.8176,0.33791,1.19,14.2382,0.7103,1.17,7.65272,0.13,1.0,9.14162,0.24585,0.98,10.1778,0.12162,1.02,1.32846,0.06766,1.55,3.04898,0.07384,1.55,7.55773,0.17918,1.13,10.96661,0.26415,1.14,17.05072,0.2297,1.14,5.59225,0.11895,1.13,25.6437,0.14217,1.18,21.9945,0.16335,0.93,19.9397,5.11034,0.85,7.27655,5.51672,1.07,1.0,0.98,1.55,1.25,1.13,0.81,1.25,0,0,1,101.4891,,b'Simbad',0.835247,0.0159754,2.33718,0.0386678,7.17555,0.0112554,1.0569,-8.86,9.92,COSMOS_,25.195462688912652,24.07826959685813,22.860362012509132,29.491370647381196,28.531626340895674,29.871597665540065,2.0
6894,6894,3693.149,1876.867,150.0924072,2.2509036,0,37.0,0.70312,0.07787,1.316798,2.024518,0.81746,0.07343,1.646582,1.34601,0.12091,1.08102,2.134,1.856,1.75,4.199,1.42349,0.14669,1.21,0.524159,0.02219,1.0,0.524185,0.03044,1.0,0.585092,0.03617,1.0,0.537511,0.08668,1.0,0.555105,0.07583,1.0,0.532234,0.08865,1.0,0.564683,0.07051,1.0,0.629666,0.07459,1.0,0.856457,0.09114,1.0,0.59053,0.10851,1.0,0.52668,0.03172,1.0,0.475856,0.04415,1.0,0.59256,0.03827,1.0,0.58223,0.03498,1.0,0.589278,0.10524,1.0,0.57873,0.12888,1.0,1.48993,0.25286,1.17,0.98026,0.24222,1.13,0.99816,0.10885,1.21,1.08448,0.10135,1.19,1.10424,0.15286,1.16,1.42758,0.22902,1.19,1.40657,0.29353,1.08,-0.648931,0.62048,1.05,1.40085,0.0907,1.4,1.31068,0.14723,1.87,1.41063,0.08518,1.41,0.45368,0.0684,1.04,0.61708,0.0739,1.06,1.36174,0.14746,1.14,1.21448,0.21918,1.13,1.24661,0.18881,1.17,0.72804,0.09777,1.15,1.37738,0.14262,1.02,1.54142,0.13362,1.12,-1.70837,4.95546,0.78,-0.87898,5.56995,0.94,1.0,1.0,1.04,1.21,1.13,0.74,1.21,0,0,1,11.13279,,b'Simbad',0.314653,0.00544617,0.493692,0.0139785,0.496629,0.00490155,1.8213,-9.43,8.92,COSMOS_,26.255420307993727,25.766359775550548,25.759919809958834,30.65977201614345,29.63634857302698,30.774166407071178,1.0
7035,7035,5086.439,1912.427,150.034317,2.2523897,0,44.0,1.05829,0.11994,1.338342,2.037381,1.16281,0.1131,1.646582,1.91466,0.18623,1.61106,2.194,1.912,1.598,4.073,2.15615,0.2211,0.51,0.800856,0.02264,1.0,0.7265,0.03004,1.0,1.08159,0.03608,1.0,0.917503,0.08743,1.0,0.732805,0.07485,1.0,0.794535,0.08958,1.0,0.707255,0.07159,1.0,0.709904,0.07508,1.0,0.914952,0.09224,1.0,0.83297,0.11017,1.0,0.80118,0.03165,1.0,0.724263,0.04431,1.0,0.73851,0.03882,1.0,0.80366,0.03554,1.0,1.42874,0.10525,1.0,1.45135,0.12982,1.0,0.68942,0.7228,0.15,1.25498,0.6548,0.16,2.01516,0.17348,0.49,1.67018,0.17527,0.41,1.79263,0.27746,0.35,2.3242,0.37744,0.45,,,0.0,,,0.0,,,0.0,,,0.0,,,0.0,,,0.0,,,0.0,1.79543,0.17855,0.79,1.83449,0.26092,0.8,2.0831,0.29048,0.52,1.90063,0.13656,0.6,2.76591,0.26433,0.27,1.85169,0.25373,0.41,7.36887,4.53502,0.92,2.2991,5.50172,1.01,1.0,0.0,0.0,0.51,0.52,0.88,0.51,0,0,1,10.28107,,b'Simbad',0.381286,0.00381232,0.625086,0.0128893,0.926862,0.0226924,1.0938,-8.86,8.84,COSMOS_,26.046872851976914,25.51015056961563,25.082462307303135,31.047026631311056,29.7244266698423,29.110298924276613,1.0
7179,7179,2498.449,1947.986,150.1422272,2.253861,0,58.0,1.45004,0.07919,1.194132,2.055511,1.71585,0.07467,1.646582,2.82528,0.12295,2.49601,2.257,2.152,2.007,5.383,2.98056,0.18403,1.17,1.29831,0.02255,1.0,1.2309,0.03081,1.0,1.66594,0.03674,1.0,1.35485,0.08788,1.0,1.32126,0.07637,1.0,1.19209,0.08983,1.0,1.08714,0.07178,1.0,1.2174,0.07555,1.0,1.30266,0.09347,1.0,1.22603,0.11059,1.0,1.23419,0.03221,1.0,1.24119,0.0451,1.0,1.2796,0.03892,1.0,1.20884,0.03568,1.0,2.27899,0.10669,1.0,2.2107,0.13171,1.0,2.29015,0.31398,0.79,2.34711,0.28263,0.87,2.7248,0.12147,1.03,2.40399,0.11326,0.99,2.50489,0.17249,0.95,2.8278,0.24519,1.07,2.48322,0.38123,0.66,1.62988,0.85504,0.57,2.50577,0.10841,1.01,2.34161,0.2056,0.99,2.61358,0.10093,1.03,1.25661,0.05766,1.51,1.82542,0.06337,1.49,2.3594,0.14637,1.17,2.12646,0.21718,1.17,3.05096,0.18929,1.19,2.91568,0.09722,1.18,3.35771,0.12782,1.2,2.81142,0.14863,1.11,-2.87351,4.88711,0.91,-12.85493,5.57154,1.0,1.0,0.57,1.49,1.17,1.17,0.87,1.17,0,0,1,22.97824,,b'Simbad',0.586146,0.00236001,0.883786,0.00889541,1.10577,0.000181539,1.0841,-8.83,8.88,COSMOS_,25.57998548599212,25.134132205878938,24.890837992068434,31.567715392007344,30.127085074927095,34.352575152942606,1.0
7262,7262,1506.183,1914.01,150.1835938,2.2524395,2,490.0,37.74328,0.07692,1.089866,2.51703,39.56518,0.07224,1.646582,65.1473,0.11896,87.16755,3.245,3.972,3.396,8.557,95.00098,0.28984,1.24,1.0851,0.0277,1.0,1.59485,0.03754,1.0,10.1506,0.04481,1.0,0.879714,0.10843,1.0,1.44604,0.09318,1.0,1.63293,0.11006,1.0,2.13024,0.08865,1.0,5.12405,0.09196,1.0,8.46553,0.11412,1.0,9.35102,0.13622,1.0,5.52375,0.03926,1.0,0.559111,0.05506,1.0,2.75457,0.04773,1.0,5.47943,0.04363,1.0,15.5848,0.1309,1.0,15.68187,0.16087,1.0,68.28503,0.30206,1.26,59.0844,0.28853,1.24,23.19884,0.13143,1.3,28.1273,0.12119,1.28,36.51799,0.18265,1.26,94.31886,0.2718,1.29,36.48308,0.35062,1.17,82.5541,0.7277,1.18,33.7478,0.13426,0.99,44.1485,0.22827,1.21,54.9355,0.12572,1.01,4.21578,0.08192,1.12,11.3977,0.09278,1.04,34.78555,0.18084,1.17,63.45746,0.26781,1.17,93.57998,0.23121,1.19,21.27598,0.11912,1.19,100.51,0.14513,1.23,91.7475,0.16956,0.93,88.91211,5.04991,0.91,105.69911,5.96524,0.91,1.0,0.99,1.04,1.24,1.17,0.87,1.24,0,0,1,547.6627,,b'Simbad',1.0546,0.0662617,4.65786,0.219118,30.2366,0.545888,0.5277,-10.3,9.88,COSMOS_,24.942280582511387,23.329533922683467,21.298667613305277,27.94684356529647,26.648304861899476,25.65724113120278,2.0
7300,7300,1162.665,1916.686,150.1979218,2.2525485,2,705.0,58.02256,0.07723,1.0712,2.844443,57.66639,0.07283,1.646582,94.95242,0.11992,154.072,3.789,4.464,4.116,9.987,165.0418,0.34641,1.23,8.758,0.03137,1.0,10.8081,0.04241,1.0,39.8766,0.05059,1.0,7.46276,0.12303,1.0,10.9357,0.1054,1.0,12.1153,0.12437,1.0,12.6388,0.10043,1.0,26.648,0.10367,1.0,37.5329,0.12882,1.0,38.23151,0.15387,1.0,25.45021,0.04425,1.0,6.19079,0.06209,1.0,15.3583,0.0539,1.0,25.16792,0.04929,1.0,53.4696,0.14809,1.0,55.34168,0.18193,1.0,137.04978,0.34125,1.26,127.41467,0.32787,1.23,70.29406,0.14967,1.28,78.0737,0.13804,1.26,91.15442,0.2058,1.27,163.78184,0.30833,1.28,93.29362,0.39623,1.17,147.367,0.82586,1.17,86.2093,0.15582,0.94,,,0.0,119.372,0.14705,0.95,21.27058,0.09778,1.0,43.64094,0.10588,1.02,88.07575,0.20549,1.17,132.03509,0.30512,1.16,161.82642,0.26181,1.19,71.73955,0.13481,1.19,124.474,0.17043,1.0,106.102,0.20795,0.65,82.46002,5.0079,1.04,120.59425,6.00129,1.0,1.0,0.0,1.0,1.23,1.16,0.99,1.23,0,0,1,791.8087,0.505,b'Simbad',5.66224,0.281567,16.75,0.763916,55.1403,0.722162,0.4858,-8.99,9.97,COSMOS_,23.117529316380548,21.93996297156784,20.64632718843061,26.376045615992048,25.292385984261404,25.353413419461784,2.0
7328,7328,2175.195,1902.315,150.1557007,2.2519562,3,635.0,44.01281,0.07484,1.076165,2.712942,45.68998,0.07057,1.646582,75.23229,0.1162,110.9534,3.509,4.991,3.368,9.553,119.4042,0.31913,1.31,2.67619,0.02974,1.0,3.45588,0.0406,1.0,17.8535,0.04844,1.0,2.2051,0.11601,1.0,3.50001,0.10054,1.0,3.79072,0.11871,1.0,4.36462,0.0949,1.0,10.476,0.09959,1.0,15.6269,0.12341,1.0,17.07324,0.14616,1.0,10.01367,0.04251,1.0,1.73776,0.05956,1.0,5.51008,0.05142,1.0,10.0962,0.04708,1.0,25.3844,0.14081,1.0,26.58051,0.17378,1.0,89.48879,0.32847,1.25,79.50073,0.31288,1.23,39.81807,0.14345,1.28,41.865,0.13339,1.24,51.37662,0.19846,1.25,119.36935,0.29751,1.26,53.35751,0.37472,1.19,110.113,0.78434,1.18,48.401,0.14379,1.0,61.3136,0.27385,0.97,73.9564,0.11425,1.41,8.13355,0.09448,0.98,20.29609,0.10058,1.03,48.87143,0.19419,1.16,84.60885,0.28689,1.17,118.20871,0.2493,1.19,38.10252,0.12843,1.18,111.469,0.14167,1.14,95.8687,0.15886,1.12,91.41587,4.9275,1.05,124.89015,5.91834,1.02,1.0,0.97,0.98,1.31,1.16,1.0,1.31,0,0,1,647.4431,0.533,b'Simbad',2.14166,0.0442955,8.1112,0.115459,38.4155,0.167379,0.5435,-10.3,9.93,COSMOS_,24.17312368651968,22.727287224883412,21.038733774611707,28.384100979275036,27.3439305207043,26.940747577867388,2.0
7468,7468,3553.5,2027.947,150.0982361,2.2571976,0,67.0,1.13404,0.07631,1.203874,2.274248,1.24498,0.07196,1.646582,2.04996,0.11848,2.14233,2.722,2.615,1.935,5.241,2.57909,0.17298,1.26,0.513147,0.02494,1.0,0.525694,0.0342,1.0,1.37122,0.04061,1.0,0.443992,0.09746,1.0,0.555857,0.08515,1.0,0.137147,0.09949,1.0,0.483376,0.07924,1.0,0.626464,0.08381,1.0,1.23268,0.10249,1.0,1.20927,0.12193,1.0,0.75866,0.03562,1.0,0.458462,0.04963,1.0,0.54901,0.04296,1.0,0.74903,0.03928,1.0,1.54709,0.11821,1.0,1.69409,0.1449,1.0,2.72364,0.28373,1.18,2.1063,0.27242,1.13,1.7916,0.12213,1.22,2.09829,0.11435,1.18,2.02216,0.16948,1.19,2.36822,0.26208,1.15,2.62294,0.33127,1.07,2.94932,0.70036,1.04,2.08195,0.12061,1.0,2.16312,0.27652,0.67,2.14293,0.11417,0.99,0.72948,0.07018,1.25,1.46084,0.07497,1.3,1.78115,0.16589,1.13,2.04408,0.2445,1.14,2.69493,0.21191,1.17,1.66365,0.10875,1.17,2.22892,0.14842,1.11,1.53711,0.15423,1.1,0.52186,4.88102,0.91,7.44523,5.7145,1.01,1.0,0.67,1.25,1.26,1.13,0.87,1.26,0,0,1,17.30186,,b'Simbad',0.265489,0.0107108,0.597438,0.0041754,0.86646,0.00272309,0.7611,-9.2,8.72,COSMOS_,26.439883670809078,25.559267893962055,25.15562870407237,29.925445225205596,30.948254782803353,31.412345011727716,1.0
7516,7516,3362.658,2014.833,150.1061859,2.2566504,0,226.0,13.85445,0.07512,1.123037,2.256876,15.05715,0.07084,1.646582,24.79282,0.11665,27.84217,2.814,3.368,2.671,6.988,31.26779,0.22692,1.3,0.413575,0.02477,1.0,0.554034,0.03392,1.0,3.97264,0.0403,1.0,0.278536,0.09675,1.0,0.52268,0.08441,1.0,0.345087,0.09863,1.0,0.848647,0.07866,1.0,1.3161,0.08314,1.0,3.13867,0.10183,1.0,3.72246,0.12111,1.0,1.40553,0.03533,1.0,0.191965,0.04926,1.0,0.84513,0.04261,1.0,1.51942,0.03902,1.0,5.80057,0.11728,1.0,5.69655,0.14398,1.0,22.40013,0.28333,1.17,18.93465,0.26764,1.16,9.18364,0.12104,1.23,11.4894,0.11304,1.19,13.20973,0.16743,1.2,30.71748,0.25262,1.22,13.0821,0.32571,1.09,27.7953,0.68843,1.06,12.6144,0.11792,1.03,,,0.0,17.4886,0.11154,1.02,1.17684,0.06386,1.49,4.60864,0.07331,1.34,13.05077,0.16371,1.14,20.45464,0.24228,1.14,29.97827,0.21022,1.17,8.41595,0.10777,1.17,38.3944,0.13692,1.21,26.751,0.15649,1.1,32.02578,4.83943,0.92,12.7917,5.30716,1.14,1.0,0.0,1.34,1.3,1.14,0.88,1.3,0,0,1,212.5491,,b'Simbad',0.483464,0.0304986,2.5732,0.0684402,11.242,0.208225,0.7562,-12.26,9.87,COSMOS_,25.789089647713723,23.973816143179175,22.372891047607702,28.789300239848565,27.91172182502016,26.703667823107885,2.0
7820,7820,3178.408,2108.389,150.1138763,2.2605476,0,107.0,2.84513,0.07484,1.153527,2.193052,3.10853,0.07057,1.646582,5.11845,0.1162,5.40908,2.711,2.941,2.352,6.128,6.23951,0.1973,1.31,0.0594939,0.02408,1.0,0.105269,0.03296,1.0,0.265817,0.03917,1.0,0.0676135,0.09405,1.0,-0.0112183,0.08193,1.0,0.04293,0.09573,1.0,0.0977639,0.07647,1.0,0.0657638,0.08075,1.0,0.186497,0.09916,1.0,0.27805,0.11777,1.0,0.12481,0.03433,1.0,0.041911,0.04791,1.0,0.1006,0.04141,1.0,0.12277,0.03793,1.0,0.480019,0.11398,1.0,0.68349,0.1401,1.0,4.82277,0.27715,1.16,3.61118,0.26631,1.11,1.46156,0.11861,1.22,1.55277,0.11041,1.18,2.2248,0.16293,1.2,6.06861,0.24664,1.21,2.11041,0.32247,1.05,6.12914,0.67214,1.05,2.00998,0.11572,1.01,2.43865,0.24649,0.79,3.36932,0.10821,1.02,0.06459,0.06161,1.51,0.24788,0.068,1.47,2.08258,0.15862,1.14,4.19968,0.23384,1.15,5.99417,0.20332,1.18,1.41046,0.10495,1.16,13.6456,0.12879,1.25,17.013,0.14619,1.11,11.39566,4.43667,0.98,9.58021,5.56938,0.97,1.0,0.79,1.47,1.31,1.14,0.94,1.31,0,0,1,44.04898,,b'Simbad',0.220093,0.0181539,0.927174,0.0403017,4.29743,0.0944003,1.5239,-11.36,10.04,COSMOS_,26.64348442462205,25.08209688861754,23.416977971803746,29.352575152942606,28.486691585326657,27.562566563827456,2.0
8192,8192,2917.442,2202.029,150.1247559,2.2644477,0,101.0,2.15525,0.08281,1.157264,2.262653,2.32033,0.07808,1.646582,3.82062,0.12857,4.21388,2.776,2.86,2.354,6.046,4.87657,0.21537,1.07,0.995877,0.02483,1.0,0.998391,0.034,1.0,2.64837,0.04042,1.0,0.918387,0.09703,1.0,1.05004,0.08437,1.0,1.12793,0.09867,1.0,1.09153,0.07895,1.0,1.31646,0.08325,1.0,2.23201,0.10263,1.0,2.64094,0.12164,1.0,1.4605,0.03544,1.0,0.882896,0.0495,1.0,1.11039,0.04276,1.0,1.49201,0.03915,1.0,3.13519,0.11762,1.0,3.21473,0.14477,1.0,4.7479,0.31321,0.97,4.25317,0.30222,0.92,3.2934,0.15378,0.78,3.80823,0.13858,0.8,3.92166,0.20521,0.81,4.71298,0.32324,0.75,4.49481,0.33923,1.01,4.87493,0.69679,1.04,4.02797,0.12176,0.97,4.12724,0.23538,0.92,4.27443,0.11369,0.98,1.5179,0.06187,1.59,2.90387,0.06446,1.74,4.05535,0.16311,1.14,4.12465,0.23961,1.16,4.97401,0.20873,1.19,3.47548,0.10706,1.18,4.6996,0.1275,1.26,3.15364,0.14569,1.09,-2.17919,5.0226,0.86,-8.84925,5.6356,0.94,1.0,0.75,1.59,1.07,1.14,0.82,1.07,0,0,1,29.71578,,b'Simbad',0.55629,0.0304986,1.19025,0.0121631,1.73441,0.0143416,0.791,-11.17,8.83,COSMOS_,25.636746867422126,24.810904524633628,24.402120577861908,28.789300239848565,29.787389306631802,29.608505986313425,1.0
8680,8680,810.367,2294.976,150.212616,2.2683072,0,211.0,6.73459,0.07819,1.113485,2.410531,6.88538,0.07373,1.646582,11.33734,0.12141,14.57939,3.124,3.799,2.624,7.357,16.23394,0.24957,1.2,0.370146,0.02655,1.0,0.497829,0.03594,1.0,2.2182,0.04287,1.0,0.200688,0.10434,1.0,0.445173,0.08917,1.0,0.604244,0.1056,1.0,0.540249,0.08462,1.0,0.839326,0.08799,1.0,1.20346,0.10983,1.0,1.90348,0.13011,1.0,0.86617,0.03757,1.0,0.393632,0.05265,1.0,0.66777,0.04568,1.0,0.83503,0.04158,1.0,3.40129,0.1253,1.0,3.64496,0.15428,1.0,11.07635,0.28766,1.27,8.82367,0.27955,1.22,4.80695,0.12936,1.23,5.45425,0.11875,1.24,7.91368,0.17582,1.27,16.13334,0.27739,1.15,6.56734,0.33436,1.18,13.5356,0.70289,1.16,,,0.0,,,0.0,,,0.0,0.7119,0.11471,0.52,2.53452,0.12716,0.51,6.96864,0.17216,1.2,9.98238,0.24753,1.26,15.46167,0.22018,1.21,4.49923,0.11246,1.23,26.0556,0.19693,0.92,22.0398,0.31552,0.34,15.01486,4.56115,1.05,5.84666,5.16253,1.25,1.0,0.0,0.51,1.2,1.2,1.0,1.2,0,0,1,93.38207,,b'Simbad',0.557764,0.0241447,1.80373,0.0274124,6.943,0.0439324,0.9682,-9.17,9.74,COSMOS_,25.63387380004895,24.359571178467945,22.896132086858618,29.042945465942168,28.905132349027266,28.393037677115224,2.0
8697,8697,5005.026,2314.867,150.0377045,2.2691572,2,140.0,3.67833,0.10464,1.136002,2.274046,3.57438,0.09868,1.646582,5.88551,0.16248,7.36327,3.064,3.283,2.43,6.581,8.36469,0.29461,0.68,0.0302088,0.02516,1.0,0.0311677,0.03355,1.0,0.461603,0.04029,1.0,0.0750444,0.09747,1.0,-0.0694792,0.08371,1.0,0.431882,0.09992,1.0,-0.00982902,0.07956,1.0,0.199163,0.08364,1.0,0.227182,0.10328,1.0,0.31143,0.12284,1.0,0.16559,0.03537,1.0,0.116029,0.04977,1.0,0.05083,0.04321,1.0,0.23052,0.03942,1.0,1.18588,0.11771,1.0,1.08454,0.14513,1.0,3.96606,0.69819,0.2,4.58178,0.60931,0.23,1.86487,0.16503,0.68,2.46693,0.1654,0.57,2.88787,0.26731,0.47,8.00448,0.3512,0.65,0.94896,3.42639,0.01,,,0.0,,,0.0,,,0.0,,,0.0,,,0.0,,,0.0,2.84695,0.20011,0.78,4.67306,0.28282,0.85,7.91402,0.29561,0.63,1.76157,0.14125,0.7,17.0945,0.29075,0.23,15.0415,0.25771,0.45,4.412,4.66763,1.03,9.13739,6.21054,0.95,1.0,0.0,0.0,0.68,0.63,0.99,0.67,0,0,1,36.22292,,b'Simbad',0.143356,0.0206954,0.889672,0.0457478,4.17627,0.167742,1.1454,-15.32,9.84,COSMOS_,27.10896031360644,25.126925193627798,23.44802857882222,29.210315437882148,28.349074465514786,26.938395457907916,2.0
9794,9794,909.879,2626.874,150.2084656,2.2821362,3,48.0,1.3931,0.09346,1.215522,1.677334,1.01096,0.08813,1.646582,1.66463,0.14511,1.92238,2.919,2.59,1.628,5.092,2.33669,0.2064,0.84,-0.0018986,0.01849,1.0,0.0515436,0.02494,1.0,0.392038,0.02986,1.0,-0.00333848,0.07252,1.0,0.0304064,0.06208,1.0,0.0493921,0.07311,1.0,0.0539748,0.05884,1.0,0.0406822,0.06108,1.0,0.189882,0.07647,1.0,0.0612,0.09064,1.0,0.09736,0.02614,1.0,-0.0158972,0.03669,1.0,0.08212,0.03191,1.0,0.10667,0.02897,1.0,0.547926,0.08732,1.0,0.59522,0.10728,1.0,1.69834,0.28642,0.62,1.60613,0.27521,0.61,1.10529,0.11029,0.82,1.14992,0.10748,0.73,1.31432,0.16215,0.72,2.11382,0.23632,0.77,1.38647,0.35389,0.51,1.38474,0.82268,0.41,,,0.0,,,0.0,,,0.0,0.09574,0.05709,1.02,0.40872,0.06307,1.01,1.23036,0.12879,1.03,1.81876,0.18761,1.06,2.269,0.16637,1.03,0.96627,0.08507,1.04,4.23992,0.21676,0.96,3.62578,0.30134,0.49,5.65249,6.09442,0.98,10.68744,7.22534,0.97,1.0,0.0,1.01,0.84,1.03,0.94,0.84,0,0,1,11.47149,,b'Simbad',0.086015,0.00925849,0.394303,0.0148862,1.0009,0.0364893,1.0658,-11.23,9.18,COSMOS_,27.66356451581036,26.01042479661133,24.999023276875224,30.083649595428504,29.568040376111796,28.594586169832645,0.0
11856,11856,3300.416,3161.678,150.1087952,2.3044331,0,105.0,1.2925,0.07852,1.117022,2.79069,1.33011,0.07404,1.646582,2.19013,0.12192,3.22908,3.534,4.164,2.284,7.216,3.60696,0.24652,1.18,1.29963,0.03045,1.0,1.45374,0.04201,1.0,2.47732,0.04996,1.0,1.36881,0.12055,1.0,1.15047,0.10359,1.0,1.30492,0.12164,1.0,1.27402,0.09757,1.0,1.14,0.10191,1.0,2.07057,0.12584,1.0,2.25529,0.14958,1.0,1.47294,0.04373,1.0,1.45302,0.06083,1.0,1.34819,0.05308,1.0,1.3051,0.04825,1.0,3.09445,0.14626,1.0,2.78691,0.17807,1.0,3.42278,0.35482,1.16,3.29825,0.33021,1.16,2.80266,0.14887,1.27,2.68761,0.13786,1.23,3.72156,0.20742,1.21,3.30146,0.30595,1.26,3.1869,0.41432,1.03,5.02522,0.85941,1.04,3.14582,0.14663,1.02,3.08884,0.28553,0.95,3.2361,0.13788,1.02,1.48809,0.09515,1.02,2.31809,0.10508,1.0,3.07983,0.21702,0.98,3.25101,0.32087,0.98,3.46275,0.28241,0.99,2.78838,0.14346,1.0,2.96734,0.16278,1.19,2.27623,0.17448,1.06,-4.71383,4.92335,1.11,1.00073,5.74034,1.24,1.0,0.95,1.0,1.18,0.98,1.06,1.19,0,0,1,17.96412,,b'Simbad',0.625867,0.00708002,1.04875,0.01416,1.212,0.00145231,0.9181,-9.03,8.88,COSMOS_,25.50879486706551,24.948320065408108,24.791243450424332,30.374913788728485,29.622341866615624,32.09485168064691,1.0
11955,11955,4546.386,3177.896,150.056839,2.3051138,3,184.0,1.07051,0.0844,1.046822,5.43053,0.74904,0.07959,1.646582,1.23335,0.13104,5.55342,6.554,4.364,3.955,13.045,5.81344,0.5151,1.03,0.0600837,0.05926,1.0,0.0648232,0.08183,1.0,1.05923,0.09719,1.0,-0.045307,0.2325,1.0,-0.172454,0.20153,1.0,-0.112227,0.23675,1.0,-0.0470442,0.19004,1.0,0.00883336,0.19733,1.0,0.0777663,0.24552,1.0,0.78634,0.29094,1.0,0.42698,0.08541,1.0,-0.0917689,0.1194,1.0,-0.0804,0.10319,1.0,0.37134,0.09366,1.0,1.68704,0.28278,1.0,1.63326,0.34484,1.0,2.92244,0.6673,1.23,2.30164,0.62945,1.23,1.48322,0.28304,1.32,1.91438,0.26305,1.28,2.33273,0.39841,1.26,4.57808,0.62274,1.16,2.13114,0.92647,0.78,3.37764,1.61152,1.12,2.35799,0.28737,1.0,2.85491,0.55961,0.92,3.03884,0.27213,0.98,0.23718,0.29143,0.41,0.86858,0.35958,0.33,2.06545,0.43796,0.93,3.07706,0.63995,0.95,4.15941,0.58459,0.89,2.0023,0.28549,0.97,8.86631,0.50352,0.49,4.39164,0.38534,0.79,-15.61604,10.4543,0.87,-1.03561,11.84912,0.93,1.0,0.33,0.33,1.03,0.89,0.84,1.03,0,0,1,9.411692,,b'Simbad',0.144781,0.0172462,0.633807,0.0404832,1.83592,0.135428,0.8484,-23.31,9.25,COSMOS_,27.09822107008081,25.495107421524025,24.340365617634756,29.408266454495926,28.48181291486392,27.17072883786556,0.0
12303,12303,2456.936,3232.055,150.1439667,2.3073609,0,614.0,35.25512,0.07919,1.072514,2.937352,34.478,0.07467,1.646582,56.77084,0.12295,96.55504,3.911,5.235,3.427,9.869,103.5567,0.35039,1.17,6.26368,0.03214,1.0,10.3654,0.04402,1.0,35.7594,0.05247,1.0,5.04799,0.12629,1.0,9.50641,0.10868,1.0,13.0602,0.12765,1.0,14.3886,0.10265,1.0,23.7181,0.1077,1.0,33.1249,0.13311,1.0,34.74308,0.15769,1.0,23.92158,0.04613,1.0,3.04028,0.06405,1.0,17.24985,0.05601,1.0,23.49002,0.05089,1.0,45.229,0.15322,1.0,46.57019,0.18815,1.0,92.3015,0.41422,0.94,89.2305,0.37485,1.0,56.76094,0.1628,1.18,64.5924,0.15133,1.13,74.48273,0.22791,1.11,101.4542,0.32992,1.2,73.4775,0.4829,0.84,97.6115,1.10258,0.7,69.4701,0.1556,1.0,78.0549,0.19657,2.21,84.7138,0.14463,1.02,20.65514,0.09847,1.06,38.38787,0.10897,1.03,71.74386,0.2258,1.0,90.40502,0.33436,1.0,100.82593,0.2939,1.01,54.66687,0.14889,1.02,50.1308,0.14828,1.18,39.1662,0.17236,1.11,29.19681,5.41057,1.0,46.64214,5.81746,1.14,1.0,0.7,1.03,1.17,1.0,0.95,1.17,0,0,1,461.7214,,b'Simbad',2.27316,0.103659,10.1717,0.134339,30.8822,0.202234,0.2252,-10.54,9.4,COSMOS_,24.108424986719726,22.48151614303248,21.27572942192341,27.460982462804907,27.179494722125813,26.735364570291466,0.0
13287,13287,4518.273,3529.588,150.0580139,2.3197668,0,105.0,1.9198,0.08058,1.140499,2.306405,2.16763,0.07598,1.646582,3.56918,0.12511,3.88237,2.737,2.687,2.502,6.456,4.42784,0.22407,1.13,0.140387,0.02518,1.0,0.197619,0.03474,1.0,1.25372,0.04134,1.0,0.141977,0.09881,1.0,0.0218542,0.08572,1.0,0.19338,0.1005,1.0,0.152549,0.08087,1.0,0.267871,0.08378,1.0,0.948644,0.10403,1.0,0.88984,0.12331,1.0,0.49428,0.03632,1.0,0.0959884,0.05059,1.0,0.27396,0.04384,1.0,0.51272,0.03988,1.0,1.67277,0.12013,1.0,1.62964,0.14646,1.0,3.89717,0.2827,1.23,3.709,0.26987,1.21,2.21355,0.11992,1.32,2.79943,0.11147,1.28,3.19967,0.16835,1.27,4.16627,0.25017,1.29,3.20157,0.32266,1.16,3.27339,0.68751,1.11,2.91472,0.12028,1.03,,,0.0,3.8478,0.11323,1.02,0.41275,0.10908,0.53,1.29993,0.12159,0.52,2.80746,0.18624,0.93,3.8896,0.27335,0.94,4.66632,0.24933,0.88,2.44425,0.12166,0.96,5.00173,0.21911,0.43,3.181,0.18332,0.81,1.99786,4.60418,1.04,8.20508,5.44022,1.06,1.0,0.0,0.52,1.13,0.88,1.0,1.13,0,0,1,28.52789,,b'Simbad',0.161826,0.0136154,0.717729,0.0177908,1.51694,0.0110739,0.7532,-10.54,9.18,COSMOS_,26.977379251472748,25.36009876411989,24.547578991645963,29.6649239880427,29.374511306325623,29.889248506476928,0.0
13778,13778,3670.829,3670.475,150.0933533,2.3256335,3,44.0,0.7615,0.08167,1.194109,1.978781,0.81159,0.07701,1.646582,1.33635,0.12681,1.26189,2.46,2.075,1.756,5.383,1.50683,0.1898,1.1,0.383226,0.02162,1.0,0.373671,0.02965,1.0,0.441409,0.03546,1.0,0.308256,0.08537,1.0,0.306939,0.07351,1.0,0.439366,0.08663,1.0,0.409866,0.06935,1.0,0.421837,0.07209,1.0,0.371986,0.08902,1.0,0.40191,0.1059,1.0,0.33272,0.03099,1.0,0.400224,0.04316,1.0,0.37279,0.03769,1.0,0.3909,0.03435,1.0,0.777726,0.10366,1.0,0.87615,0.12616,1.0,1.36839,0.25045,1.15,1.19374,0.23658,1.14,0.85823,0.1047,1.27,1.14003,0.09763,1.23,0.80639,0.1464,1.22,1.3296,0.21847,1.24,0.86281,0.28959,1.06,0.847755,0.61233,1.03,1.32063,0.10681,0.97,1.3925,0.18017,1.19,1.50654,0.10173,0.95,0.42781,0.06793,1.01,0.52672,0.06962,1.15,0.80012,0.15627,0.96,1.27607,0.22979,0.97,1.59003,0.20381,0.96,1.03424,0.10231,0.99,1.41016,0.1452,1.02,1.40603,0.14382,1.1,-4.00299,4.41749,0.92,4.27805,5.7653,0.87,1.0,0.95,1.01,1.1,0.96,0.88,1.1,0,0,1,10.53851,,b'Simbad',0.200505,0.00217847,0.39634,0.00290462,0.50437,0.00181539,1.2998,-9.22,8.91,COSMOS_,26.744686982231265,26.004830237391648,25.743126883072172,31.65462104103524,31.34227669148696,31.852575152942606,1.0
14404,14404,1320.124,3815.927,150.1913757,2.3316803,3,160.0,9.847,0.07787,1.151491,2.092252,11.71874,0.07343,1.646582,19.29586,0.12091,17.89195,2.351,2.773,2.534,6.176,20.60242,0.20694,1.21,0.233611,0.02314,1.0,0.335426,0.03103,1.0,2.17497,0.0372,1.0,0.166561,0.08912,1.0,0.318755,0.07761,1.0,0.308067,0.09116,1.0,0.398974,0.07378,1.0,0.626898,0.07618,1.0,1.65524,0.09412,1.0,1.66317,0.11224,1.0,0.88943,0.03246,1.0,0.133942,0.04559,1.0,0.42682,0.04014,1.0,0.84901,0.0365,1.0,3.33422,0.10903,1.0,3.53139,0.13449,1.0,14.54763,0.25538,1.25,11.6573,0.24348,1.23,5.22598,0.10783,1.34,6.72614,0.10018,1.3,8.47001,0.15013,1.29,20.04691,0.22357,1.32,7.21406,0.2927,1.16,16.2555,0.61813,1.13,7.68962,0.11034,1.02,9.42393,0.2128,0.95,11.1705,0.10394,1.01,0.75187,0.06349,1.3,2.50704,0.07318,1.16,7.7344,0.16134,1.01,13.528,0.23956,1.0,20.04036,0.21148,0.99,4.97989,0.10673,1.02,25.7333,0.15596,1.08,17.7894,0.17594,0.8,17.56266,4.53116,0.98,11.63983,5.27888,1.06,1.0,0.95,1.16,1.21,0.99,0.94,1.21,0,0,1,159.5947,,b'Simbad',0.259334,0.0174277,1.43895,0.0395755,7.12915,0.119634,0.7261,-9.2,9.82,COSMOS_,26.46535135323288,24.604885741185864,22.86740561867869,29.396899811516224,28.5064339738002,27.305363440627914,2.0
14475,14475,2297.886,3849.941,150.1506042,2.3331039,0,78.0,2.11207,0.07787,1.192782,2.146107,2.51275,0.07343,1.646582,4.13746,0.12091,3.80013,2.375,2.472,2.176,5.404,4.53273,0.18164,1.21,0.166223,0.02358,1.0,0.228018,0.03198,1.0,0.464105,0.03819,1.0,0.196695,0.09194,1.0,0.335856,0.07947,1.0,0.283655,0.094,1.0,0.132645,0.07496,1.0,0.24727,0.07882,1.0,0.488814,0.09703,1.0,0.13779,0.11513,1.0,0.27267,0.03355,1.0,0.188719,0.04667,1.0,0.15559,0.04097,1.0,0.29095,0.03734,1.0,0.59979,0.11142,1.0,0.78501,0.13747,1.0,4.17879,0.2601,1.26,3.26267,0.24766,1.24,1.25366,0.11167,1.32,1.64714,0.10318,1.29,2.10823,0.15387,1.29,4.35909,0.23085,1.31,1.39942,0.30555,1.12,3.36727,0.63686,1.12,1.80261,0.1132,1.01,2.41296,0.22052,0.94,2.88332,0.10582,1.02,0.12807,0.06125,1.47,0.39245,0.06709,1.46,1.68072,0.16329,1.03,3.31438,0.24176,1.03,4.59204,0.21517,1.01,1.18253,0.1085,1.03,9.16382,0.15113,1.15,11.2698,0.15395,1.16,-2.78389,4.61548,0.93,9.61477,5.47898,0.99,1.0,0.94,1.46,1.21,1.01,0.89,1.21,0,0,1,34.22061,,b'Simbad',0.245256,0.0128893,0.849846,0.0459294,2.94127,0.105837,1.5354,-9.38,9.97,COSMOS_,26.52595089784132,25.176649413389587,23.828662766743285,29.7244266698423,28.34477306990779,27.438406197323285,2.0
14555,14555,1150.505,3814.874,150.1984406,2.3316352,0,567.0,22.93315,0.07852,1.066188,3.368879,20.25153,0.07404,1.646582,33.34579,0.12192,72.46285,4.548,5.267,3.845,10.485,77.259,0.37233,1.19,6.42432,0.03726,1.0,10.1543,0.04995,1.0,31.0559,0.05993,1.0,5.13175,0.14343,1.0,9.92831,0.12504,1.0,13.0403,0.14655,1.0,13.7083,0.11895,1.0,21.0065,0.12247,1.0,28.556,0.15145,1.0,30.34091,0.18078,1.0,21.46534,0.05222,1.0,3.65034,0.07347,1.0,15.80948,0.06463,1.0,21.65827,0.05879,1.0,38.5019,0.17587,1.0,37.69131,0.21669,1.0,70.79824,0.41307,1.24,67.92861,0.39105,1.24,47.09024,0.17436,1.33,51.9446,0.16134,1.3,58.38218,0.24212,1.29,75.90644,0.3684,1.26,55.54278,0.46928,1.17,72.1877,0.9866,1.15,55.5436,0.18036,0.99,,,0.0,65.0439,0.16915,0.99,18.66381,0.11649,1.0,33.16132,0.12813,0.98,57.47501,0.26086,1.0,68.39917,0.38764,0.99,74.84802,0.34054,0.99,44.96383,0.17274,1.01,36.2273,0.18649,0.98,28.2518,0.24436,0.64,10.19779,5.18157,1.11,33.27429,6.2375,1.19,1.0,0.0,0.98,1.19,0.99,1.07,1.19,0,0,1,273.5119,,b'Simbad',2.27887,0.100573,8.92065,0.115096,23.6617,0.139785,0.2231,-10.28,9.28,COSMOS_,24.10570112199089,22.624008749393646,21.5648851405956,27.493796487684698,27.34734942350836,27.13634857302698,0.0
14728,14728,4730.163,3910.141,150.0491791,2.335623,0,172.0,8.74376,0.08359,1.143272,2.136297,10.03026,0.07882,1.646582,16.51564,0.12979,16.33844,2.51,2.872,2.612,6.382,18.67927,0.22859,1.06,0.731339,0.02337,1.0,1.08551,0.032,1.0,5.67109,0.03819,1.0,0.483646,0.09142,1.0,0.957673,0.07955,1.0,1.22587,0.09355,1.0,1.5991,0.07481,1.0,3.60697,0.07795,1.0,4.87839,0.09658,1.0,5.44888,0.11414,1.0,3.44954,0.03358,1.0,0.323027,0.04678,1.0,1.95793,0.04047,1.0,3.45707,0.03697,1.0,7.58938,0.11093,1.0,8.02513,0.13571,1.0,15.56864,0.28029,1.08,14.00857,0.25575,1.15,9.73033,0.11404,1.25,10.8212,0.10577,1.21,12.505,0.1597,1.19,17.91505,0.24232,1.18,12.14128,0.31871,1.02,16.9866,0.69199,0.94,,,0.0,,,0.0,,,0.0,,,0.0,,,0.0,12.3712,0.17194,0.94,15.31372,0.24707,0.99,18.28213,0.24072,0.82,9.5297,0.11777,0.88,10.279,0.24983,0.3,8.49702,0.20355,0.62,13.51018,4.93809,0.85,3.8309,6.28432,0.8,1.0,0.0,0.0,1.06,0.82,0.81,1.05,0,0,1,127.2482,,b'Simbad',0.44708,0.060271,1.94636,0.143779,5.50862,0.161388,0.3547,-10.54,9.12,COSMOS_,25.874036894352038,24.276942073126946,23.14739296360072,28.049729006941675,27.105761353209044,26.980321900917303,0.0
14777,14777,1661.835,3924.41,150.177124,2.3362026,3,110.0,2.07682,0.07631,1.140262,2.478376,1.81682,0.07196,1.646582,2.99154,0.11848,4.51401,3.506,3.163,2.432,6.462,5.14715,0.2124,1.26,1.47113,0.02738,1.0,1.7495,0.03681,1.0,3.17595,0.044,1.0,1.60555,0.10573,1.0,1.41467,0.09184,1.0,1.46486,0.10845,1.0,1.89269,0.08707,1.0,2.60027,0.09069,1.0,3.52087,0.11171,1.0,2.74044,0.13304,1.0,2.6078,0.03853,1.0,1.38808,0.05393,1.0,2.03828,0.04745,1.0,2.62694,0.04317,1.0,3.8496,0.12856,1.0,3.65137,0.15903,1.0,4.64603,0.30124,1.26,5.16527,0.28876,1.23,3.99099,0.12815,1.33,4.37034,0.1187,1.3,3.98757,0.17776,1.29,4.95334,0.26633,1.31,3.85312,0.34975,1.14,4.69106,0.73546,1.12,4.48057,0.13075,1.02,4.69089,0.24931,0.98,4.93993,0.12355,1.0,2.31999,0.08373,1.05,3.08569,0.09304,1.01,4.24718,0.18733,1.05,4.18911,0.27633,1.05,5.24474,0.24424,1.04,3.70051,0.12454,1.05,3.93575,0.15987,1.07,2.38349,0.17391,1.05,11.88301,5.96887,0.75,4.91238,7.20177,0.81,1.0,0.98,1.01,1.26,1.04,0.72,1.26,0,0,1,25.24884,,b'Simbad',0.652342,0.00635387,1.1214,0.00490155,1.79494,0.00127077,0.432,-9.29,8.58,COSMOS_,25.463811648048225,24.87559862059381,24.364875160338705,30.49240418767689,30.774166407071178,32.239832616081074,1.0
14978,14978,2349.72,3953.512,150.1484375,2.3374195,3,177.0,2.02471,0.07723,1.068592,3.183105,2.11236,0.07283,1.646582,3.47818,0.11992,6.03118,4.166,4.553,2.896,10.24,6.44487,0.35788,1.22,0.376582,0.03499,1.0,0.45515,0.04741,1.0,2.57674,0.0566,1.0,0.34577,0.13641,1.0,0.413866,0.11794,1.0,0.66666,0.13971,1.0,0.6274,0.11115,1.0,0.97964,0.11691,1.0,2.15446,0.14405,1.0,2.18684,0.17089,1.0,1.06407,0.0497,1.0,0.165002,0.06923,1.0,0.74507,0.06073,1.0,1.1302,0.0554,1.0,3.17511,0.16513,1.0,3.37257,0.20377,1.0,5.73808,0.39017,1.23,6.0661,0.36922,1.23,3.96359,0.16497,1.33,4.48125,0.15362,1.28,4.53857,0.23,1.27,6.17803,0.344,1.3,4.60924,0.4492,1.14,4.36341,0.9575,1.09,4.36081,0.16691,1.02,4.79049,0.32696,0.94,5.39836,0.15535,1.04,1.06605,0.10953,1.01,2.63328,0.11911,1.02,5.02581,0.23657,1.08,6.20481,0.35195,1.07,6.69868,0.31185,1.06,4.05076,0.1572,1.08,7.06176,0.20833,1.19,4.9871,0.20825,1.23,7.62746,5.969,1.1,16.16264,7.17323,1.06,1.0,0.94,1.01,1.22,1.06,1.06,1.23,0,0,1,29.00454,,b'Simbad',0.35643,0.0205139,1.28473,0.016157,2.23838,0.0152493,0.743,-9.91,9.23,COSMOS_,26.120064373497726,24.727970336144814,24.125165458176504,29.219879414721973,29.47909818755405,29.541875229008518,0.0
15095,15095,4675.778,3924.604,150.0514374,2.3362255,3,655.0,13.15403,0.08281,1.047279,2.740926,13.94875,0.07808,1.646582,22.96775,0.12857,34.42654,3.611,6.89,4.457,12.967,36.05421,0.49954,1.08,0.292181,0.02998,1.0,0.491141,0.04106,1.0,4.27273,0.04901,1.0,0.37451,0.11736,1.0,0.461727,0.1021,1.0,0.580125,0.12,1.0,0.451424,0.09608,1.0,1.58521,0.09997,1.0,3.27843,0.12386,1.0,3.76713,0.14649,1.0,1.74454,0.04308,1.0,0.127985,0.06003,1.0,0.94241,0.05195,1.0,1.85628,0.04746,1.0,6.31047,0.14238,1.0,6.43198,0.17414,1.0,24.49385,0.33782,1.22,19.47598,0.32139,1.2,9.43603,0.14337,1.3,11.5713,0.13298,1.26,13.59336,0.19854,1.27,34.30829,0.30323,1.24,12.66197,0.39024,1.12,30.5694,0.82074,1.1,,,0.0,,,0.0,18.3244,0.20249,0.46,,,0.0,,,0.0,13.06228,0.21484,0.99,22.12864,0.31237,1.02,33.76365,0.29958,0.87,8.8381,0.14459,0.96,48.3957,0.27008,0.37,35.3198,0.23881,0.66,41.73645,5.49278,0.85,12.21296,7.23897,0.81,1.0,0.0,0.0,1.08,0.87,0.81,1.07,0,0,1,178.6373,,b'Simbad',0.491757,0.0176093,2.5996,0.0334032,12.1068,0.0951265,0.7159,-13.62,9.87,COSMOS_,25.770623623311923,23.962733679262417,22.292426579795194,29.385644769107877,28.690529815323494,27.554246205012383,2.0
15662,15662,3152.836,4160.546,150.1149445,2.34605,0,45.0,0.92859,0.07723,1.315772,2.208834,1.20277,0.07283,1.646582,1.98046,0.11992,1.55886,2.055,1.832,1.778,4.205,2.05111,0.14564,1.23,0.223214,0.02424,1.0,0.213375,0.03279,1.0,0.67473,0.03933,1.0,0.134039,0.09504,1.0,0.26909,0.08215,1.0,0.322854,0.09754,1.0,0.212203,0.07719,1.0,0.290546,0.08074,1.0,0.387212,0.10025,1.0,0.30623,0.11871,1.0,0.30011,0.03435,1.0,0.290916,0.04815,1.0,0.31149,0.04199,1.0,0.36223,0.03846,1.0,0.998508,0.11516,1.0,1.0758,0.14129,1.0,1.0524,0.27767,1.16,1.43433,0.26309,1.14,1.0352,0.11984,1.21,1.18236,0.10999,1.2,1.55475,0.1616,1.23,2.14532,0.24598,1.23,0.80795,0.32025,1.08,0.246922,0.67697,1.05,1.45018,0.11853,0.97,1.3836,0.19588,1.26,1.51628,0.11254,0.96,0.27298,0.0853,0.8,0.81182,0.08497,0.96,1.13069,0.16249,1.11,1.44822,0.24169,1.1,1.87537,0.21493,1.09,1.12705,0.10805,1.1,2.14036,0.16179,1.22,1.38077,0.17438,1.1,1.40476,4.97319,1.05,7.94041,6.45939,0.92,1.0,0.8,0.8,1.23,1.09,1.01,1.23,0,0,1,16.51509,,b'Simbad',0.226329,0.0332216,0.414966,0.00599079,0.853811,0.0245078,0.9773,-9.37,8.81,COSMOS_,26.613149488588007,25.954968713745615,25.171595635751803,28.69644863783635,30.556289759545063,29.026739181145906,1.0
15895,15895,1328.91,4224.246,150.1910095,2.3486929,0,33.0,0.52928,0.07723,1.270121,1.992153,0.57386,0.07283,1.646582,0.9449,0.11992,0.83016,2.323,1.725,1.642,4.544,1.0544,0.15476,1.23,0.29365,0.02207,1.0,0.260598,0.02955,1.0,0.34317,0.0353,1.0,0.253081,0.08501,1.0,0.351937,0.07404,1.0,0.140513,0.08751,1.0,0.374458,0.07034,1.0,0.242469,0.07263,1.0,0.297424,0.08986,1.0,0.28969,0.10757,1.0,0.27141,0.03073,1.0,0.364569,0.04338,1.0,0.22479,0.03814,1.0,0.28713,0.03476,1.0,0.323954,0.10333,1.0,0.44739,0.12784,1.0,1.29629,0.24477,1.25,0.92616,0.23406,1.23,0.87673,0.10444,1.31,0.853949,0.09572,1.3,0.93737,0.1432,1.29,0.96043,0.21449,1.31,0.43487,0.27991,1.15,1.29612,0.58597,1.14,0.792766,0.10497,1.01,,,0.0,0.88462,0.09879,1.0,0.34085,0.07477,0.84,0.25104,0.0769,0.95,0.97403,0.14628,1.11,0.98978,0.21803,1.08,1.20448,0.19345,1.07,0.71968,0.09797,1.1,1.00418,0.14473,0.96,1.23296,0.15183,0.8,0.93764,4.36816,0.92,8.05927,5.24351,1.07,1.0,0.0,0.84,1.23,1.07,0.88,1.23,0,0,1,7.879555,,b'Simbad',0.174877,0.00726156,0.31847,0.00726156,0.350017,0.0041754,1.5721,-9.37,8.89,COSMOS_,26.89316826403804,26.242328680284672,26.139777154646477,30.3474251746227,30.3474251746227,30.948254782803353,1.0
16519,16519,2984.09,4308.684,150.121994,2.3522213,3,575.0,22.90579,0.08481,1.069316,2.709352,23.4429,0.07998,1.646582,38.60064,0.13169,58.03699,3.6,4.86,3.92,10.17,62.05986,0.38835,1.02,5.84414,0.02977,1.0,9.08177,0.04018,1.0,27.8286,0.04811,1.0,4.54977,0.11643,1.0,8.65358,0.1008,1.0,11.6063,0.11979,1.0,13.0482,0.09463,1.0,19.9637,0.09907,1.0,26.5748,0.1233,1.0,27.60851,0.14591,1.0,19.82719,0.04208,1.0,2.86499,0.05911,1.0,14.80397,0.05149,1.0,20.5666,0.04719,1.0,33.4718,0.14086,1.0,34.87077,0.17321,1.0,58.15501,0.36176,1.03,55.5209,0.34004,1.03,40.63761,0.17648,0.84,44.17,0.15667,0.89,48.72654,0.22689,0.94,62.26913,0.35925,0.87,49.12698,0.39101,1.09,59.0958,0.83037,1.05,46.1983,0.14302,1.0,50.0895,0.23802,1.28,53.3001,0.13423,1.01,17.30232,0.10159,0.85,29.68827,0.1043,0.96,47.98247,0.20019,1.1,56.46269,0.29791,1.09,61.17015,0.26492,1.08,39.35104,0.13377,1.08,29.0726,0.15907,1.26,22.1925,0.17243,1.06,15.63641,4.97265,1.05,-12.69022,6.63819,0.87,1.0,0.84,0.85,1.02,1.08,1.01,1.02,0,0,1,293.1273,0.223,b'Simbad',2.06419,0.126714,8.29397,0.15812,19.3963,0.159754,0.2341,-10.54,9.16,COSMOS_,24.213125825565285,22.703093849623762,21.78070276832351,27.242938498567778,27.00253298582267,26.991370647381196,0.0
16715,16715,3204.187,4392.019,150.1128082,2.3556945,3,136.0,28.20583,0.0893,1.118983,2.78722,23.3921,0.08421,1.646582,38.51699,0.13866,70.25657,3.982,3.42,2.747,7.142,78.61588,0.2761,0.92,5.13387,0.03063,1.0,8.89844,0.04128,1.0,30.3384,0.04948,1.0,4.01889,0.11978,1.0,7.66769,0.10379,1.0,10.869,0.12327,1.0,11.9028,0.09747,1.0,20.0231,0.10176,1.0,27.3183,0.12689,1.0,29.09029,0.15022,1.0,20.85482,0.04325,1.0,2.58497,0.06091,1.0,14.37097,0.05291,1.0,19.6878,0.04855,1.0,37.3354,0.14501,1.0,36.51635,0.17832,1.0,66.24737,0.35235,1.15,64.0017,0.32835,1.16,44.79362,0.14863,1.25,49.2266,0.1382,1.21,55.71508,0.20651,1.2,72.92425,0.30975,1.24,56.95844,0.40984,1.05,68.9925,0.85424,1.05,48.5203,0.1472,1.0,53.3306,0.24551,1.27,57.2948,0.13835,1.01,15.62418,0.09504,1.03,28.91955,0.09317,1.27,55.16612,0.20817,1.08,65.89036,0.30647,1.09,72.41221,0.27271,1.08,43.46587,0.1389,1.06,50.9628,0.25897,1.27,39.6894,0.25587,1.06,35.80842,5.62444,1.14,17.02572,7.77503,0.94,1.0,1.0,1.03,0.92,1.06,1.09,0.92,0,0,1,277.7845,,b'Simbad',1.95726,0.110739,8.53647,0.172462,21.7091,0.210222,0.2392,-10.35,9.22,COSMOS_,24.270878698418723,22.67180420397208,21.658395452088925,27.389248506476928,26.908266454495926,26.693304591147175,0.0
17237,17237,1692.741,4531.644,150.1758423,2.3615031,0,64.0,1.0377,0.07885,1.216985,2.293047,1.08462,0.07436,1.646582,1.78591,0.12243,1.95523,2.789,2.291,2.07,5.074,2.37949,0.17357,1.18,0.354715,0.02546,1.0,0.339935,0.03401,1.0,0.920685,0.04048,1.0,0.247664,0.09842,1.0,0.314704,0.0852,1.0,0.397954,0.10115,1.0,0.268336,0.08045,1.0,0.491451,0.08379,1.0,0.509715,0.10415,1.0,0.72715,0.12458,1.0,0.52068,0.03538,1.0,0.350203,0.04995,1.0,0.40721,0.04381,1.0,0.48758,0.04002,1.0,1.25288,0.11811,1.0,1.21886,0.1467,1.0,2.10656,0.28296,1.24,1.68779,0.27166,1.22,1.39609,0.11932,1.33,1.53331,0.1099,1.3,1.64787,0.1652,1.28,2.03781,0.25012,1.28,1.03034,0.32079,1.16,1.49227,0.67745,1.13,1.55983,0.12057,1.01,1.61797,0.20447,1.23,2.03801,0.11197,1.03,0.32714,0.08114,0.94,1.0025,0.07773,1.24,1.76183,0.17117,1.07,1.65148,0.25133,1.07,2.36857,0.22056,1.09,1.37868,0.11494,1.06,2.97289,0.15377,1.12,2.39038,0.16746,1.08,-1.40854,3.97866,1.24,7.85447,5.22783,1.07,1.0,0.94,0.94,1.18,1.06,1.19,1.18,0,0,1,14.58686,,b'Simbad',0.257479,0.00708002,0.514296,0.0065354,0.829728,0.0201508,0.9768,-9.19,8.82,COSMOS_,26.473145465644656,25.721967133610473,25.20266063490089,30.374913788728485,30.461819565550428,29.23926926851081,1.0
17719,17719,4594.633,4667.659,150.0548248,2.3671846,0,28.0,0.51055,0.07787,1.523035,2.294092,0.7143,0.07343,1.646582,1.17614,0.12091,0.76902,1.845,1.5,1.351,3.317,1.17124,0.12666,1.21,0.123651,0.02512,1.0,0.0553925,0.034,1.0,0.185698,0.04067,1.0,0.11941,0.0981,1.0,0.140311,0.08555,1.0,0.0129526,0.10123,1.0,0.141224,0.08054,1.0,-0.0152738,0.08354,1.0,-0.103573,0.10387,1.0,0.10873,0.1242,1.0,0.14778,0.03571,1.0,0.0647342,0.05041,1.0,0.10504,0.04345,1.0,0.04475,0.04,1.0,0.281316,0.11908,1.0,0.27572,0.14645,1.0,1.26587,0.28714,1.21,1.06101,0.27023,1.19,0.34963,0.12015,1.3,0.423397,0.11189,1.25,0.81269,0.16747,1.25,1.21897,0.25161,1.27,1.07482,0.32809,1.11,1.11665,0.69978,1.06,0.80551,0.12487,0.96,0.860598,0.23428,0.94,1.11975,0.11587,0.96,0.22852,0.12921,0.37,0.08217,0.13377,0.42,0.61336,0.17257,1.06,1.04616,0.25426,1.07,1.24386,0.23259,1.01,0.383,0.1184,1.0,1.84335,0.2716,0.44,2.44856,0.24627,0.78,0.48584,5.30584,1.17,9.13546,6.72036,1.02,1.0,0.37,0.37,1.21,1.0,1.12,1.21,0,0,1,9.727817,,b'Simbad',0.108657,0.0157939,0.378255,0.0399386,0.649892,0.0348555,1.7473,-10.1,9.37,COSMOS_,27.40985572482099,26.055538306258914,25.467897022627866,29.5037765401878,28.496517907184266,28.64432170738801,0.0
20058,20058,2447.876,4765.648,150.1443481,2.3712575,0,43.0,0.82165,0.08652,1.346732,2.177548,1.01028,0.08159,1.646582,1.6635,0.13435,1.32854,2.178,1.953,1.517,4.011,1.78918,0.15747,0.98,1.00162,0.02412,1.0,1.02208,0.03229,1.0,0.962288,0.03847,1.0,0.985398,0.09342,1.0,1.0693,0.081,1.0,1.03808,0.09573,1.0,0.975611,0.076,1.0,0.883442,0.07938,1.0,0.715287,0.09939,1.0,0.75738,0.11823,1.0,0.96119,0.03382,1.0,0.934607,0.04751,1.0,0.94157,0.04151,1.0,0.9214,0.03812,1.0,0.800171,0.1124,1.0,0.70086,0.13895,1.0,2.02008,0.3397,0.77,0.71823,0.29684,0.9,1.2736,0.12591,1.07,1.48634,0.11656,1.04,1.41764,0.17915,0.98,1.56077,0.25633,1.09,0.99422,0.45943,0.51,-0.387016,0.9576,0.51,1.52747,0.11335,1.03,1.1589,0.22011,0.96,1.48771,0.1072,1.02,0.95241,0.08698,0.75,0.99408,0.08497,0.94,1.25715,0.16571,1.03,1.47526,0.24759,1.01,1.54319,0.21529,1.04,1.11681,0.11257,0.99,2.97491,0.19337,1.29,3.57786,0.17766,1.19,1.26413,5.5451,0.85,-0.17999,6.31794,1.0,1.0,0.51,0.75,0.98,0.99,0.81,0.98,0,0,1,12.3822,,b'Simbad',0.415724,0.00599079,0.519383,0.00925849,1.05141,0.0217847,1.7688,-8.62,8.75,COSMOS_,25.952987256712003,25.71128067357377,24.945569741767052,30.556289759545063,30.083649595428504,29.15462104103524,1.0
20190,20190,4189.79,4918.431,150.0717163,2.3776317,2,1076.0,49.7824,0.08652,1.050638,3.781246,46.7054,0.08159,1.646582,76.90426,0.13435,179.1669,5.058,7.559,3.772,12.442,188.2395,0.49978,0.98,7.42241,0.04159,1.0,11.0177,0.05606,1.0,41.5824,0.06696,1.0,6.86856,0.16156,1.0,9.16277,0.14088,1.0,12.3136,0.16495,1.0,14.9551,0.13283,1.0,28.3673,0.13695,1.0,36.235,0.17036,1.0,38.6476,0.20609,1.0,27.1142,0.05879,1.0,4.78216,0.08336,1.0,18.59099,0.07186,1.0,25.75616,0.06624,1.0,56.7154,0.19655,1.0,57.54474,0.24309,1.0,150.62547,0.70261,0.55,133.71948,0.60527,0.64,72.34571,0.24265,0.87,82.6432,0.23164,0.8,103.75897,0.35943,0.74,189.99926,0.48938,0.89,96.59473,0.94956,0.36,174.912,2.09924,0.32,94.3399,0.16394,1.47,113.52,0.38638,0.93,129.434,0.1539,1.48,22.27107,0.156,0.7,46.41402,0.1498,0.91,96.56632,0.29894,0.96,142.2455,0.44667,0.93,186.50512,0.39308,0.94,68.33078,0.20329,0.91,108.104,0.24508,0.66,104.082,0.23671,0.93,78.98647,6.65722,0.84,187.96364,8.00658,0.85,1.0,0.32,0.7,0.98,0.91,0.8,0.98,0,0,1,572.4336,0.347,b'Simbad',4.20768,0.190979,14.0771,0.323684,52.8881,0.663888,0.3316,-9.05,9.91,COSMOS_,23.43989324076618,22.1287170106619,20.691605086722596,26.79753596258131,26.22469691911365,25.444762953254227,2.0
