recno,id,xpos,ypos,RAJ2000,DEJ2000,SE,isoArea,FKsap,e_FKsap,apcorr,KsR,FKsapD,e_FKsapD,apcorrD,FKsD,e_FKsD,FKsauto,R50,amaj,bmin,Rad,FKsall,e_FKsall,w_FKsall,FB,e_FB,w_FB,FI,e_FI,w_FI,FR,e_FR,w_FR,FU,e_FU,w_FU,FV,e_FV,w_FV,FZ,e_FZ,w_FZ,FHs,e_FHs,w_FHs,FHl,e_FHl,w_FHl,FJ1,e_FJ1,w_FJ1,FJ2,e_FJ2,w_FJ2,FJ3,e_FJ3,w_FJ3,FKs,e_FKs,w_FKs,FKsHI,e_FKsHI,w_FKsHI,NB118,e_NB118,w_NB118,NB209,e_NB209,w_NB209,F098M,e_F098M,w_F098M,F105W,e_F105W,w_F105W,F125W,e_F125W,w_F125W,F140W,e_F140W,w_F140W,F160W,e_F160W,w_F160W,F814W,e_F814W,w_F814W,IA484,e_IA484,w_IA484,IA527,e_IA527,w_IA527,IA574,e_IA574,w_IA574,IA598,e_IA598,w_IA598,IA624,e_IA624,w_IA624,IA651,e_IA651,w_IA651,IA679,e_IA679,w_IA679,IA738,e_IA738,w_IA738,IA767,e_IA767,w_IA767,IA797,e_IA797,w_IA797,IA856,e_IA856,w_IA856,FVWFI,e_FVWFI,w_FVWFI,FRcWFI,e_FRcWFI,w_FRcWFI,FU38,e_FU38,w_FU38,FKT,e_FKT,w_FKT,F3.6,e_F3.6,w_F3.6,F4.5,e_F4.5,w_F4.5,F5.8,e_F5.8,w_F5.8,F8.0,e_F8.0,w_F8.0,wminOpt,wmin1,wminFS,wminNIR,wmin2,wminIR,wmin,Star,Nghb,Use,SNR,Use2,zspec,Simbad,U,eU,V,eV,J,eJ,zpk,lssfr,lmass,field,mag_U,mag_V,mag_J,e_mag_U,e_mag_V,e_mag_J,GalaxyType
7544,7544,4338.467,2547.291,53.0878754,-27.869051,0,55.0,0.93743,0.06926,1.166367,2.208165,0.91458,0.03558,1.774505,1.62292,0.06314,1.77475,2.287,2.246,2.018,4.96,2.07229,0.11398,1.45,0.0898112,0.06284,0.6,0.0960985,0.10044,0.62,0.132551,0.01726,2.24,0.00645518,0.01443,1.26,0.0667193,0.05121,0.66,0.372546,0.14188,0.53,0.8777,0.33043,0.8,1.85622,0.31746,0.91,0.637979,0.17603,0.81,1.11247,0.17501,0.75,1.0894,0.20191,0.81,1.91618,0.44017,0.79,2.12361,0.1174,16.71,-0.235259,0.36584,0.57,2.71709,0.69134,0.65,,,0.0,0.869171,0.06222,1.08,1.29157,0.04947,1.36,1.32383,0.1895,0.98,1.54806,0.06085,1.35,0.406305,0.04206,2.95,0.0539763,0.05326,1.0,0.0645054,0.05594,1.0,-0.10517,0.14123,1.0,0.0750475,0.05519,1.0,0.120573,0.06276,1.0,0.165398,0.04903,1.0,0.106792,0.06256,1.0,0.162506,0.06795,1.0,0.433183,0.17318,1.0,0.425565,0.19547,1.0,0.487262,0.26146,1.0,-0.00434996,0.04986,0.97,0.0759855,0.0461,0.92,-0.00341439,0.16016,0.92,1.99243,0.28994,1.05,2.45937,0.05918,1.52,2.01399,0.09546,0.78,2.22557,0.72513,1.13,-0.397852,0.86945,1.1,0.53,2.95,0.75,1.05,0.0,46040.0,1.45,0,0,1,25.70347,b'1',,b'Simbad',0.089193,0.0130708,0.366248,0.0283201,0.821791,0.0123447,1.1017,-12.28,9.17,CDFS_,27.624173070916882,26.09056184554568,25.21309654826623,29.709244576390475,28.869763043648156,29.771298649491662,0.0
8122,8122,3746.897,2689.073,53.115757,-27.8631477,0,172.0,5.23154,0.05406,1.08647,2.320886,4.73635,0.02777,1.774505,8.40468,0.04928,11.17546,2.674,3.33,2.846,7.173,12.15516,0.13581,2.38,0.608681,0.05226,0.96,4.82831,0.08839,0.9,3.10343,0.15517,1.59,0.270045,0.01621,1.1,2.17291,0.04445,0.97,6.40565,0.12538,0.75,11.84664,0.41416,0.55,11.60551,0.3864,0.67,7.73939,0.22428,0.54,8.34623,0.23287,0.47,8.79934,0.27453,0.49,12.7459,0.54496,0.54,12.03228,0.08938,32.19,8.7458,0.51319,0.32,11.9151,0.95034,0.38,,,0.0,7.43199,0.06563,1.09,8.78311,0.05496,1.23,9.81896,0.20446,0.93,10.3708,0.06707,1.24,5.28115,0.05221,2.15,0.819376,0.05602,1.0,1.18319,0.05845,1.0,1.65032,0.14846,1.0,2.17969,0.05743,1.0,2.77783,0.06613,1.0,3.16498,0.05181,1.0,3.73036,0.06581,1.0,4.36459,0.0716,1.0,5.2104,0.18046,1.0,5.00341,0.20474,1.0,5.20607,0.27292,1.0,1.34431,0.05175,1.0,3.17779,0.04733,0.98,0.144056,0.18068,0.8,13.11538,0.32243,0.94,8.54106,0.06736,1.42,6.21335,0.08219,1.15,3.40686,0.73324,1.17,2.00808,0.84058,1.09,0.75,2.15,0.47,0.94,0.0,68082.0,2.38,0,0,1,170.5373,b'1',0.5231,b'Simbad',0.502885,0.0197878,1.97521,0.0181539,4.40163,0.00508309,0.5295,-10.54,9.28,CDFS_,25.746328295688105,24.260966810862364,23.390966167355277,29.259006219508187,29.352575152942606,30.73468050178232,0.0
8214,8214,4156.424,2685.099,53.0964546,-27.8633118,0,41.0,0.73463,0.06359,1.203478,2.192515,0.80952,0.03267,1.774505,1.43649,0.05797,1.33836,1.969,1.977,1.86,4.468,1.61246,0.09387,1.72,0.300435,0.04963,0.95,0.484127,0.08088,0.95,0.447613,0.02238,2.22,0.306539,0.01583,1.03,0.34069,0.04197,0.97,0.882591,0.11401,0.81,1.73153,0.29877,0.95,1.5097,0.29075,1.06,1.01957,0.15705,0.99,1.19159,0.15498,0.94,1.55464,0.18307,0.97,1.76478,0.39148,0.97,1.69674,0.10803,19.58,0.586465,0.31052,0.78,2.42741,0.60383,0.84,,,0.0,1.1343,0.06195,1.08,1.25121,0.05132,1.25,1.43139,0.18848,0.98,1.36219,0.06268,1.26,0.830033,0.04369,2.71,0.335385,0.05291,1.0,0.283883,0.05545,1.0,0.43112,0.14024,1.0,0.3835,0.05459,1.0,0.409041,0.0624,1.0,0.382473,0.04877,1.0,0.364103,0.06213,1.0,0.342111,0.06754,1.0,0.645228,0.17144,1.0,0.694262,0.19374,1.0,0.972051,0.25899,1.0,0.406427,0.05204,0.88,0.437884,0.04722,0.87,-0.074328,0.17742,0.74,1.20588,0.29795,0.98,1.75217,0.05118,1.75,1.41386,0.08578,0.78,-0.867304,0.74671,1.13,1.07437,0.86542,1.05,0.74,2.71,0.94,0.98,0.0,46193.0,1.72,0,0,1,24.77863,b'1',,b'Simbad',0.207205,0.00889541,0.423037,0.00962157,0.608116,0.01416,1.0732,-9.27,8.79,CDFS_,26.708999422435138,25.934054115882166,25.540033924537322,30.127085074927095,30.041885140408652,29.622341866615624,1.0
8587,8587,4542.331,2839.072,53.07827,-27.8568916,3,483.0,27.10114,0.06656,1.056193,2.989095,19.36284,0.0342,1.774505,34.35946,0.06068,76.69802,3.789,4.899,3.225,9.261,81.09701,0.22889,1.57,3.27286,0.0646,1.04,21.3234,0.10962,0.96,13.6435,0.68217,2.26,2.12322,0.02158,1.04,9.92097,0.05662,1.0,29.301,0.15359,0.83,65.71473,0.38901,1.05,70.23926,0.40213,1.05,38.581,0.20994,1.03,42.3909,0.19915,1.06,48.5281,0.23991,1.05,84.548,0.51576,1.05,81.13101,0.16113,16.22,41.641,0.36487,1.05,73.6644,0.73631,1.05,,,0.0,36.5259,0.08591,1.04,45.5897,0.06357,1.51,53.63948,0.26549,0.92,61.4788,0.07786,1.51,23.0567,0.04926,3.96,4.65142,0.07198,1.0,5.57479,0.07561,1.0,8.3721,0.19076,1.0,10.609,0.0744,1.0,13.3812,0.08494,1.0,14.858,0.06617,1.0,16.99,0.08446,1.0,20.235,0.09162,1.0,21.2026,0.23416,1.0,23.3452,0.26399,1.0,26.7004,0.35248,1.0,6.1141,0.0664,1.01,14.5348,0.06103,0.97,2.05377,0.21862,0.91,85.82298,0.39845,1.02,63.53964,0.06884,1.56,48.0504,0.12249,0.56,39.0986,0.79008,1.2,35.1811,0.9875,1.03,0.83,3.96,1.03,1.02,0.0,33006.0,1.57,0,0,1,566.2466,b'1',,b'Simbad',2.38947,0.0994834,8.8965,0.186078,27.6706,0.249253,0.5037,-9.93,10.05,CDFS_,24.05424604428321,22.62695204227746,21.39495355915304,27.50562345114685,26.82576242616546,26.50839901458084,2.0
8693,8693,3866.831,2804.641,53.1101036,-27.8583317,0,117.0,2.36665,0.05182,1.095579,2.455338,1.93213,0.02662,1.774505,3.42857,0.04724,5.30397,2.956,3.131,2.692,6.764,5.81731,0.12113,2.6,0.824368,0.05532,0.96,3.1937,0.07551,1.38,2.38864,0.11943,2.08,0.678072,0.0179,1.01,1.76171,0.03945,1.38,3.70988,0.10579,1.18,5.2935,0.32894,0.97,5.33068,0.32307,1.07,4.31839,0.17481,0.99,4.37483,0.17178,0.96,4.73192,0.20333,0.99,5.28702,0.4312,0.98,5.75497,0.09469,32.05,3.96781,0.32739,0.88,4.7127,0.66067,0.88,,,0.0,4.12567,0.06813,1.13,4.51598,0.05506,1.37,4.88511,0.21658,0.93,5.2196,0.06725,1.38,3.09632,0.05373,2.27,0.879239,0.05925,1.0,1.13496,0.06187,1.0,1.53724,0.15698,1.0,1.97806,0.06077,1.0,2.52693,0.06995,1.0,2.41322,0.05475,1.0,2.72832,0.06958,1.0,2.87122,0.07569,1.0,2.83362,0.19111,1.0,2.74909,0.21647,1.0,3.14735,0.28882,1.0,1.24298,0.05589,0.96,2.43263,0.05059,0.96,0.622522,0.17929,0.91,5.98155,0.34088,0.94,3.83943,0.05199,1.76,2.85032,0.07835,1.0,0.0327466,0.75474,1.14,2.34995,0.84088,1.07,0.91,2.27,0.96,0.94,0.0,59153.0,2.59,0,0,1,72.57248,b'1',,b'Simbad',0.488471,0.016157,1.16792,0.00798772,2.01091,0.00490155,0.5159,-9.46,8.75,CDFS_,25.777903036945055,24.831467261099405,24.24151841547487,29.47909818755405,30.243942918024313,30.774166407071178,1.0
8827,8827,4175.118,2815.541,53.0955772,-27.8578758,0,22.0,0.29311,0.06216,1.175112,2.139654,0.27726,0.03194,1.774505,0.492,0.05667,0.5337,2.279,1.906,1.407,4.831,0.62785,0.09948,1.8,0.226944,0.04746,0.99,0.303834,0.07948,0.94,0.250573,0.01649,2.26,0.265078,0.01788,0.77,0.220166,0.0404,1.0,0.214121,0.11199,0.8,0.60602,0.2753,1.06,0.77484,0.27994,1.09,0.409555,0.14492,1.1,0.275216,0.14155,1.07,0.438449,0.17158,1.05,1.17864,0.365,1.06,0.54647,0.10263,20.65,0.294224,0.25753,1.08,-0.669591,0.52706,1.05,,,0.0,0.505031,0.05969,1.11,0.612175,0.04786,1.37,0.58738,0.18607,0.96,0.57481,0.05848,1.38,0.202136,0.03852,3.33,0.312766,0.05161,1.0,0.219623,0.05407,1.0,0.07041,0.13677,1.0,0.240028,0.05318,1.0,0.186926,0.06091,1.0,0.288332,0.04757,1.0,0.188776,0.06058,1.0,0.179278,0.06585,1.0,0.406551,0.16717,1.0,0.219994,0.18884,1.0,0.29506,0.25234,1.0,0.240017,0.04973,0.92,0.191947,0.04727,0.83,0.314509,0.17328,0.74,0.7158,0.28781,1.0,0.77075,0.05473,1.94,0.823203,0.09454,0.7,2.19967,0.78047,1.17,0.107663,0.92702,1.02,0.74,3.33,1.05,1.0,0.0,41457.0,1.8,0,0,1,8.681887,b'1',,b'Simbad',0.136192,0.0127077,0.225468,0.0118,0.272411,0.00363078,1.7035,-9.2,8.84,CDFS_,27.164621005982756,26.617287718828514,26.41193839881033,29.739832616081078,29.820294981734687,31.100000163782653,1.0
9705,9705,4612.138,3053.6,53.0749855,-27.8479519,3,140.0,2.49768,0.06573,1.068488,2.509188,2.07938,0.03377,1.774505,3.68987,0.05992,5.86545,3.071,4.25,2.94,8.236,6.27405,0.19541,1.61,0.107484,0.05586,0.98,0.503743,0.08507,1.13,0.215509,0.02405,1.47,0.0443106,0.01537,1.45,0.242814,0.04368,1.19,0.584339,0.11813,0.99,3.90521,0.3276,1.04,4.93945,0.34,1.04,1.55654,0.17519,1.04,1.959,0.16882,1.04,2.16471,0.20576,1.01,6.07437,0.43398,1.03,6.23629,0.13355,16.62,1.75617,0.31704,0.98,4.87103,0.62106,1.04,,,0.0,1.5017,0.07237,1.04,2.24927,0.05341,1.51,2.95877,0.20513,1.09,3.72284,0.06588,1.49,0.473528,0.0404,4.17,0.0944103,0.06039,1.0,0.145858,0.06339,1.0,0.11108,0.16006,1.0,0.241363,0.06228,1.0,0.248068,0.07137,1.0,0.28357,0.05549,1.0,0.396234,0.07085,1.0,0.362012,0.07675,1.0,0.661085,0.19618,1.0,0.261072,0.22112,1.0,0.473166,0.29496,1.0,0.14002,0.05646,0.99,0.339238,0.05196,0.95,0.0511031,0.17988,0.95,5.87853,0.33812,1.0,11.7699,0.07091,1.63,16.1675,0.14999,0.45,14.8254,0.68047,1.5,14.6244,0.8577,1.3,0.95,4.17,1.01,1.0,0.0,26399.0,1.61,0,0,1,61.57912,b'1',,b'Simbad',0.32301,0.0584556,1.15785,0.142327,3.97157,0.188438,1.6468,-11.17,9.99,CDFS_,26.22696008056859,24.840869250035773,23.502594446222318,28.082934693607758,27.116781761758524,26.812078784561123,2.0
11020,11020,4816.523,3272.352,53.0653572,-27.8388329,0,25.0,0.40571,0.07074,1.275923,2.1304,0.42789,0.03647,1.774505,0.75929,0.06472,0.67742,1.945,1.785,1.516,3.833,0.86528,0.09015,1.39,0.263606,0.04671,1.01,0.407794,0.07664,1.01,0.324922,0.02347,1.11,0.301571,0.01424,1.23,0.372486,0.03962,1.05,0.631341,0.10037,0.99,0.95935,0.27953,1.03,1.15077,0.29219,1.02,0.819277,0.14842,1.05,0.631321,0.14381,1.04,0.787034,0.17423,1.02,0.926206,0.36673,1.03,0.82525,0.11441,16.31,0.506348,0.26385,1.02,0.406573,0.52986,1.03,,,0.0,0.781122,0.06322,0.99,0.805821,0.04614,1.46,0.8649,0.17505,1.08,0.99532,0.05636,1.47,0.460513,0.03827,3.37,0.37632,0.05124,1.0,0.300271,0.05371,1.0,0.29372,0.13587,1.0,0.29131,0.05273,1.0,0.268072,0.06064,1.0,0.305528,0.04702,1.0,0.386247,0.06015,1.0,0.248639,0.06495,1.0,0.0178591,0.16623,1.0,0.090595,0.18736,1.0,0.504359,0.24949,1.0,0.286415,0.04858,0.97,0.318672,0.04407,0.96,0.459381,0.15638,0.91,0.57941,0.28651,1.01,1.17894,0.05925,1.69,0.964188,0.10893,0.63,0.0474175,0.65012,1.81,-2.01712,0.73102,1.66,0.91,3.37,1.02,1.01,0.0,37402.0,1.39,0,0,1,11.73157,b'1',,b'Simbad',0.164677,0.00617233,0.292303,0.00435694,0.345607,0.00998465,1.2551,-9.09,8.58,CDFS_,26.958417633384116,26.335416818288245,26.15354367452087,30.523877156721603,30.90204605187529,30.001667885504173,1.0
11174,11174,5064.369,3304.981,53.0536804,-27.8374691,1,24.0,0.37996,0.07259,1.271034,1.878444,0.32824,0.03729,1.774505,0.58246,0.06618,0.56154,2.116,1.934,1.421,3.863,0.71452,0.09312,1.32,0.158028,0.03969,1.09,0.285409,0.06742,1.02,0.179062,0.02092,1.1,0.157986,0.01303,1.15,0.242039,0.03498,1.05,0.415965,0.08806,1.0,0.13586,0.24753,1.02,0.70525,0.26061,1.0,0.325444,0.1322,1.03,0.48304,0.12863,1.02,0.264992,0.15362,1.02,0.994929,0.32436,1.02,0.60401,0.10305,15.72,0.540869,0.23151,1.03,0.504937,0.46719,1.03,,,0.0,0.422828,0.05557,1.0,0.630404,0.04417,1.24,0.5546,0.15538,1.07,0.78039,0.0541,1.24,0.318493,0.03588,2.99,0.169991,0.04516,1.0,0.151611,0.04727,1.0,0.06154,0.11978,1.0,0.159505,0.04641,1.0,0.150363,0.05341,1.0,0.176154,0.04142,1.0,0.183023,0.05307,1.0,0.207017,0.05716,1.0,0.303602,0.14651,1.0,0.449319,0.16517,1.0,0.177248,0.21966,1.0,0.164907,0.04161,1.03,0.194276,0.03833,0.99,0.0130357,0.1268,1.08,0.92059,0.25619,0.99,0.83159,0.05322,1.4,0.85582,0.08585,0.72,-0.0375817,0.53226,1.72,-0.421008,0.62709,1.63,0.99,2.99,1.0,0.99,0.0,42582.0,1.32,0,0,1,8.801634,b'1',,b'Simbad',0.106702,0.0130708,0.212463,0.0263232,0.290622,0.00762464,1.3812,-9.09,8.6,CDFS_,27.429568600435466,26.681791726327493,26.341678782072307,29.709244576390475,28.949153291267343,30.294451642151103,1.0
11279,11279,4032.974,3336.275,53.1022797,-27.8361797,3,92.0,3.14299,0.05002,1.125477,2.085745,3.45083,0.02574,1.774505,6.12351,0.04568,5.82462,1.992,2.536,2.432,5.786,6.56269,0.09763,2.78,0.290023,0.04755,0.94,0.699304,0.0731,1.07,0.3933,0.02127,1.27,0.18801,0.0136,1.27,0.327805,0.03934,1.01,1.0824,0.0973,1.01,3.99399,0.26167,1.1,4.90451,0.27223,1.1,1.88876,0.14073,1.1,2.47878,0.13598,1.09,3.37887,0.16606,1.07,6.75254,0.34354,1.1,6.53569,0.07997,32.03,2.28683,0.25104,1.08,5.78599,0.51379,1.05,,,0.0,1.77714,0.0628,0.97,3.0018,0.03914,1.96,3.16753,0.17054,1.09,4.06442,0.04812,1.95,0.801029,0.04179,2.73,0.29051,0.05026,1.0,0.322643,0.05249,1.0,0.26506,0.1332,1.0,0.309036,0.05145,1.0,0.328338,0.05947,1.0,0.374954,0.04642,1.0,0.376825,0.05899,1.0,0.62388,0.06402,1.0,0.726194,0.162,1.0,1.03184,0.18298,1.0,0.998261,0.24425,1.0,0.291671,0.05356,0.76,0.357244,0.04705,0.81,0.238494,0.15416,0.89,6.61285,0.28495,0.97,11.75671,0.05062,1.91,13.1567,0.09681,0.53,11.4904,0.57548,1.69,9.73898,0.69172,1.51,0.76,2.73,1.07,0.97,0.0,31542.0,2.78,0,0,1,134.0447,b'1',,b'Simbad',0.396844,0.0194247,1.22166,0.0399386,3.78807,0.0666248,1.5221,-9.22,10.0,CDFS_,26.003450453833622,24.78262411426307,23.55395501059427,29.27911419957382,28.496517907184266,27.940910204163963,2.0
11420,11420,4436.69,3369.819,53.0832558,-27.8347778,0,193.0,10.90754,0.06286,1.095827,2.341269,9.76999,0.0323,1.774505,17.33691,0.05731,23.30431,2.664,3.168,2.653,6.755,25.56557,0.14698,1.76,1.27774,0.05222,0.98,6.80874,0.08084,1.1,3.67606,0.1838,1.12,1.02701,0.01527,1.28,2.7506,0.04403,1.02,9.00952,0.10767,1.04,19.96151,0.29943,1.07,22.35272,0.30971,1.08,11.7455,0.16029,1.08,13.6101,0.1524,1.1,15.3876,0.18756,1.06,26.396,0.38996,1.09,25.57719,0.11918,18.19,13.4207,0.2805,1.09,22.7694,0.56605,1.09,,,0.0,11.7365,0.07072,0.96,14.4696,0.04453,1.9,16.36259,0.19941,1.01,18.2937,0.05448,1.91,7.42103,0.04313,3.21,1.59026,0.05637,1.0,2.00999,0.05904,1.0,2.16416,0.14952,1.0,2.57786,0.05794,1.0,2.8741,0.06675,1.0,3.71726,0.05187,1.0,4.64326,0.06616,1.0,6.20356,0.07161,1.0,7.24568,0.18232,1.0,7.79543,0.20556,1.0,8.42667,0.27431,1.0,2.03165,0.0536,0.96,3.92556,0.05004,0.9,0.630846,0.16861,0.94,26.7251,0.31233,1.02,25.95729,0.05429,1.94,16.2848,0.09749,0.58,14.2397,0.56766,1.83,8.04294,0.69434,1.68,0.9,3.21,1.06,1.02,0.0,34292.0,1.76,0,0,1,302.5084,b'1',0.497,b'Simbad',0.711818,0.0430247,2.78291,0.0495602,8.65535,0.0715264,0.7068,-10.14,9.81,CDFS_,25.369077585077996,23.88875209657542,22.656788414215743,28.4157053730297,28.26216737424674,27.86383408227497,2.0
11488,11488,3112.273,3397.51,53.1456604,-27.8336277,3,205.0,2.17813,0.05264,1.059588,3.150918,1.59566,0.02704,1.774505,2.8315,0.04799,6.47714,4.038,4.273,3.447,8.942,6.87065,0.17293,2.52,1.35151,0.06907,1.02,4.37291,0.09459,1.46,3.44935,0.17247,1.38,1.29978,0.02444,0.91,2.67928,0.05059,1.42,4.81842,0.12615,1.38,6.63454,0.56698,0.54,6.60172,0.53945,0.64,5.70116,0.27656,0.65,5.57812,0.25576,0.73,5.89559,0.31414,0.68,6.86847,0.66011,0.69,6.88512,0.11767,33.55,5.16062,0.45209,0.76,5.18462,0.86267,0.85,,,0.0,5.20935,0.0886,1.11,5.76782,0.07171,1.33,6.01904,0.27336,0.96,6.34118,0.08897,1.3,4.50776,0.07487,1.98,1.36308,0.07529,1.0,1.61956,0.07828,1.0,2.09336,0.19981,1.0,2.70397,0.07663,1.0,3.33215,0.08936,1.0,3.49607,0.07032,1.0,3.85116,0.08875,1.0,4.0804,0.09653,1.0,5.03183,0.24267,1.0,4.1107,0.27635,1.0,5.11248,0.36435,1.0,1.82448,0.0677,1.1,3.56485,0.06359,1.04,1.50849,0.21607,1.04,7.33484,0.43476,0.95,4.74067,0.06349,1.82,3.65403,0.09224,1.29,0.0543132,0.78029,1.58,0.758666,0.92649,1.34,0.91,1.98,0.54,0.95,0.0,76614.0,2.51,0,0,1,59.00152,b'1',,b'Simbad',0.780629,0.0177908,1.65198,0.00290462,2.47284,0.00108923,0.5496,-9.46,8.85,CDFS_,25.268888297298624,24.45498803712477,24.017009957140697,29.374511306325623,31.34227669148696,32.40720101414584,1.0
11494,11494,3896.661,3370.405,53.1087036,-27.8347588,3,67.0,1.43521,0.05254,1.150035,1.878721,1.15984,0.02699,1.774505,2.05814,0.0479,2.34459,2.35,2.39,2.121,5.246,2.69933,0.09188,2.52,0.0580402,0.036,1.33,0.534283,0.06849,0.99,0.239283,0.0176,1.51,0.0999714,0.01235,1.25,0.262,0.03582,0.99,1.03114,0.08638,1.04,2.29967,0.2388,1.07,1.94428,0.24626,1.09,1.21816,0.12842,1.07,1.49104,0.12369,1.07,1.91175,0.14959,1.07,2.71879,0.31756,1.04,2.6517,0.07506,29.37,1.57563,0.23155,1.03,2.27847,0.46279,1.05,,,0.0,1.24942,0.05416,1.06,1.56028,0.0381,1.68,1.73988,0.15269,1.1,2.03759,0.04672,1.68,0.582006,0.0388,2.58,0.0768131,0.04526,1.0,0.109128,0.0472,1.0,0.10667,0.11993,1.0,0.198868,0.04624,1.0,0.245506,0.05355,1.0,0.257292,0.04187,1.0,0.143546,0.05314,1.0,0.292011,0.05768,1.0,0.567692,0.14569,1.0,0.663735,0.16471,1.0,0.685678,0.2197,1.0,0.0812847,0.04362,0.93,0.281831,0.03983,0.92,0.112504,0.14293,0.84,2.69492,0.25935,0.95,3.71407,0.05633,1.96,2.43013,0.10261,0.57,1.56833,0.62857,1.71,2.0967,0.74684,1.53,0.84,2.58,1.07,0.95,0.0,33528.0,2.52,0,0,1,42.97195,b'1',,b'Simbad',0.11818,0.011437,0.467717,0.0237816,1.12785,0.0252339,0.9581,-10.1,9.16,CDFS_,27.31864003589088,25.825042111512595,24.869371640296727,29.854219697229034,29.059397324693293,28.99503905587165,0.0
11731,11731,3920.688,3399.178,53.1075706,-27.833559,0,20.0,0.37547,0.05254,1.249319,1.999008,0.43388,0.02699,1.774505,0.76991,0.0479,0.60079,1.68,1.837,1.631,4.033,0.7514,0.07019,2.52,0.425702,0.03734,1.4,0.306753,0.06195,1.37,0.391202,0.02057,1.25,0.405503,0.01309,1.26,0.366125,0.03216,1.39,0.447259,0.07758,1.46,0.51145,0.25292,1.08,1.04401,0.26454,1.07,0.360681,0.13606,1.08,0.437954,0.13217,1.06,0.520052,0.15919,1.07,0.974525,0.33625,1.05,0.75588,0.07943,29.68,0.295612,0.24519,1.04,0.909059,0.49961,1.02,,,0.0,0.632935,0.05935,1.0,0.64902,0.04078,1.66,0.76093,0.16106,1.12,0.66111,0.04971,1.68,0.353192,0.03999,2.75,0.351268,0.04816,1.0,0.492558,0.05023,1.0,0.47079,0.12762,1.0,0.385886,0.04921,1.0,0.343821,0.05699,1.0,0.354906,0.04454,1.0,0.42747,0.05654,1.0,0.292218,0.06136,1.0,0.319481,0.15503,1.0,0.622478,0.17523,1.0,0.631307,0.23376,1.0,0.40165,0.04745,0.89,0.309406,0.04238,0.92,0.46296,0.14611,0.91,0.3591,0.27452,0.96,0.76704,0.05038,1.96,0.874132,0.09428,0.58,0.570826,0.56088,1.74,0.619464,0.65418,1.58,0.89,2.75,1.06,0.96,0.0,34460.0,2.52,0,0,1,16.07505,b'1',,b'Simbad',0.160889,0.00363078,0.221929,0.00798772,0.256756,0.00617233,1.5601,-8.83,8.67,CDFS_,26.98368411912793,26.634464859369732,26.476198497014686,31.100000163782653,30.243942918024313,30.523877156721603,1.0
12171,12171,5073.97,3520.816,53.0532341,-27.828476,3,233.0,2.23424,0.08648,1.05059,3.239841,1.83804,0.04443,1.774505,3.26161,0.07884,6.89001,4.335,4.643,3.847,9.847,7.24653,0.32116,0.93,0.0506623,0.06941,1.06,1.93545,0.1153,1.04,0.973536,0.04868,1.19,0.0274448,0.02403,1.01,0.651994,0.06068,1.04,3.03489,0.14915,1.04,5.66249,0.42886,1.01,6.17609,0.44342,1.02,4.03249,0.22985,1.02,4.80333,0.22202,1.02,5.4665,0.26237,1.04,7.60002,0.55927,1.02,6.98835,0.20593,11.68,3.79463,0.40126,1.02,5.25382,0.81778,1.0,,,0.0,3.80864,0.09506,1.02,4.58819,0.07528,1.27,5.2569,0.26982,1.05,5.95018,0.09349,1.24,2.3471,0.05263,4.15,0.180465,0.07788,1.0,0.371845,0.08142,1.0,0.60361,0.20683,1.0,0.432901,0.07993,1.0,0.822337,0.09226,1.0,0.894495,0.07145,1.0,1.32092,0.09165,1.0,1.89411,0.09851,1.0,2.06194,0.25217,1.0,2.36412,0.28439,1.0,2.86966,0.37806,1.0,0.272858,0.07294,1.0,1.18957,0.06696,0.97,-0.382528,0.21872,1.08,8.14961,0.4448,0.98,7.29573,0.07624,1.65,4.72006,0.13127,0.9,4.02058,0.69751,1.82,1.30958,0.79563,1.8,0.97,4.15,0.93,0.98,0.0,53517.0,0.93,0,0,1,41.36983,b'1',,b'Simbad',0.238173,0.0192431,1.09563,0.0206954,2.59181,0.0263232,0.68,-14.37,9.27,CDFS_,26.557768682444088,24.900840211545187,23.96599209706536,29.28931240813055,29.210315437882148,28.949153291267343,0.0
12659,12659,4031.65,3574.416,53.1023445,-27.8262577,0,36.0,0.62118,0.05243,1.185332,2.127872,0.63976,0.02694,1.774505,1.13525,0.0478,1.11513,2.089,2.218,1.827,4.69,1.32325,0.08136,2.53,1.06983,0.03287,2.05,0.966973,0.06145,1.58,0.974212,0.04871,1.07,1.21407,0.01384,1.28,0.934444,0.03182,1.61,0.925246,0.07795,1.64,1.28054,0.27063,1.07,1.67557,0.2859,1.04,1.29026,0.1459,1.07,1.49277,0.13923,1.08,1.95477,0.17207,1.04,1.11363,0.35968,1.04,1.344,0.0828,30.85,0.661007,0.25975,1.05,1.0971,0.52923,1.03,,,0.0,1.17554,0.06327,1.0,1.52076,0.04168,1.8,1.53264,0.17562,1.07,1.22939,0.05097,1.81,0.950638,0.0437,2.61,1.06941,0.05127,1.0,0.950616,0.05351,1.0,1.04789,0.13594,1.0,0.967168,0.05241,1.0,0.911944,0.0607,1.0,0.978674,0.04738,1.0,0.92284,0.06018,1.0,1.02676,0.06522,1.0,1.36459,0.16501,1.0,0.791949,0.18633,1.0,0.925674,0.24867,1.0,1.09598,0.05506,0.75,0.939175,0.05068,0.73,1.3058,0.15461,0.92,1.11766,0.29232,0.96,1.41846,0.05288,2.08,1.26405,0.0923,0.68,0.53465,0.52428,1.9,2.16935,0.61717,1.83,0.73,2.61,1.04,0.96,0.0,40230.0,2.53,0,0,1,23.7499,b'1',,b'Simbad',0.42739,0.00145231,0.517561,0.000907695,0.49928,0.0032677,1.6378,-8.53,8.8,CDFS_,25.922939109007473,25.715096141720334,25.754139576067935,32.09485168064691,32.60515014210256,31.21439455471038,1.0
13237,13237,4552.608,3700.104,53.0778008,-27.8210144,3,117.0,2.58438,0.07582,1.107191,2.279216,2.52271,0.03895,1.774505,4.47656,0.06912,5.32009,2.444,3.141,2.349,6.329,5.89684,0.16414,1.21,0.200899,0.05038,1.0,1.77124,0.08279,1.0,0.844293,0.04221,1.11,0.184399,0.01554,1.18,0.622162,0.04314,1.01,2.43321,0.10648,1.01,4.07886,0.29291,1.06,4.99369,0.30089,1.08,3.08225,0.15594,1.09,3.38186,0.15158,1.06,3.9799,0.18201,1.07,6.31652,0.38284,1.07,5.85124,0.13543,13.32,3.16752,0.27822,1.05,4.65997,0.55359,1.08,,,0.0,3.016,0.06824,0.98,3.78595,0.05,1.43,4.51667,0.18871,1.07,4.72811,0.06136,1.43,1.95988,0.05096,2.19,0.239766,0.05486,1.0,0.436749,0.05741,1.0,0.65763,0.14577,1.0,0.502524,0.05631,1.0,0.638526,0.06506,1.0,0.885065,0.05046,1.0,1.01779,0.06444,1.0,1.50594,0.06953,1.0,1.16069,0.17711,1.0,2.08856,0.19968,1.0,2.61939,0.26612,1.0,0.402299,0.05175,0.98,0.819869,0.04783,0.94,0.146707,0.15914,1.0,5.98942,0.3094,0.99,6.14116,0.05449,2.19,4.24105,0.08811,0.9,4.08962,0.5455,1.94,1.50029,0.61521,1.94,0.94,2.19,1.06,0.99,0.0,53502.0,1.21,0,0,1,64.76596,b'1',,b'Simbad',0.272833,0.0108923,0.971459,0.020877,2.18544,0.0263232,0.7541,-10.54,9.27,CDFS_,26.410257753925123,25.03143880971274,24.151152780790557,29.907201014145844,29.200829771963306,28.949153291267343,0.0
13592,13592,2683.995,3747.007,53.1658363,-27.8190613,3,35.0,2.06825,0.05002,1.25342,1.553109,1.14371,0.0257,1.774505,2.02952,0.0456,2.56277,2.482,1.783,1.641,3.986,3.21576,0.06599,2.78,0.0109355,0.02187,2.48,0.356634,0.04204,1.81,0.157563,0.01684,1.22,-0.00131051,0.01096,1.11,0.107804,0.02114,1.99,0.857475,0.05151,2.02,2.00548,0.19094,1.17,2.23503,0.20036,1.14,1.10502,0.1021,1.17,1.49606,0.10027,1.17,1.56162,0.11905,1.14,3.00265,0.253,1.16,3.21559,0.06182,29.98,1.53342,0.1796,1.17,2.6616,0.36557,1.15,,,0.0,1.18066,0.03048,2.26,1.52755,0.03163,1.65,1.51242,0.13013,1.04,1.9564,0.03887,1.64,0.495024,0.04556,1.3,-0.0345012,0.03693,1.0,0.0566618,0.03845,1.0,0.03647,0.09818,1.0,0.0907523,0.03766,1.0,0.100167,0.04386,1.0,0.112026,0.03462,1.0,0.184893,0.04355,1.0,0.245402,0.04745,1.0,0.429474,0.11939,1.0,0.318547,0.13643,1.0,0.713291,0.17851,1.0,0.00685343,0.03384,1.08,0.102223,0.0308,1.09,-0.0183413,0.10674,1.04,3.15267,0.20817,1.0,8.4869,0.11197,1.57,5.15171,0.11907,2.19,0.554235,0.99974,1.76,2.4024,1.22718,1.61,1.0,1.3,1.14,1.0,0.0,128940.0,2.78,0,0,1,44.50661,b'1',,b'Simbad',0.103908,0.00544617,0.480577,0.00853233,1.53025,0.0450217,1.0709,,9.27,CDFS_,27.458377535772495,25.795592544983577,24.538094029571937,30.65977201614345,30.17233088985226,28.366445275633275,0.0
13811,13811,4500.424,3830.245,53.0802612,-27.8155937,2,293.0,23.01401,0.06926,1.089338,2.253106,23.33045,0.03558,1.774505,41.40001,0.06314,47.60048,2.384,3.23,2.824,7.037,51.91004,0.17004,1.45,2.32955,0.05143,0.94,12.1132,0.08232,0.99,7.34661,0.36733,1.07,1.81161,0.01447,1.33,5.67696,0.04242,1.02,16.0564,0.10634,0.99,37.45565,0.28795,1.07,42.56292,0.29973,1.06,22.2608,0.15627,1.06,25.6317,0.14921,1.07,27.7145,0.1808,1.06,54.663,0.3817,1.05,51.75668,0.12212,15.99,24.1614,0.27245,1.07,45.7556,0.5498,1.07,,,0.0,21.3803,0.06646,1.01,26.5776,0.05034,1.38,31.05012,0.18919,1.04,35.3008,0.06132,1.4,12.9556,0.04919,2.3,3.56399,0.05426,1.0,4.25396,0.05675,1.0,5.23551,0.14423,1.0,5.47998,0.05564,1.0,6.74081,0.06433,1.0,7.79985,0.04993,1.0,9.53428,0.06372,1.0,10.941,0.06874,1.0,12.3129,0.17495,1.0,13.4075,0.19728,1.0,14.8989,0.2629,1.0,4.3078,0.05193,0.95,7.6978,0.04808,0.91,1.57381,0.15715,1.0,54.64584,0.30905,0.97,52.23742,0.04865,2.21,34.9167,0.0829,0.97,35.125,0.54044,1.95,25.5669,0.63782,1.94,0.91,2.3,1.06,0.97,0.0,57322.0,1.45,0,0,1,655.683,b'1',0.68,b'Simbad',2.13819,0.039394,5.99384,0.0740679,18.6676,0.0726156,0.6377,-9.24,9.73,CDFS_,24.174884264790435,23.055737135810162,21.82227878383054,28.51142479856552,27.825924921121818,27.8474251746227,2.0
14328,14328,4233.025,3904.281,53.0928612,-27.8125114,0,66.0,1.74586,0.05988,1.144675,2.100053,1.72884,0.03076,1.774505,3.06784,0.05459,3.20301,2.201,2.452,2.151,5.351,3.67044,0.10704,1.94,0.313223,0.04796,0.94,0.538722,0.07411,1.06,0.312487,0.02305,1.08,0.171808,0.01371,1.28,0.15834,0.03948,1.02,0.68706,0.09962,0.98,2.13068,0.26898,1.06,3.00373,0.27666,1.08,1.19728,0.14457,1.07,1.47048,0.13804,1.08,1.74997,0.16855,1.06,3.72264,0.35615,1.04,3.63101,0.09447,23.02,1.49118,0.25758,1.04,3.0461,0.52231,1.03,,,0.0,1.04971,0.0609,1.05,1.58807,0.04713,1.37,1.88676,0.18224,0.97,2.3941,0.05735,1.39,0.645223,0.03681,3.58,0.268055,0.05063,1.0,0.287339,0.05288,1.0,0.50422,0.13446,1.0,0.230944,0.05179,1.0,0.322681,0.05996,1.0,0.28308,0.04671,1.0,0.385261,0.05941,1.0,0.293443,0.0642,1.0,0.337005,0.16286,1.0,0.487778,0.18375,1.0,0.423231,0.24511,1.0,0.200431,0.04856,0.94,0.347415,0.04751,0.81,0.0286455,0.14765,0.98,3.60832,0.28902,0.96,6.95867,0.04311,2.22,8.16012,0.07152,1.02,8.91584,0.5241,1.96,4.50137,0.60221,1.95,0.81,3.58,1.06,0.96,0.0,60618.0,1.94,0,0,1,56.20081,b'1',,b'Simbad',0.272341,0.0181539,0.739848,0.0551879,2.31884,0.0778802,1.6085,-9.02,9.83,CDFS_,26.412217430497233,25.327143739665352,24.086823041637413,29.352575152942606,28.145390328288723,27.771432354655026,2.0
14761,14761,2909.568,3994.179,53.1552048,-27.8087654,3,58.0,0.83378,0.05104,1.112871,2.249937,0.68389,0.02622,1.774505,1.21357,0.04653,1.68568,2.748,2.806,2.457,6.144,1.87801,0.10674,2.67,0.962901,0.04919,1.03,1.02151,0.08641,0.9,0.76828,0.0469,0.33,0.961584,0.01408,1.4,0.903754,0.04258,1.03,1.43354,0.10717,0.98,1.62244,0.2766,1.17,1.28214,0.28935,1.15,2.53773,0.14838,1.16,1.32834,0.14462,1.16,1.48235,0.17289,1.14,2.16358,0.36929,1.14,1.90512,0.09218,28.0,1.49258,0.25908,1.18,1.38403,0.52959,1.15,,,0.0,1.71787,0.06219,1.14,1.4285,0.04804,1.5,1.81131,0.18519,1.08,1.77519,0.05825,1.53,1.49598,0.05755,1.71,0.858627,0.05369,1.0,0.936762,0.05586,1.0,0.86827,0.1425,1.0,0.952386,0.05462,1.0,0.861981,0.06363,1.0,0.825983,0.0502,1.0,0.938644,0.06323,1.0,0.795893,0.06877,1.0,0.856764,0.17306,1.0,1.09609,0.19736,1.0,1.005,0.25912,1.0,0.915824,0.0493,1.06,0.874939,0.04593,1.02,1.12112,0.15438,1.04,1.88364,0.31463,0.92,1.44783,0.04656,1.89,1.64852,0.05032,2.44,1.83123,0.53836,1.99,-0.888943,0.64133,1.9,0.33,1.71,1.14,0.92,0.0,144460.0,2.67,0,0,1,26.08139,b'1',,b'Simbad',0.424097,0.00199693,0.598821,0.000363078,0.657295,0.00254155,1.1444,-8.83,8.71,CDFS_,25.93133699916229,25.556757444569122,25.455599178391843,31.74909289634422,33.60000016378265,31.487253354967628,1.0
14935,14935,5181.828,4010.785,53.0481644,-27.8080578,0,11.0,0.19847,0.07099,1.554919,2.265289,0.22353,0.03647,1.774505,0.39666,0.06472,0.28914,1.684,1.326,1.039,2.735,0.45008,0.07016,1.38,0.23365,0.04862,1.06,0.297493,0.08163,1.02,0.224477,0.0202,1.66,0.259296,0.01414,1.44,0.224464,0.04228,1.05,0.149658,0.10616,1.01,0.21294,0.29985,1.01,0.39493,0.31237,0.99,0.183384,0.16201,1.01,0.316925,0.15739,1.0,0.382356,0.18857,0.98,0.643393,0.39302,1.01,0.53893,0.12047,16.7,0.0187156,0.28623,0.98,0.58991,0.58057,0.97,,,0.0,0.279079,0.0584,1.31,0.44884,0.05122,1.34,0.51254,0.13667,1.98,0.48607,0.06279,1.35,0.164686,0.05048,2.22,0.23252,0.05442,1.0,0.185849,0.05677,1.0,0.35239,0.14514,1.0,0.200593,0.05576,1.0,0.287129,0.0646,1.0,0.306192,0.05002,1.0,0.157687,0.06431,1.0,0.183432,0.06885,1.0,0.0444973,0.17586,1.0,0.424375,0.1985,1.0,0.387235,0.26353,1.0,0.194031,0.05176,0.97,0.22307,0.04794,0.93,0.414575,0.14867,1.14,0.24739,0.31782,0.95,0.71802,0.07099,1.76,0.544354,0.10312,1.0,0.438709,0.70719,1.84,0.345696,0.79455,1.74,0.93,2.22,0.98,0.95,0.0,59490.0,1.38,0,0,1,6.128662,b'1',,b'Simbad',0.107747,0.0065354,0.176126,0.0101662,0.253883,0.0130708,1.7124,-9.02,8.71,CDFS_,27.418987032653195,26.885441320146512,26.48841594625376,30.461819565550428,29.98210337664772,29.709244576390475,1.0
15136,15136,3830.86,4078.798,53.111805,-27.8052425,0,134.0,6.67078,0.06115,1.118677,2.162697,7.07514,0.03142,1.774505,12.55487,0.05575,12.89637,2.155,2.83,2.319,5.969,14.44274,0.12367,1.86,0.291785,0.04759,1.01,1.65169,0.07921,0.98,0.804185,0.04021,1.08,0.372523,0.0157,1.03,0.729718,0.04075,1.02,2.67436,0.10113,1.01,8.40628,0.28431,1.01,9.87477,0.2969,1.0,3.65528,0.15524,0.98,4.72681,0.15181,0.95,6.65285,0.18062,0.98,14.5711,0.39194,0.91,14.39904,0.09837,22.09,4.86634,0.29516,0.84,12.4695,0.60284,0.82,,,0.0,3.83844,0.05994,1.15,5.69586,0.05079,1.25,6.88051,0.17553,1.1,7.8219,0.06196,1.26,1.92526,0.05569,1.67,0.38988,0.05216,1.0,0.4974,0.05433,1.0,1.08821,0.13828,1.0,0.682779,0.05307,1.0,0.720712,0.06166,1.0,0.835854,0.04833,1.0,0.833521,0.06119,1.0,1.25121,0.06624,1.0,1.72123,0.16733,1.0,1.8077,0.18916,1.0,2.34576,0.25198,1.0,0.509042,0.051,0.9,0.898661,0.04782,0.85,0.429741,0.15423,0.95,15.06194,0.30192,0.93,23.79309,0.04421,2.5,18.9116,0.06163,1.81,15.4758,0.50783,2.06,12.4127,0.59641,2.04,0.85,1.67,0.95,0.93,0.0,107540.0,1.86,0,0,1,225.205,b'1',0.995,b'Simbad',0.42959,0.0263232,1.48647,0.079151,6.25438,0.138514,0.926,-9.3,10.03,CDFS_,25.917364591754527,24.5696096283002,23.00953933919675,28.949153291267343,27.753858984640246,27.146265822537302,2.0
15181,15181,5120.605,4090.014,53.0510521,-27.8047581,3,116.0,2.55293,0.07023,1.078372,2.330722,2.29272,0.03608,1.774505,4.06844,0.06403,5.51773,2.687,4.05,2.627,7.6,5.95671,0.18924,1.41,0.157221,0.04957,1.08,0.574869,0.08402,1.02,0.456041,0.0228,1.85,0.138632,0.01429,1.49,0.430103,0.0433,1.06,1.15078,0.1103,0.99,3.60481,0.31167,0.99,3.77983,0.32105,0.99,1.01657,0.16908,0.98,1.80534,0.16351,0.98,2.33474,0.19406,0.98,6.71469,0.40633,1.0,5.97473,0.12377,16.74,1.82962,0.29009,1.01,4.71887,0.59127,0.99,,,0.0,1.41633,0.06767,1.03,2.35595,0.05232,1.36,2.57172,0.13862,2.04,3.41786,0.06414,1.37,0.769668,0.05005,2.39,0.378525,0.05599,1.0,0.458769,0.05843,1.0,0.36079,0.14943,1.0,0.464697,0.05739,1.0,0.450373,0.06648,1.0,0.447808,0.05148,1.0,0.427197,0.06616,1.0,0.547223,0.07085,1.0,0.198885,0.18093,1.0,0.828549,0.20424,1.0,0.82888,0.27104,1.0,0.445087,0.05351,0.96,0.450629,0.0493,0.93,0.482999,0.15703,1.08,5.93538,0.32516,0.96,12.87002,0.06078,1.77,15.6764,0.09035,0.99,18.4867,0.59678,1.85,12.8673,0.66844,1.74,0.93,2.39,0.98,0.96,0.0,58480.0,1.41,0,0,1,63.54005,b'1',,b'Simbad',0.508527,0.0197878,1.31605,0.0130708,4.88224,0.0644464,1.9892,-8.8,9.94,CDFS_,25.734214958673572,24.70181902621323,23.27845218862146,29.259006219508187,29.709244576390475,27.977003343712898,2.0
15478,15478,4795.657,4129.077,53.0663605,-27.8031368,0,66.0,0.91982,0.06974,1.129585,2.396926,0.79316,0.03583,1.774505,1.40746,0.06358,1.95181,2.792,2.906,2.05,5.687,2.20716,0.13348,1.43,0.386865,0.05334,0.99,0.891006,0.08817,0.98,0.523289,0.02616,1.51,0.388921,0.01468,1.48,0.471853,0.04504,1.03,1.32317,0.11563,0.95,1.53633,0.31508,1.02,1.61274,0.32296,1.03,1.91527,0.1707,1.01,1.5077,0.16101,1.06,1.73836,0.19598,1.02,1.71815,0.41333,1.02,2.22958,0.12654,16.91,1.34376,0.29981,1.0,1.27192,0.59327,1.04,,,0.0,1.63987,0.08157,0.75,1.68375,0.05389,1.36,1.75846,0.18463,1.23,1.64118,0.06548,1.39,0.935436,0.044,3.26,0.448851,0.05766,1.0,0.362719,0.06027,1.0,0.52547,0.15377,1.0,0.568677,0.05914,1.0,0.446078,0.06843,1.0,0.511205,0.05303,1.0,0.536535,0.0679,1.0,0.623586,0.07295,1.0,0.862877,0.18609,1.0,1.2018,0.20998,1.0,1.01764,0.27894,1.0,0.467266,0.05526,0.95,0.451254,0.05009,0.95,0.388811,0.15879,1.11,2.10454,0.33255,0.96,2.09975,0.05242,2.2,1.43275,0.07744,1.03,0.978951,0.55936,1.92,-0.61318,0.62894,1.84,0.95,3.26,1.01,0.96,0.0,61242.0,1.43,0,0,1,22.1368,b'1',,b'Simbad',0.284688,0.0147047,0.584973,0.00580925,0.796441,0.0219662,1.0849,-9.54,8.84,CDFS_,26.364077096477693,25.582160446852747,25.247115977540027,29.58135957846583,30.58969983334712,29.145612666275177,1.0
15802,15802,2634.521,4208.432,53.1681557,-27.7998352,0,99.0,3.11009,0.04831,1.116296,2.185326,3.15803,0.02482,1.774505,5.60395,0.04404,6.08849,2.253,2.81,2.393,6.042,6.80403,0.0991,2.98,0.170924,0.04734,1.04,1.88452,0.07685,1.08,0.776257,0.04916,0.29,0.0732555,0.01365,1.41,0.623917,0.0375,1.25,2.57878,0.09217,1.25,5.60562,0.26933,1.17,5.91653,0.28037,1.16,3.49282,0.14477,1.15,3.67781,0.14075,1.16,4.11514,0.16798,1.14,7.14499,0.36011,1.14,6.67243,0.08578,30.53,3.66821,0.25271,1.17,6.58007,0.51891,1.13,,,0.0,3.21649,0.01069,36.22,4.07691,0.01248,20.91,4.75319,0.09636,3.79,5.2845,0.01224,32.5,1.95389,0.05361,1.85,0.289138,0.05208,1.0,0.321539,0.05424,1.0,0.82241,0.13833,1.0,0.644153,0.05304,1.0,0.775093,0.06166,1.0,1.00692,0.04871,1.0,1.24422,0.06126,1.0,1.71413,0.06676,1.0,2.00457,0.16805,1.0,1.87169,0.19207,1.0,1.97408,0.25111,1.0,0.452073,0.04815,1.05,1.0482,0.04459,1.02,0.0703005,0.14728,1.08,6.79597,0.29697,0.97,5.51998,0.05428,1.59,3.69409,0.05135,2.59,2.68178,0.52788,1.96,1.4865,0.62801,1.91,0.29,1.85,1.14,0.97,0.0,131050.0,2.98,0,0,1,127.2365,b'1',,b'Simbad',0.178874,0.013797,0.835101,0.0452032,2.34577,0.0183354,0.5859,-10.54,9.16,CDFS_,26.868631952901463,25.195652490662106,24.074286430495402,29.65053833926575,28.362077049412363,29.341774027880227,0.0
15880,15880,4798.265,4270.862,53.0662384,-27.7972298,3,371.0,22.6575,0.06635,1.067387,2.411451,20.37254,0.03409,1.774505,36.15117,0.06049,51.18806,2.838,4.036,3.156,8.316,54.69755,0.19898,1.59,3.28911,0.054,0.98,13.4707,0.08613,1.04,8.3701,0.41851,1.97,2.79667,0.01482,1.47,6.78223,0.04553,1.02,17.3129,0.11015,1.06,40.32489,0.32178,0.99,44.60871,0.32464,1.03,23.9363,0.17064,1.02,28.2408,0.16459,1.03,29.6281,0.19808,1.01,57.6127,0.41982,1.0,55.12254,0.12605,17.26,25.0174,0.30013,1.01,50.4534,0.59976,1.03,,,0.0,22.7772,0.07098,1.0,28.3868,0.05364,1.39,32.65384,0.19998,1.06,37.2603,0.06517,1.42,14.3399,0.0436,3.36,4.42554,0.05802,1.0,4.93598,0.06065,1.0,6.00499,0.15488,1.0,5.99282,0.05949,1.0,7.79968,0.06884,1.0,8.98327,0.05339,1.0,11.0205,0.06833,1.0,12.1811,0.07342,1.0,14.1175,0.18727,1.0,14.2693,0.21136,1.0,16.6041,0.28055,1.0,4.97179,0.05495,0.97,8.78146,0.0501,0.96,2.73819,0.1522,1.22,56.58175,0.335,0.96,59.90801,0.06404,1.91,41.1952,0.09194,0.98,41.0663,0.62174,1.83,31.4639,0.73607,1.68,0.96,3.36,0.99,0.96,0.0,57970.0,1.58,0,0,1,597.6686,b'1',0.678,b'Simbad',2.49696,0.079151,6.48555,0.0555509,19.6366,0.133613,0.6663,-8.47,9.74,CDFS_,24.006471036911396,22.970132970369743,21.767334266049982,27.753858984640246,28.138272251264695,27.185378211806913,2.0
16360,16360,4513.24,4302.97,53.0796661,-27.7958965,0,18.0,0.2606,0.05487,1.198467,1.973468,0.23552,0.02819,1.774505,0.41794,0.05002,0.42912,2.139,1.833,1.468,4.527,0.51485,0.0821,2.31,0.128489,0.04541,0.93,0.202481,0.07106,1.02,0.204233,0.01785,1.57,0.193582,0.01212,1.46,0.239376,0.03751,1.0,0.321227,0.09419,0.97,0.90649,0.25391,1.06,0.29403,0.26435,1.04,0.196259,0.13727,1.05,0.327926,0.1344,1.03,0.396745,0.15924,1.05,0.553017,0.33775,1.03,0.54381,0.0813,27.58,-0.187677,0.24205,1.04,-0.111053,0.48846,1.04,,,0.0,0.193514,0.05884,0.98,0.260429,0.04543,1.3,0.58159,0.16688,1.02,0.33302,0.05505,1.33,0.157095,0.03899,2.81,0.256417,0.04757,1.0,0.113463,0.04974,1.0,0.32708,0.12677,1.0,0.182241,0.04871,1.0,0.25646,0.05635,1.0,0.21108,0.04383,1.0,0.230687,0.05587,1.0,0.165358,0.06021,1.0,0.0653511,0.15324,1.0,0.4848,0.17294,1.0,0.226454,0.22997,1.0,0.202842,0.04559,0.94,0.201652,0.04139,0.94,0.133663,0.13136,1.09,0.63333,0.30093,0.79,0.45812,0.04362,2.13,0.383177,0.06831,1.0,-0.136422,0.4644,1.86,-1.0456,0.55144,1.74,0.93,2.81,1.03,0.79,0.0,59480.0,2.31,0,0,1,8.354611,b'1',,b'Simbad',0.0867444,0.00544617,0.137442,0.018517,0.161773,0.00617233,1.9496,-8.96,8.66,CDFS_,27.6543963814753,27.15470133447613,26.977734901640805,30.65977201614345,29.331073433576655,30.523877156721603,1.0
17055,17055,5413.311,4452.082,53.0372772,-27.7896633,2,125.0,3.82132,0.0743,1.107338,2.254253,3.66454,0.03817,1.774505,6.50274,0.06773,7.77922,2.463,2.85,2.583,6.322,8.62371,0.16063,1.26,0.387542,0.0474,1.11,2.81036,0.06817,1.45,1.79699,0.08985,2.02,0.245694,0.01431,1.4,1.2879,0.03583,1.45,3.83809,0.08905,1.43,5.74258,0.45602,0.43,7.31172,0.50092,0.38,4.77369,0.29016,0.31,4.81898,0.26818,0.34,5.63322,0.32709,0.32,8.33985,0.64394,0.37,8.54604,0.12147,16.32,2.32952,0.54265,0.27,6.62445,1.00587,0.32,,,0.0,4.62881,0.06413,1.08,5.66544,0.05381,1.2,5.91623,0.18138,1.1,6.95808,0.06214,1.36,3.14047,0.036,4.33,0.494317,0.05407,1.0,0.69267,0.05639,1.0,0.77867,0.14481,1.0,1.18542,0.05538,1.0,1.57396,0.06417,1.0,1.9752,0.04991,1.0,2.1401,0.0642,1.0,2.77229,0.06868,1.0,3.12706,0.1752,1.0,3.01493,0.19779,1.0,3.15374,0.2624,1.0,0.793086,0.05095,0.98,1.86187,0.0466,0.97,0.231668,0.13814,1.3,8.57342,0.31262,0.99,6.7061,0.0964,0.78,4.98817,0.1137,0.8,3.12168,0.79504,1.19,2.01315,0.9315,1.09,0.97,4.33,0.31,0.99,0.0,47426.0,1.26,0,0,1,96.00447,b'1',,b'Simbad',0.347072,0.0196062,1.25415,0.023237,2.90253,0.0234185,0.5749,-9.91,9.12,CDFS_,26.148951053951645,24.75412629377838,23.84305820695183,29.26901642875127,29.084549855027213,29.076102314425732,0.0
17166,17166,4523.324,4482.839,53.0791931,-27.7884007,2,116.0,2.72929,0.06066,1.097975,2.380163,2.5101,0.03117,1.774505,4.45418,0.0553,5.91649,2.673,3.255,2.516,6.668,6.5033,0.13967,1.89,0.173778,0.05365,0.97,1.46982,0.08565,1.02,0.646712,0.03234,2.17,0.0751403,0.01463,1.46,0.412824,0.04546,0.99,2.09902,0.11247,0.99,5.33048,0.3204,0.97,6.00375,0.33182,0.96,3.10543,0.16852,1.01,3.60929,0.16259,1.03,3.96576,0.19583,1.01,6.64365,0.42185,0.96,6.60922,0.09666,28.34,4.18535,0.29478,1.02,6.62473,0.59781,1.01,,,0.0,2.87242,0.06915,1.03,3.78651,0.05377,1.35,4.5041,0.16099,1.59,4.78717,0.06538,1.37,1.76382,0.04777,2.72,0.159435,0.0574,1.0,0.295759,0.06004,1.0,0.58663,0.15308,1.0,0.457635,0.05875,1.0,0.427405,0.06794,1.0,0.599114,0.05291,1.0,0.621072,0.06739,1.0,1.13762,0.07266,1.0,1.23895,0.185,1.0,1.45974,0.20886,1.0,1.85351,0.2774,1.0,0.184129,0.05458,0.95,0.701946,0.04983,0.94,-0.129839,0.15533,1.13,7.27285,0.3706,0.76,7.46357,0.06383,1.64,4.84807,0.09906,0.95,3.51041,0.58965,1.68,1.01802,0.72298,1.51,0.94,2.72,0.96,0.76,0.0,56436.0,1.89,0,0,1,80.53946,b'1',,b'Simbad',0.201034,0.0183354,0.909235,0.0314063,2.4854,0.0562771,0.7687,-11.09,9.43,CDFS_,26.74182621510974,25.103309637343735,24.01150926499971,29.341774027880227,28.75745806287462,28.124170725430083,0.0
17210,17210,4409.897,4483.504,53.0845375,-27.7883759,0,96.0,3.22885,0.05429,1.129525,2.162372,3.42811,0.02789,1.774505,6.08319,0.04949,6.18133,2.137,2.588,2.303,5.688,6.98965,0.10393,2.36,0.135817,0.03257,2.17,2.10183,0.06564,1.43,0.890911,0.04455,2.11,0.0734006,0.01327,1.46,0.550595,0.03446,1.42,2.93213,0.08442,1.45,5.94921,0.28242,1.03,6.13593,0.29119,1.03,4.08985,0.15229,1.02,4.42599,0.14625,1.05,4.94769,0.17631,1.03,6.9044,0.37712,0.99,6.99167,0.08344,31.22,4.28974,0.26913,1.01,6.29273,0.54044,1.02,,,0.0,3.67692,0.06141,1.08,4.64013,0.04978,1.3,5.23205,0.13334,1.91,5.74036,0.06072,1.31,2.24979,0.04285,2.79,0.108099,0.05219,1.0,0.378377,0.05457,1.0,0.40654,0.13903,1.0,0.606707,0.05337,1.0,0.740243,0.06173,1.0,0.862376,0.04814,1.0,1.06026,0.06121,1.0,1.73349,0.06606,1.0,2.02181,0.16805,1.0,2.38868,0.18972,1.0,2.95423,0.25218,1.0,0.421408,0.05035,0.92,0.954036,0.04652,0.89,0.161713,0.14489,1.07,7.15309,0.2945,0.99,6.80105,0.05528,1.77,4.13766,0.08833,0.97,2.219,0.57018,1.7,0.47373,0.68393,1.59,0.89,2.79,1.02,0.99,0.0,57703.0,2.36,0,0,1,122.9128,b'1',,b'Simbad',0.272833,0.0127077,1.1875,0.0159754,2.54881,0.0225108,0.7463,-11.41,9.25,CDFS_,26.410257753925123,24.81341595425774,23.98415634407207,29.739832616081078,29.491370647381196,29.119022676380112,0.0
17488,17488,1971.21,4517.731,53.1993942,-27.7869339,0,39.0,0.78861,0.07343,1.216306,2.108675,0.90347,0.03772,1.774505,1.60321,0.06694,1.36719,1.843,1.999,1.727,4.329,1.66475,0.10501,1.29,0.0837841,0.04745,0.97,0.222577,0.0819,0.88,0.162867,0.0439,0.34,0.0584747,0.01417,1.22,0.112591,0.04018,1.0,0.351403,0.09561,1.07,1.08369,0.26137,1.16,1.166,0.2734,1.15,0.690233,0.1384,1.17,0.642624,0.1355,1.16,0.983129,0.16251,1.15,2.23267,0.34677,1.14,1.58942,0.1308,11.87,0.728297,0.24596,1.15,-0.0940059,0.49634,1.15,,,0.0,0.66038,0.05889,1.12,0.857267,0.04736,1.36,1.25409,0.177,1.04,1.1694,0.0576,1.38,0.216832,0.06927,1.03,0.0875129,0.05045,1.0,0.117334,0.05252,1.0,0.03987,0.13405,1.0,0.0467393,0.0513,1.0,0.100088,0.05943,1.0,0.106333,0.04702,1.0,-0.0461043,0.05894,1.0,0.186144,0.06457,1.0,0.110693,0.162,1.0,0.342412,0.18573,1.0,-0.125864,0.24231,1.0,0.0516279,0.04606,1.06,0.132158,0.04172,1.07,-0.0653687,0.14145,1.09,1.98917,0.27488,1.05,1.98055,0.04984,1.48,1.5364,0.04883,2.5,0.521548,0.53216,1.85,0.123343,0.59325,1.87,0.34,1.03,1.15,1.05,0.0,122000.0,1.29,0,0,1,23.94947,b'1',,b'Simbad',0.0639794,0.00944003,0.267951,0.0270493,0.696907,0.00472001,1.0788,-10.47,9.21,CDFS_,27.984899592636303,26.429861544548018,25.39206293309649,30.062566563827456,28.9196099234426,30.815142703128647,0.0
17560,17560,4858.153,4550.959,53.063427,-27.7855568,0,105.0,2.42361,0.06765,1.101577,2.251566,2.20648,0.03475,1.774505,3.91541,0.06167,4.95373,2.536,3.049,2.574,6.527,5.46292,0.15186,1.52,0.119497,0.0495,1.02,1.66181,0.08007,1.05,0.737359,0.03687,2.21,0.0494965,0.0139,1.46,0.551892,0.04275,1.01,2.49602,0.10539,1.01,4.98496,0.44555,0.45,4.40756,0.51247,0.36,3.08125,0.24746,0.42,3.61872,0.21872,0.51,3.85748,0.2737,0.46,4.88574,0.60408,0.42,5.46452,0.11569,17.88,3.53646,0.4065,0.48,5.58398,0.76633,0.55,,,0.0,2.79142,0.06501,1.04,3.62499,0.05121,1.33,3.99121,0.19294,0.99,4.51828,0.06216,1.36,1.82761,0.03916,3.63,0.194721,0.05416,1.0,0.21679,0.05665,1.0,0.50634,0.14488,1.0,0.57446,0.05551,1.0,0.599589,0.06423,1.0,0.716992,0.0499,1.0,0.95545,0.06382,1.0,1.25092,0.06862,1.0,1.73209,0.17509,1.0,1.9122,0.19772,1.0,1.72576,0.26188,1.0,0.311349,0.05088,0.98,0.745082,0.04571,1.0,0.168757,0.14418,1.18,5.35175,0.3108,0.98,5.24554,0.07074,1.14,3.23769,0.08986,0.83,2.23184,0.64048,1.44,1.97688,0.738,1.26,0.98,3.63,0.36,0.98,0.0,49460.0,1.52,0,0,1,63.49055,b'1',,b'Simbad',0.194285,0.0119816,0.881851,0.0194247,1.89968,0.0174277,0.6961,-12.28,9.14,CDFS_,26.77890182079466,25.136511970685973,24.30329887385295,29.803712958044336,29.27911419957382,29.396899811516224,0.0
17762,17762,4351.498,4595.663,53.0872879,-27.7837029,3,118.0,2.9783,0.05636,1.087407,2.156687,3.21601,0.02895,1.774505,5.70682,0.05138,5.90696,2.161,3.402,2.751,7.128,6.43034,0.14051,2.19,0.143655,0.04071,1.38,1.34737,0.06911,1.28,0.63541,0.03177,2.16,0.0701235,0.01313,1.48,0.415151,0.03677,1.24,1.7903,0.08759,1.34,4.73686,0.29987,0.91,4.90638,0.30915,0.91,2.52706,0.1556,0.97,3.13127,0.14897,1.01,3.70541,0.17855,1.0,6.45755,0.38789,0.93,6.34819,0.08711,28.37,2.55319,0.26711,1.02,6.15247,0.54168,1.01,,,0.0,2.61746,0.06042,1.11,3.4073,0.04837,1.37,4.11702,0.17827,1.06,4.40922,0.05875,1.39,1.71119,0.04725,2.28,0.128076,0.05209,1.0,0.197351,0.05448,1.0,0.62494,0.13871,1.0,0.319117,0.05322,1.0,0.429068,0.06156,1.0,0.648436,0.04808,1.0,0.712898,0.06105,1.0,1.18839,0.06595,1.0,1.33975,0.16773,1.0,1.6743,0.1894,1.0,1.70131,0.25168,1.0,0.302468,0.05012,0.92,0.647571,0.04557,0.92,0.135616,0.14102,1.12,6.40769,0.29224,1.0,6.38652,0.06257,1.52,4.49417,0.08945,0.92,2.56598,0.60023,1.56,3.18259,0.71153,1.43,0.92,2.28,0.91,1.0,0.0,54556.0,2.19,0,0,1,111.0774,b'1',,b'Simbad',0.172598,0.0145231,0.764356,0.0179724,2.26396,0.0375786,0.7157,-10.35,9.21,CDFS_,26.90741060257746,25.291760802430822,24.112828126497334,29.59485168064691,29.363484810405133,28.56264850920504,0.0
18706,18706,2360.689,4776.302,53.1810417,-27.7761688,0,298.0,16.66708,0.06182,1.078712,2.455393,15.25282,0.03176,1.774505,27.0662,0.05636,37.93802,2.797,3.711,2.853,7.581,40.96923,0.16607,1.82,0.892172,0.07209,0.56,7.02497,0.13516,0.44,3.51307,0.17565,0.33,0.417601,0.01898,0.92,2.65725,0.06051,0.6,10.2646,0.14651,0.62,27.26469,0.30468,1.16,31.95259,0.31661,1.15,15.7528,0.16117,1.17,17.306,0.1578,1.16,19.6071,0.18916,1.15,42.5678,0.4029,1.15,40.84329,0.13139,15.9,17.0858,0.28273,1.18,37.6501,0.58047,1.14,,,0.0,14.3318,0.01253,33.25,18.5881,0.01417,20.47,22.27438,0.09282,5.16,25.9379,0.01391,31.7,7.98438,0.07195,1.28,1.07948,0.05868,1.0,1.57724,0.06119,1.0,2.39733,0.15574,1.0,2.36862,0.05974,1.0,3.08905,0.06927,1.0,3.83485,0.0546,1.0,5.13462,0.06874,1.0,6.35612,0.07508,1.0,7.17663,0.18913,1.0,7.98949,0.21602,1.0,9.14129,0.28226,1.0,1.6276,0.05326,1.07,3.92609,0.04863,1.06,0.238376,0.16433,1.09,42.60439,0.31884,1.06,41.18649,0.05187,1.72,29.1781,0.0515,2.9,30.2834,0.56007,1.89,26.1972,0.67698,1.8,0.33,1.28,1.15,1.06,0.0,141440.0,1.82,0,0,1,480.2557,b'1',,b'Simbad',0.879666,0.0243262,3.73139,0.0479263,14.2736,0.0613602,0.6441,-11.17,9.77,CDFS_,25.139205484088453,23.570323391739784,22.113666194936734,29.03481431747185,28.298565245150872,28.030283083747964,2.0
19318,19318,3992.725,4875.592,53.104187,-27.7720413,3,98.0,2.61815,0.05383,1.105361,2.293896,2.42035,0.02766,1.774505,4.29492,0.04908,5.4333,2.565,3.123,2.41,6.392,6.01236,0.11792,2.4,0.339394,0.04993,1.03,0.726573,0.08196,1.02,0.53847,0.02692,2.16,0.312318,0.01528,1.23,0.434915,0.04343,1.01,1.3637,0.10892,0.98,4.04001,0.41535,0.54,4.42919,0.45857,0.47,2.01783,0.22815,0.51,2.50977,0.22815,0.49,2.47149,0.25876,0.54,4.69952,0.61396,0.42,6.03008,0.0863,32.27,1.23181,0.45945,0.39,5.53015,0.95189,0.37,,,0.0,2.04801,0.06349,1.14,2.72903,0.05563,1.17,3.25946,0.19378,1.01,4.01576,0.06601,1.24,0.91831,0.04341,3.05,0.235781,0.05554,1.0,0.314277,0.05802,1.0,0.47621,0.14721,1.0,0.422089,0.05646,1.0,0.543118,0.06547,1.0,0.480981,0.05139,1.0,0.654256,0.06492,1.0,0.612127,0.07041,1.0,0.469526,0.17868,1.0,0.853582,0.20187,1.0,1.72891,0.26825,1.0,0.435035,0.05794,0.77,0.463773,0.04996,0.86,0.335871,0.1551,1.04,5.2772,0.31146,0.99,12.07156,0.06707,1.34,13.3994,0.07294,1.4,11.2621,0.705,1.4,12.3526,0.79598,1.25,0.77,3.05,0.47,0.99,0.0,82873.0,2.4,0,0,1,87.51243,b'1',,b'Simbad',0.376091,0.00980311,0.98392,0.016157,3.23813,0.0660802,1.3144,-9.09,9.77,CDFS_,26.061767648211514,25.01760052874626,23.724264299434278,30.021590310368047,29.47909818755405,27.94982162809763,2.0
19539,19539,2550.71,4915.348,53.1720924,-27.7703781,2,113.0,3.57496,0.06359,1.115541,2.218432,3.66195,0.03267,1.774505,6.49814,0.05797,7.10938,2.278,2.82,2.401,6.063,7.93952,0.13096,1.72,0.297477,0.04898,0.99,2.37165,0.08446,0.92,1.14948,0.05747,0.32,0.16884,0.01426,1.33,0.896656,0.0418,1.03,3.05607,0.10325,1.02,5.83807,0.27505,1.16,6.06919,0.28483,1.15,4.02025,0.14687,1.15,4.20318,0.14258,1.16,4.62896,0.17144,1.14,7.65002,0.36411,1.15,7.8896,0.117,16.51,4.50552,0.25545,1.18,6.22595,0.52446,1.14,,,0.0,3.75434,0.01204,29.4,4.68373,0.01328,19.0,5.44079,0.08639,4.88,5.96549,0.01294,29.84,2.37053,0.05369,1.87,0.52246,0.05305,1.0,0.494938,0.05533,1.0,0.47684,0.14065,1.0,0.798055,0.05399,1.0,1.06871,0.06269,1.0,1.44375,0.04931,1.0,1.59479,0.06224,1.0,2.03073,0.06784,1.0,2.61733,0.17117,1.0,2.8429,0.195,1.0,2.54179,0.25548,1.0,0.588541,0.04845,1.05,1.32848,0.04342,1.08,0.194638,0.14749,1.1,7.4327,0.28978,1.05,6.66033,0.05012,1.71,4.66345,0.04952,2.91,3.4111,0.5889,1.76,2.12776,0.69418,1.59,0.32,1.87,1.14,1.05,0.0,127600.0,1.72,0,0,1,112.089,b'1',,b'Simbad',0.281287,0.0145231,1.06341,0.0294093,2.61992,0.0156124,0.6222,-9.91,9.16,CDFS_,26.37712584696637,24.933248150057423,23.954279924457314,29.59485168064691,28.828788281112068,29.516325825841925,0.0
20090,20090,4931.875,5019.898,53.0599632,-27.766016,0,96.0,2.07611,0.06454,1.114417,2.367841,1.80645,0.03316,1.774505,3.20556,0.05883,4.41118,2.723,3.202,2.138,6.096,4.92131,0.13335,1.68,-0.0175472,0.05318,0.98,0.144001,0.08419,1.05,0.0959289,0.01803,2.21,0.0146032,0.01488,1.41,0.101157,0.04523,1.0,0.450594,0.10972,1.03,3.1742,0.29986,1.09,3.73974,0.30859,1.1,1.02926,0.15987,1.1,1.37525,0.1557,1.1,1.69095,0.18542,1.1,4.92244,0.39105,1.1,4.93958,0.12098,18.02,0.549755,0.28239,1.1,4.63479,0.57247,1.09,,,0.0,0.964758,0.07667,0.83,1.66272,0.06416,0.94,2.30548,0.14379,1.97,2.79982,0.0782,0.95,0.297615,0.04686,2.8,0.0728734,0.0569,1.0,0.106346,0.05969,1.0,-0.22847,0.15253,1.0,0.0331349,0.0583,1.0,-0.027181,0.06749,1.0,0.0510757,0.0526,1.0,0.0428639,0.06699,1.0,0.194298,0.07239,1.0,0.253837,0.18489,1.0,0.438047,0.20882,1.0,0.11121,0.27553,1.0,0.105091,0.05261,1.0,0.00939285,0.04707,1.03,0.149701,0.14164,1.34,5.14182,0.31791,1.05,10.35776,0.06778,0.99,13.5677,0.06821,1.42,11.3511,0.72907,1.08,6.96957,0.86139,1.11,0.98,2.8,1.09,1.05,0.0,81774.0,1.67,0,0,1,54.48429,b'1',,b'Simbad',0.18208,0.0168831,0.851396,0.0439324,3.40958,0.0914957,1.5863,-13.81,10.05,CDFS_,26.849344388212558,25.174670986354478,23.668247787794705,29.431369517900862,28.393037677115224,27.596498289701472,2.0
20265,20265,5498.534,5039.979,53.0332832,-27.7651653,2,74.0,2.26152,0.08743,1.1499,2.066612,2.38237,0.04492,1.774505,4.22753,0.0797,4.06442,2.037,2.372,2.139,5.248,4.67882,0.15298,0.91,0.982305,0.04559,1.01,2.75805,0.07215,1.09,2.06212,0.10311,2.25,0.808337,0.01171,1.75,1.69421,0.0393,1.02,3.11083,0.09512,1.05,4.5421,0.25937,1.1,4.28093,0.27105,1.09,3.87676,0.14067,1.09,3.68168,0.13485,1.1,3.47192,0.16247,1.08,4.98092,0.3448,1.07,4.72101,0.1569,8.17,1.67739,0.2476,1.09,4.4262,0.50429,1.07,3.33445,0.09879,0.85,,,0.0,3.66581,0.05615,0.93,4.03517,0.18443,0.9,4.26672,0.06952,0.91,2.7346,0.04226,2.64,1.05991,0.04945,1.0,1.07868,0.05182,1.0,1.75025,0.13274,1.0,1.82343,0.05067,1.0,1.95175,0.05873,1.0,2.15289,0.0459,1.0,2.30338,0.05867,1.0,2.63226,0.06321,1.0,2.89754,0.16136,1.0,2.60438,0.18189,1.0,2.64432,0.24072,1.0,1.2726,0.04559,1.01,2.12769,0.04112,1.03,0.812981,0.12897,1.24,4.43589,0.27675,1.08,3.34003,0.06572,1.31,2.72333,0.06344,2.01,2.0918,0.75771,1.01,0.370201,0.84813,1.06,1.0,2.64,0.91,1.08,0.0,82379.0,0.91,0,0,1,53.04159,b'1',,b'Simbad',0.511711,0.00508309,1.02618,0.00617233,1.65076,0.000544617,0.543,-9.38,8.73,CDFS_,25.727438117780995,24.971941134731406,24.455790157927527,30.73468050178232,30.523877156721603,33.15977201614345,1.0
20921,20921,4800.407,5179.565,53.0661583,-27.759367,0,78.0,1.45102,0.06787,1.121545,2.286244,1.34962,0.03487,1.774505,2.39491,0.06187,2.95786,2.52,2.914,2.191,5.887,3.32103,0.1351,1.51,-0.000530189,0.05078,1.0,0.597094,0.08271,1.01,0.310359,0.01734,2.22,0.0477103,0.01549,1.21,0.209174,0.04358,1.0,1.16256,0.10861,0.98,2.05324,0.28932,1.09,2.22529,0.3023,1.07,1.89382,0.15559,1.08,1.8248,0.15024,1.1,1.80378,0.18073,1.08,3.26554,0.38429,1.06,3.38546,0.11459,18.6,0.640079,0.27908,1.05,1.43359,0.56317,1.05,1.5513,0.13584,0.53,,,0.0,1.98203,0.06939,0.75,2.00304,0.18827,1.07,2.57454,0.08551,0.74,0.891607,0.0468,2.61,0.110051,0.05501,1.0,0.109635,0.0578,1.0,0.33271,0.14724,1.0,0.293968,0.05634,1.0,0.234784,0.06521,1.0,0.220044,0.05089,1.0,0.336685,0.06457,1.0,0.429664,0.07002,1.0,0.734937,0.17884,1.0,0.792148,0.202,1.0,1.3506,0.2664,1.0,0.133798,0.05067,1.0,0.296075,0.04491,1.05,0.201806,0.14,1.27,3.11837,0.30085,1.09,3.39495,0.06523,1.11,2.42973,0.0648,1.69,1.1205,0.71865,1.11,0.94411,0.81895,1.12,0.98,2.61,1.07,1.09,0.0,90239.0,1.51,0,0,1,38.70685,b'1',,b'Simbad',0.141621,0.0123447,0.581393,0.0225108,1.35916,0.00907695,0.9195,-10.9,9.16,CDFS_,27.122180858354643,25.588825503652,24.666823538030904,29.771298649491662,29.119022676380112,30.10515014210256,0.0
21236,21236,1861.685,5275.744,53.2045288,-27.7553463,0,499.0,30.2056,0.07582,1.059896,2.613289,24.58954,0.03895,1.774505,43.63427,0.06912,74.47519,3.264,4.595,3.187,8.916,79.02277,0.24868,1.21,1.79125,0.06251,0.85,17.2328,0.1303,0.53,10.0912,0.50456,0.39,1.02716,0.01675,1.35,7.32071,0.06348,0.62,24.2083,0.15612,0.61,58.93469,0.32223,1.17,64.70435,0.33621,1.16,33.0144,0.17229,1.17,35.7136,0.16857,1.16,42.8882,0.20181,1.15,79.7082,0.428,1.15,77.55955,0.16776,11.51,36.0675,0.30092,1.18,69.4806,0.61511,1.15,,,0.0,31.3575,0.07699,1.01,40.0175,0.07147,0.91,48.95031,0.21948,1.02,55.6736,0.08823,0.9,18.9322,0.08409,1.07,2.90083,0.06272,1.0,3.82866,0.06533,1.0,5.97017,0.16603,1.0,7.71685,0.06371,1.0,9.95614,0.07407,1.0,11.2665,0.05798,1.0,12.9261,0.07316,1.0,16.1228,0.08008,1.0,18.1438,0.2014,1.0,18.5055,0.22922,1.0,22.808,0.30105,1.0,4.26382,0.05581,1.09,11.1591,0.0498,1.12,1.1104,0.17254,1.11,81.45657,0.3313,1.12,61.00722,0.07112,0.94,45.6417,0.08178,1.23,36.2117,0.83453,1.01,35.0117,0.98958,0.88,0.39,1.07,1.15,1.12,0.0,70699.0,1.21,0,0,1,631.2914,b'1',,b'Simbad',1.6837,0.0639017,7.39517,0.134883,25.9518,0.175004,0.5163,-10.1,10.03,CDFS_,24.434338220260766,22.827629595001625,21.464581285968805,27.98621896998747,27.175106958129952,26.892380061740344,2.0
21446,21446,5146.491,5283.573,53.0498657,-27.7550259,0,155.0,5.65595,0.09504,1.10379,2.262834,5.45641,0.04883,1.774505,9.68243,0.08665,11.59502,2.469,2.953,2.595,6.45,12.81255,0.2104,0.77,0.171032,0.0508,0.98,3.95927,0.08136,1.03,1.88705,0.09435,2.22,0.121777,0.01543,1.2,1.26765,0.04381,0.98,5.47063,0.10692,0.99,10.78719,0.28663,1.08,10.91827,0.29773,1.08,6.64244,0.15538,1.06,7.54409,0.14954,1.07,8.78318,0.17792,1.08,13.671,0.37786,1.07,12.94488,0.20402,5.77,5.09445,0.27111,1.09,11.4655,0.55741,1.05,6.29993,0.08802,1.28,,,0.0,8.14501,0.05102,1.36,9.57911,0.19823,0.95,10.11,0.06095,1.43,4.20264,0.05845,1.65,0.453314,0.05422,1.0,0.718331,0.05702,1.0,0.91727,0.14552,1.0,1.21706,0.05557,1.0,1.50389,0.06447,1.0,1.77977,0.0503,1.0,2.54035,0.06392,1.0,3.34009,0.06929,1.0,4.1486,0.17707,1.0,4.26317,0.19977,1.0,4.57317,0.26317,1.0,0.738627,0.05009,1.0,1.9502,0.0442,1.06,0.151347,0.13375,1.37,12.75468,0.29787,1.11,11.28246,0.06231,1.41,7.29875,0.06354,2.35,5.90359,0.78369,1.03,2.49234,0.8614,1.08,0.98,1.65,0.77,1.11,0.0,83875.0,0.77,0,0,1,111.7478,b'1',,b'Simbad',0.440345,0.0205139,1.97551,0.0310432,4.56197,0.0245078,0.6623,,9.39,CDFS_,25.890517326476875,24.260801918963136,23.35211893754173,29.219879414721973,28.770083792736393,29.026739181145906,0.0
22412,22412,2579.252,5469.952,53.1707382,-27.7472706,0,75.0,1.69075,0.06742,1.130435,2.211178,1.63143,0.03464,1.774505,2.89498,0.06147,3.30718,2.357,2.776,2.126,5.66,3.74267,0.12834,1.53,0.23449,0.04792,1.03,0.67217,0.07963,1.02,0.362718,0.03926,0.46,0.263591,0.01353,1.48,0.371136,0.04211,1.01,0.81421,0.10365,1.0,2.27166,0.42525,0.48,3.08621,0.52705,0.33,1.44184,0.25622,0.38,1.40131,0.22823,0.45,2.03181,0.29184,0.39,3.2684,0.59609,0.42,3.68315,0.11705,16.28,2.17295,0.44288,0.39,2.05361,0.83202,0.45,,,0.0,1.37419,0.06069,1.16,1.80952,0.04972,1.35,2.26777,0.18775,1.02,2.46468,0.06115,1.34,0.558675,0.0542,1.81,0.381595,0.05287,1.0,0.311394,0.05525,1.0,0.06532,0.14005,1.0,0.312444,0.05388,1.0,0.260163,0.06287,1.0,0.353646,0.04899,1.0,0.3432,0.06219,1.0,0.530833,0.06765,1.0,0.513605,0.17101,1.0,0.577447,0.19359,1.0,0.712858,0.25534,1.0,0.346866,0.04714,1.09,0.34465,0.04279,1.09,0.00506523,0.14311,1.15,3.67385,0.2829,1.1,7.05645,0.05708,1.33,8.83415,0.05195,2.26,7.87447,0.71727,1.08,7.94904,0.84537,1.07,0.46,1.81,0.33,1.1,0.0,85997.0,1.53,0,0,1,47.09787,b'1',,b'Simbad',0.306533,0.0136154,0.750395,0.037397,2.28993,0.0620863,1.5564,-9.2,9.82,CDFS_,26.283806910968075,25.311775170979608,24.10044448310048,29.6649239880427,28.567908089131365,28.017510552328307,2.0
23976,23976,5616.958,5776.716,53.0277328,-27.7344646,3,29.0,0.59371,0.0963,1.186494,1.736596,0.41648,0.04947,1.774505,0.73905,0.08779,0.86898,2.431,1.987,1.652,4.674,1.03217,0.14889,0.75,0.130252,0.03686,1.09,0.267218,0.06095,1.08,0.230327,0.01539,1.74,0.137789,0.00961,1.82,0.191619,0.03319,1.01,0.359188,0.0793,1.06,0.88975,0.22056,1.07,1.43025,0.2328,1.04,0.603226,0.119,1.07,0.547913,0.11488,1.06,0.930779,0.13757,1.05,1.24525,0.29505,1.03,1.11231,0.18188,4.25,0.559329,0.21403,1.03,0.7949,0.43402,1.02,0.68506,0.07544,1.0,,,0.0,0.765327,0.04392,1.08,0.89578,0.15363,0.94,0.94184,0.05469,1.04,0.410433,0.05757,1.01,0.0785817,0.04144,1.0,0.0726193,0.04381,1.0,0.3122,0.11073,1.0,0.160119,0.04249,1.0,0.169896,0.04951,1.0,0.169875,0.03873,1.0,0.129635,0.04873,1.0,0.20898,0.05321,1.0,0.440887,0.13616,1.0,0.475447,0.15264,1.0,0.352273,0.20201,1.0,0.14617,0.03822,1.0,0.237725,0.03443,1.02,0.301196,0.10273,1.36,0.83099,0.22261,1.2,1.6777,0.07169,1.14,1.13389,0.06335,2.18,1.06336,0.84131,0.9,2.474,0.97873,0.96,1.0,1.01,0.75,1.2,0.0,73754.0,0.75,0,0,1,8.418139,b'1',,b'Simbad',0.0986414,0.00199693,0.211411,0.00254155,0.403903,0.00254155,0.9074,-9.76,8.77,CDFS_,27.514851931258917,26.687181048779905,25.984307302711283,31.74909289634422,31.487253354967628,31.487253354967628,1.0
24710,24710,3800.851,5965.67,53.1132278,-27.7266235,2,391.0,19.03088,0.09504,1.06377,2.695467,15.84687,0.04883,1.774505,28.12036,0.08665,48.22197,3.293,4.615,2.947,8.593,51.35352,0.29775,0.77,0.953194,0.05998,0.97,8.96078,0.09556,1.04,4.64609,0.2323,1.38,0.553175,0.01647,1.49,3.38972,0.05145,1.0,12.9895,0.12552,1.01,34.47214,0.33952,1.11,40.4509,0.36026,1.05,18.2417,0.1868,1.06,21.0449,0.17477,1.12,24.0267,0.2105,1.1,51.8606,0.43892,1.13,51.37125,0.22719,6.6,19.1562,0.3144,1.15,46.4346,0.64289,1.12,15.38846,0.11688,1.0,,,0.0,23.025,0.07295,0.94,27.63256,0.22311,1.07,32.8628,0.09265,0.88,9.69579,0.08242,1.17,1.44796,0.06521,1.0,1.9024,0.06833,1.0,2.80417,0.17123,1.0,2.82037,0.06616,1.0,3.99438,0.07761,1.0,4.87575,0.0605,1.0,6.65836,0.07605,1.0,8.17727,0.08326,1.0,9.92374,0.21151,1.0,9.81409,0.23788,1.0,11.6629,0.31617,1.0,2.02585,0.06116,0.94,5.07802,0.05526,0.96,0.567395,0.17729,1.09,54.32372,0.3539,1.06,51.93283,0.08777,0.81,37.285,0.10138,0.93,34.9174,0.80876,1.05,26.8778,0.89853,1.12,0.94,1.17,0.77,1.06,0.0,54976.0,0.77,0,0,1,324.5456,b'1',0.668,b'Simbad',1.2127,0.0352186,4.81202,0.0635387,18.1262,0.0640833,0.6442,-12.26,9.95,CDFS_,24.790616556074973,23.294181440720553,21.854233081047308,28.633069779947924,27.99240418767689,27.983137830367884,2.0
25353,25353,3348.454,6068.101,53.1345215,-27.7223549,0,40.0,0.6412,0.0889,1.211486,2.240408,0.64145,0.04567,1.774505,1.13825,0.08105,1.18577,2.212,2.074,1.707,4.384,1.43813,0.1288,0.88,0.57507,0.04734,1.08,0.828299,0.08054,1.02,0.63179,0.03159,1.77,0.52078,0.01542,1.18,0.540674,0.04289,1.0,0.956837,0.10543,0.99,1.82376,0.27672,1.15,1.20105,0.28918,1.12,1.0085,0.1494,1.15,1.32993,0.14443,1.13,1.30343,0.17271,1.12,1.32342,0.36834,1.11,1.44784,0.16702,8.48,1.27191,0.26247,1.14,1.02175,0.53676,1.11,1.13411,0.0949,1.05,,,0.0,1.32217,0.05976,0.97,1.36527,0.19134,1.02,1.46942,0.07599,0.91,0.817852,0.07219,1.06,0.503271,0.05389,1.0,0.665699,0.05639,1.0,0.81137,0.14179,1.0,0.424003,0.05475,1.0,0.594096,0.06452,1.0,0.557201,0.05004,1.0,0.526148,0.06333,1.0,0.669901,0.06898,1.0,0.533944,0.17469,1.0,0.596315,0.19618,1.0,0.317857,0.26161,1.0,0.616588,0.0492,1.01,0.594816,0.04411,1.05,0.376937,0.14675,1.11,1.40823,0.29735,1.03,1.8415,0.09324,0.67,1.56905,0.10347,0.75,2.11201,0.79946,0.95,-1.20163,0.95177,1.01,0.99,1.06,0.88,1.03,0.0,44219.0,0.88,0,0,1,14.04394,b'1',,b'Simbad',0.295596,0.0112554,0.468668,0.0032677,0.599315,0.00871387,1.3864,-9.0,8.79,CDFS_,26.323253617757317,25.82283674622859,25.555862130989453,29.871597665540065,31.21439455471038,30.149472308700854,1.0
26347,26347,2216.009,6282.861,53.1878204,-27.7133923,0,74.0,2.73048,0.13529,1.161533,2.051052,2.70978,0.06951,1.774505,4.80852,0.12334,4.82152,2.12,2.338,2.002,5.041,5.60651,0.22655,0.38,0.126444,0.05727,0.61,1.49447,0.08389,0.79,0.762771,0.03814,1.7,0.0732054,0.01275,1.46,0.490767,0.04364,0.82,2.49154,0.11112,0.75,4.26515,0.25851,1.13,4.93896,0.26902,1.12,2.8606,0.13874,1.13,3.14032,0.13338,1.14,3.87016,0.16059,1.11,5.94697,0.34096,1.11,5.37074,0.31091,2.04,2.56099,0.24351,1.11,5.48149,0.49362,1.1,2.5718,0.09035,0.97,,,0.0,3.56754,0.05196,1.07,,,0.0,4.4055,0.06628,1.0,,,0.0,0.134714,0.04898,1.0,0.254855,0.05141,1.0,0.23178,0.13018,1.0,0.477631,0.04992,1.0,0.593324,0.05895,1.0,0.772802,0.04537,1.0,0.908915,0.05773,1.0,1.42444,0.06267,1.0,1.68456,0.1575,1.0,2.18785,0.17773,1.0,2.23467,0.23682,1.0,0.29583,0.04363,1.1,0.801781,0.03986,1.09,-0.00644081,0.13393,1.13,5.41158,0.25729,1.15,5.56116,0.09664,0.46,3.64588,0.11858,0.52,0.57366,0.84195,0.8,1.57118,0.96413,0.81,0.61,0.0,0.38,1.15,0.0,30611.0,0.38,0,0,1,38.98638,b'1',,b'Simbad',0.219341,0.0134339,0.903044,0.0197878,1.99771,0.0186985,0.7326,-10.9,9.19,CDFS_,26.647200452162018,25.110727721415397,24.248668891051892,29.679494722125813,29.259006219508187,29.320483078291318,0.0
26396,26396,3612.98,6305.606,53.1220703,-27.7124596,2,178.0,10.23553,0.08648,1.105821,2.16863,10.36205,0.04443,1.774505,18.38751,0.07884,20.07294,2.275,2.968,2.524,6.377,22.2215,0.18891,0.93,0.492448,0.03757,1.6,2.73385,0.06847,1.32,1.34534,0.06727,1.98,0.391607,0.01658,0.96,1.05558,0.03498,1.4,4.76158,0.08606,1.39,13.77296,0.26934,1.14,15.654,0.28098,1.12,6.83501,0.14536,1.13,8.18179,0.13907,1.14,11.9337,0.16789,1.11,22.4476,0.35175,1.14,22.12749,0.15943,8.71,8.17281,0.25295,1.15,19.8273,0.51724,1.12,6.11829,0.08738,1.15,,,0.0,10.232,0.05346,1.13,12.28155,0.12889,2.1,13.0434,0.0671,1.09,3.25695,0.08275,0.76,0.583636,0.05233,1.0,0.664811,0.05483,1.0,0.8302,0.13727,1.0,1.08113,0.05307,1.0,1.14703,0.06263,1.0,1.35748,0.04861,1.0,1.54153,0.0612,1.0,1.89849,0.06696,1.0,2.42321,0.16965,1.0,3.28594,0.19036,1.0,4.9654,0.25387,1.0,0.702727,0.04875,0.96,1.32656,0.04439,0.97,0.184217,0.14884,1.01,22.7377,0.2923,1.0,32.66521,0.09725,0.52,26.2214,0.12099,0.53,20.5899,0.77881,0.96,24.3618,0.87233,1.02,0.96,0.76,0.93,1.0,0.0,31249.0,0.93,0,0,1,233.2244,b'1',,b'Simbad',0.75778,0.020877,2.76414,0.032677,9.71303,0.0484709,1.0323,-10.49,10.0,CDFS_,25.301142152984642,23.896099910762967,22.531613174712987,29.200829771963306,28.71439455471038,28.286297290727923,2.0
26789,26789,6293.972,6385.264,52.9958916,-27.7090836,0,134.0,3.22805,0.15226,1.101151,2.233751,2.24782,0.07823,1.774505,3.98878,0.13881,6.5483,3.048,3.227,2.443,6.542,7.2186,0.34272,0.3,1.39952,0.04864,1.05,4.68352,0.10322,0.63,3.59374,0.17969,0.49,1.28434,0.01315,1.62,3.08568,0.05396,0.61,5.21775,0.13332,0.62,6.38948,0.31504,0.9,6.66006,0.32552,0.92,5.65991,0.16157,0.98,5.7198,0.15606,0.97,5.90597,0.18305,0.99,7.02954,0.40939,0.94,5.45869,0.5997,0.65,5.71503,0.29452,0.9,6.24586,0.56103,1.01,5.6765,0.17457,0.31,,,0.0,5.87311,0.10623,0.3,6.19358,0.15284,1.52,6.55057,0.1294,0.31,4.47667,0.07461,1.0,1.77477,0.05345,1.0,1.73668,0.05659,1.0,3.20519,0.14188,1.0,3.41875,0.05483,1.0,3.74435,0.06365,1.0,3.92427,0.04941,1.0,4.35475,0.06208,1.0,4.87603,0.06743,1.0,4.71064,0.17471,1.0,4.39511,0.19438,1.0,5.17691,0.25758,1.0,2.10224,0.04955,0.98,3.9311,0.04465,0.99,1.59068,0.13672,1.26,7.22576,0.2837,1.23,4.94149,0.08443,0.65,3.79061,0.08034,1.29,2.43745,1.38576,0.34,-0.988849,1.4604,0.38,0.49,1.0,0.3,0.65,0.0,27976.0,0.3,0,0,1,28.73491,b'1',,b'Simbad',0.846872,0.0159754,1.73394,0.00562771,2.43262,0.00580925,0.5144,-9.46,8.8,CDFS_,25.180455564770956,24.402414836526322,24.03481431747185,29.491370647381196,30.624170725430083,30.58969983334712,1.0
27838,27838,3418.904,6617.794,53.1312027,-27.6994514,0,83.0,2.39223,0.08993,1.146082,2.160027,2.40865,0.0462,1.774505,4.27416,0.08199,4.50864,2.222,2.49,2.095,5.322,5.17296,0.15978,0.86,0.883752,0.04517,1.1,2.92827,0.0809,0.94,2.15151,0.10758,0.84,0.834919,0.01717,0.89,1.72195,0.0402,1.05,3.38997,0.10088,1.01,4.42551,0.26818,1.14,4.80706,0.27941,1.13,3.86105,0.14376,1.14,3.84701,0.13835,1.15,4.05864,0.16569,1.13,4.91209,0.35327,1.12,5.09806,0.16318,8.12,4.14241,0.25417,1.13,5.18953,0.5175,1.11,3.61248,0.0922,1.03,,,0.0,3.95188,0.08244,0.47,4.3603,0.18113,1.06,4.70839,0.07307,0.91,3.06426,0.09499,0.58,1.12005,0.05197,1.0,1.13018,0.05452,1.0,1.32662,0.13681,1.0,1.75322,0.05271,1.0,1.94765,0.0624,1.0,2.25951,0.04835,1.0,2.66334,0.061,1.0,2.84186,0.06658,1.0,3.05668,0.16803,1.0,2.93902,0.18841,1.0,2.96048,0.25213,1.0,1.17389,0.04786,0.99,2.17212,0.04305,1.03,1.01658,0.14562,1.06,5.246,0.29623,0.96,5.32672,0.11495,0.42,3.91783,0.12807,0.44,1.41346,0.78549,0.93,0.870016,0.85209,1.01,0.84,0.58,0.86,0.96,0.0,26005.0,0.86,0,0,1,52.1326,b'1',,b'Simbad',0.563134,0.0110739,1.16982,0.0110739,1.80486,0.000726156,0.6197,-9.22,8.82,CDFS_,25.6234706268321,24.829702394824057,24.358891199888234,29.889248506476928,29.889248506476928,32.8474251746227,1.0
29251,29251,4013.396,6985.445,53.1032295,-27.6841316,3,153.0,4.28109,0.10266,1.094897,2.273402,3.60729,0.05274,1.774505,6.40116,0.09359,8.88909,2.773,3.145,2.701,6.791,9.74334,0.24153,0.66,0.371851,0.05204,0.92,3.39035,0.08149,1.02,1.99746,0.09987,1.92,0.176972,0.01654,1.06,1.50698,0.04203,1.05,4.42238,0.10597,1.01,7.86443,0.28224,1.14,8.91915,0.29313,1.13,5.52479,0.15048,1.15,6.09414,0.14754,1.13,6.7052,0.17682,1.12,9.90304,0.37453,1.12,9.40247,0.22395,5.04,5.4342,0.26751,1.13,8.36763,0.54714,1.1,4.91782,0.0909,1.17,,,0.0,6.44103,0.07715,0.59,7.32668,0.19269,1.01,7.91292,0.06934,1.1,3.63186,0.07789,0.95,0.540606,0.05518,1.0,0.805793,0.05806,1.0,1.2202,0.14426,1.0,1.46851,0.05571,1.0,1.80241,0.06551,1.0,2.06658,0.0512,1.0,2.39822,0.06391,1.0,2.94576,0.0704,1.0,3.00718,0.17865,1.0,3.11422,0.20015,1.0,4.08791,0.26644,1.0,0.875125,0.0567,0.77,2.09607,0.04872,0.87,0.283806,0.15538,1.03,9.83613,0.31587,0.94,6.62853,0.10803,0.42,4.6322,0.12967,0.47,4.5063,0.87435,0.97,2.4104,0.90563,1.03,0.77,0.95,0.66,0.94,0.0,27713.0,0.66,0,0,1,68.39748,b'1',,b'Simbad',0.326384,0.0179724,1.33951,0.0341293,3.35154,0.0197878,0.5104,-10.54,9.14,CDFS_,26.21567784846293,24.682635099636244,23.686888982540765,29.363484810405133,28.66718154778091,29.259006219508187,0.0
29367,29367,4423.833,7061.511,53.0839195,-27.6809578,3,439.0,12.02064,0.14743,1.040859,3.525959,5.93182,0.07574,1.774505,10.52604,0.1344,40.72049,4.709,5.974,3.812,11.119,42.4309,0.63825,0.32,1.59801,0.07892,0.96,9.19814,0.16728,0.58,4.79034,0.23952,1.94,0.981557,0.02644,1.0,3.66617,0.08628,0.6,12.804,0.2169,0.58,29.21993,0.5754,0.66,32.97123,0.56188,0.74,15.8656,0.29415,0.74,19.3996,0.26668,0.83,21.9467,0.33269,0.77,41.7203,0.70302,0.77,42.87311,0.77159,1.04,17.1658,0.47837,0.85,37.7821,0.92289,0.93,14.42905,0.3513,0.18,,,0.0,21.7005,0.23129,0.16,,,0.0,28.5462,0.31545,0.13,9.75415,0.1185,0.98,1.61861,0.08565,1.0,2.26709,0.09045,1.0,2.63409,0.22406,1.0,2.87536,0.0867,1.0,3.41691,0.10142,1.0,4.89968,0.07931,1.0,5.77535,0.09888,1.0,8.16166,0.10898,1.0,8.91146,0.27807,1.0,10.2696,0.31093,1.0,11.7827,0.41297,1.0,2.57667,0.07987,0.93,5.05092,0.07222,0.94,0.985076,0.22869,1.14,44.31052,0.49377,0.94,47.77047,0.10775,0.67,33.9027,0.11992,1.14,34.6814,1.10406,0.83,19.1176,1.14776,1.0,0.58,0.98,0.32,0.94,0.0,54767.0,0.32,0,0,1,78.31586,b'1',,b'Simbad',1.45032,0.0461109,4.89436,0.0499232,15.3987,0.107471,0.7277,-11.17,9.85,CDFS_,24.596340410099845,23.27576022422835,22.03128985483378,28.340491002669914,28.254243962070042,27.421771775163478,2.0
29687,29687,3578.961,7137.88,53.1236687,-27.6777821,3,191.0,14.16186,0.10344,1.086601,2.397491,9.663,0.05314,1.774505,17.14705,0.0943,31.24693,3.304,3.68,2.571,7.167,33.99029,0.25961,0.65,1.29707,0.05104,1.07,5.20209,0.08824,0.97,3.1544,0.15772,0.82,1.09645,0.01815,0.97,2.7166,0.04441,1.05,8.70669,0.10979,1.06,22.71165,0.29594,1.14,24.44809,0.30998,1.13,11.4012,0.15989,1.13,13.672,0.1551,1.14,17.4925,0.18495,1.13,35.2138,0.39678,1.1,34.25831,0.23169,5.18,14.427,0.28211,1.13,32.5297,0.57439,1.11,10.21027,0.10413,0.99,,,0.0,15.9363,0.06634,0.9,,,0.0,21.4828,0.08234,0.87,6.11298,0.10765,0.56,1.82846,0.05797,1.0,2.38662,0.06097,1.0,2.95428,0.15261,1.0,3.3549,0.05854,1.0,3.87116,0.06899,1.0,3.87713,0.05392,1.0,4.31682,0.06765,1.0,4.86347,0.07412,1.0,5.64733,0.18676,1.0,5.98853,0.20954,1.0,8.0307,0.28013,1.0,2.07296,0.05386,0.95,3.27407,0.04883,0.97,1.19211,0.16875,0.98,35.65405,0.35947,0.8,51.74982,0.12161,0.36,45.8303,0.15824,0.39,28.8417,1.06917,0.86,31.3852,1.10849,0.97,0.82,0.56,0.65,0.8,0.0,23004.0,0.65,0,0,1,181.8258,b'1',,b'Simbad',1.62288,0.0292278,4.5095,0.0410278,14.9463,0.060634,1.0106,-8.63,9.92,CDFS_,24.47428397964661,23.36467902184547,22.0636657622388,28.83550968276771,28.46730442556202,28.0432094514798,2.0
29790,29790,3330.894,7148.835,53.1353416,-27.6773243,0,85.0,1.76572,0.10858,1.135574,2.262445,1.52778,0.05578,1.774505,2.71106,0.09898,3.51791,2.573,2.496,2.269,5.545,3.99924,0.20195,0.59,0.177683,0.05121,0.95,0.657841,0.0833,0.97,0.3681,0.02725,0.88,0.114082,0.01585,1.13,0.242783,0.04288,1.01,1.21883,0.10296,1.08,2.92601,0.27825,1.15,3.71802,0.29432,1.12,1.8546,0.15033,1.14,2.13719,0.14657,1.14,2.62273,0.17546,1.12,3.52409,0.37873,1.07,4.05789,0.24873,3.89,1.95179,0.26389,1.15,3.70745,0.53961,1.12,1.57415,0.09991,0.97,,,0.0,2.46128,0.0875,0.46,2.78734,0.18817,1.06,3.1252,0.07811,0.86,1.13866,0.12519,0.37,0.208509,0.05451,1.0,0.203376,0.05739,1.0,0.03055,0.14437,1.0,0.25824,0.05518,1.0,0.331936,0.06506,1.0,0.308608,0.05076,1.0,0.542071,0.06393,1.0,0.537394,0.06977,1.0,0.48168,0.17515,1.0,0.624414,0.19685,1.0,0.957354,0.26364,1.0,0.263698,0.04989,0.99,0.343333,0.04403,1.07,0.256334,0.15275,1.07,4.3764,0.33473,0.82,5.13655,0.10116,0.4,3.50389,0.11659,0.42,2.12667,0.85034,0.9,2.56308,0.85227,0.99,0.88,0.37,0.59,0.82,0.0,24636.0,0.59,0,0,1,27.38888,b'1',,b'Simbad',0.174898,0.0252339,0.693229,0.0727971,1.64661,0.0442955,0.9846,-10.1,9.36,CDFS_,26.893037891882642,25.397808194105714,24.458523128524607,28.99503905587165,27.84471480305956,28.384100979275036,0.0
29910,29910,3845.848,7237.681,53.1111145,-27.6736221,3,413.0,19.61645,0.14097,1.053204,2.887573,14.4322,0.07242,1.774505,25.61002,0.12852,53.78246,3.811,5.322,3.166,9.564,56.70623,0.5047,0.35,2.3555,0.06123,1.08,12.7825,0.10623,0.97,6.94561,0.34728,1.12,1.81262,0.02422,0.79,5.36333,0.05345,1.05,16.9606,0.13178,1.06,38.69175,0.37125,1.05,44.47287,0.38985,1.04,22.0032,0.1982,1.08,27.0301,0.19067,1.09,28.9816,0.22928,1.07,57.8087,0.49535,1.03,56.13965,0.55363,1.38,25.4132,0.34129,1.12,52.2879,0.69495,1.1,19.58319,0.28981,0.18,,,0.0,28.7391,0.19126,0.16,,,0.0,37.6393,0.2585,0.13,13.9497,0.10949,0.78,3.04775,0.0701,1.0,3.85681,0.07378,1.0,5.01338,0.18365,1.0,4.98204,0.07067,1.0,5.09309,0.08302,1.0,7.26357,0.06508,1.0,8.86279,0.08136,1.0,11.6948,0.08947,1.0,12.3764,0.22627,1.0,14.5609,0.2535,1.0,16.434,0.33805,1.0,4.02255,0.06606,0.91,7.45571,0.05904,0.95,2.24193,0.19489,1.06,59.27052,0.4342,0.8,65.64893,0.14018,0.32,44.8267,0.17461,0.37,50.9385,1.17312,0.75,33.4315,1.2175,0.9,0.79,0.78,0.35,0.8,0.0,22126.0,0.35,0,0,1,199.2753,b'1',,b'Simbad',2.25734,0.0722525,6.75336,0.0829633,20.8132,0.251976,0.7393,-10.3,9.9,CDFS_,24.116007556666446,22.92620024703589,21.70415285623437,27.852867803351693,27.70278495376769,26.4966020564185,2.0
30053,30053,3233.894,7242.039,53.139904,-27.6734409,0,21.0,0.46632,0.12296,1.172362,2.242629,0.43257,0.06317,1.774505,0.76761,0.1121,0.89202,2.382,1.702,1.352,4.869,1.04692,0.19842,0.46,0.296719,0.05291,0.88,0.412045,0.08482,0.92,0.381702,0.02702,0.88,0.344143,0.01343,1.54,0.390722,0.04304,0.99,0.498855,0.1062,1.0,0.71783,0.27563,1.15,2.00883,0.29071,1.13,0.567948,0.14994,1.13,0.808035,0.14599,1.13,0.711947,0.17424,1.12,1.2317,0.40068,0.94,1.20586,0.31249,2.44,1.13235,0.26506,1.12,1.09429,0.53729,1.11,0.85555,0.07853,1.53,,,0.0,0.844569,0.05783,1.04,1.32898,0.18781,1.04,0.93179,0.06136,1.37,0.462914,0.11372,0.44,0.313881,0.05399,1.0,0.292367,0.05692,1.0,0.50718,0.14342,1.0,0.384054,0.05473,1.0,0.335545,0.06442,1.0,0.279379,0.0503,1.0,0.276517,0.06341,1.0,0.332077,0.06912,1.0,0.233915,0.17321,1.0,-0.075054,0.1949,1.0,0.434737,0.26102,1.0,0.332903,0.04919,1.0,0.44061,0.04401,1.05,0.356233,0.15512,1.02,1.39484,0.33813,0.79,0.94074,0.08524,0.4,0.769994,0.11272,0.42,0.168242,0.77432,0.86,0.17324,0.83713,0.96,0.88,0.44,0.46,0.79,0.0,25005.0,0.46,0,0,1,6.847416,b'1',,b'Simbad',0.178986,0.0139785,0.306866,0.0083508,0.358471,0.025597,1.3594,-9.19,8.62,CDFS_,26.86795234378671,26.282628069164605,26.113864931576263,29.63634857302698,30.1956797936434,28.979527328887613,1.0
30285,30285,2754.526,7365.953,53.1624565,-27.6682739,0,47.0,0.80593,0.11794,1.194961,2.083854,0.69298,0.06059,1.774505,1.22969,0.10752,1.40544,2.355,2.032,1.893,4.57,1.6813,0.17816,0.5,0.515256,0.04747,0.96,0.528221,0.08012,0.9,0.489666,0.02448,1.93,0.458339,0.01254,1.53,0.525137,0.03998,1.01,0.650211,0.1004,0.94,0.74415,0.25871,1.15,1.02779,0.27096,1.13,1.05584,0.14025,1.14,0.986864,0.13581,1.13,1.49762,0.16223,1.13,1.27368,0.38347,0.89,1.85934,0.27556,2.72,1.24953,0.24306,1.15,0.491921,0.49482,1.13,0.88702,0.09092,0.99,,,0.0,1.11068,0.05618,0.94,0.92793,0.1826,0.95,1.07636,0.0709,0.88,0.460577,0.16313,0.18,0.566199,0.05001,1.0,0.590327,0.05289,1.0,0.41,0.13378,1.0,0.504743,0.05101,1.0,0.553859,0.05976,1.0,0.4838,0.04655,1.0,0.544921,0.05908,1.0,0.596965,0.06398,1.0,0.405423,0.15992,1.0,0.752451,0.18058,1.0,0.547939,0.24129,1.0,0.603448,0.04499,1.04,0.434548,0.04036,1.08,0.521116,0.14129,1.07,1.94374,0.30845,0.82,1.30564,0.09014,0.39,1.15443,0.11047,0.4,1.85108,0.76854,0.85,-0.323808,0.8608,0.92,0.9,0.18,0.5,0.82,0.0,23912.0,0.5,0,0,1,11.43641,b'1',,b'Simbad',0.270899,0.00399386,0.397897,0.0125262,0.469761,0.000363078,1.6084,-9.17,8.79,CDFS_,26.417981495310062,26.000573338162916,25.820307603995317,30.996517907184266,29.755451646004197,33.60000016378265,1.0
30354,30354,2763.558,7411.123,53.1620331,-27.6663914,3,77.0,1.25941,0.13186,1.102666,2.509544,0.91129,0.06775,1.774505,1.61709,0.12022,2.86627,3.242,3.103,2.225,6.49,3.16401,0.29406,0.4,0.777805,0.05777,0.94,1.62852,0.09706,0.89,1.08015,0.05401,1.93,0.740828,0.01509,1.53,0.878012,0.04887,0.98,2.00835,0.12072,0.94,2.7483,0.31262,1.14,3.40286,0.32624,1.13,2.23536,0.17043,1.12,2.36344,0.16271,1.14,2.93211,0.19619,1.12,3.11478,0.50044,0.76,3.61911,0.40455,1.86,2.00406,0.30346,1.07,2.17797,0.59855,1.12,2.3524,0.11021,0.97,,,0.0,2.53861,0.06811,0.93,,,0.0,2.70198,0.08642,0.86,1.85031,0.19605,0.18,0.781201,0.06024,1.0,0.897284,0.06369,1.0,0.90281,0.16102,1.0,0.969424,0.06151,1.0,1.00926,0.072,1.0,1.00301,0.05606,1.0,0.991081,0.07119,1.0,1.55545,0.0771,1.0,1.31295,0.19273,1.0,1.90965,0.21753,1.0,2.31392,0.29055,1.0,0.899708,0.05364,1.06,0.969333,0.04851,1.08,0.636926,0.17157,1.05,3.10289,0.38118,0.78,3.29249,0.11577,0.38,2.14911,0.1424,0.4,2.42717,0.96603,0.81,1.82676,1.05366,0.9,0.89,0.18,0.4,0.78,0.0,23780.0,0.4,0,0,1,13.45159,b'1',,b'Simbad',0.454752,0.0148862,0.838398,0.00453848,1.26503,0.00617233,0.9603,-8.9,8.87,CDFS_,25.855563455581187,25.191374415923534,24.744747937841026,29.568040376111796,30.85772393511666,30.523877156721603,1.0
30446,30446,3113.781,7627.123,53.1455536,-27.6573944,3,396.0,23.80997,0.20227,1.061331,2.57147,16.87617,0.10392,1.774505,29.94686,0.1844,57.68854,3.468,4.507,3.16,8.793,61.29398,0.65206,0.17,2.1691,0.05829,0.97,13.7613,0.09901,0.9,7.71675,0.38584,1.7,1.46602,0.01852,1.06,5.92738,0.049,1.02,18.2575,0.12485,0.94,41.29973,0.56554,0.36,48.30861,0.52542,0.47,23.4967,0.24486,0.56,28.593,0.25856,0.47,31.5855,0.28465,0.55,61.1002,1.16997,0.15,,,0.0,23.7998,1.60824,0.04,57.2165,1.14742,0.32,,,0.0,,,0.0,,,0.0,,,0.0,,,0.0,,,0.0,3.20766,0.0618,1.0,4.16092,0.06527,1.0,4.77281,0.16393,1.0,5.29024,0.06337,1.0,6.21718,0.07424,1.0,8.61023,0.05755,1.0,10.6723,0.07297,1.0,12.5475,0.07943,1.0,14.5284,0.19864,1.0,15.6495,0.22313,1.0,17.266,0.29814,1.0,4.21278,0.05615,1.01,8.43404,0.04963,1.06,1.3393,0.17189,1.06,65.39641,0.42579,0.67,68.14038,0.1482,0.26,46.3083,0.16063,0.29,53.5768,1.2863,0.47,38.2769,1.1629,0.65,0.9,0.0,0.17,0.0,0.0,17133.0,0.17,0,0,1,162.3997,b'1',,b'Simbad',2.19611,0.0542802,6.88857,0.048834,21.9421,0.119634,0.6815,-11.17,9.91,CDFS_,24.145864776223622,22.904677310095124,21.646804524997208,28.163396402036263,28.278194252837743,27.305363440627914,2.0
30540,30540,2669.843,7538.817,53.1664391,-27.6610699,0,129.0,3.56316,0.17781,1.094714,2.27225,2.59963,0.09135,1.774505,4.61305,0.1621,7.39589,3.013,3.196,2.351,6.798,8.10529,0.41886,0.22,0.337963,0.06429,0.6,2.71735,0.12815,0.42,1.37722,0.06886,1.9,0.25144,0.01372,1.53,1.02173,0.06898,0.4,3.46075,0.16519,0.4,5.97124,0.28887,1.1,7.1004,0.3026,1.08,3.89363,0.15553,1.11,4.82111,0.14907,1.11,5.02523,0.17971,1.09,7.43826,0.56193,0.5,8.4627,1.23114,0.17,4.09881,0.29472,0.93,5.72644,0.55447,1.07,3.75718,0.14198,0.47,,,0.0,5.04095,0.08872,0.45,,,0.0,5.97141,0.11095,0.43,,,0.0,0.56645,0.05452,1.0,0.568575,0.05756,1.0,0.42235,0.14515,1.0,0.77942,0.056,1.0,1.02823,0.06534,1.0,1.35263,0.05064,1.0,1.67585,0.06464,1.0,2.42295,0.06987,1.0,2.52401,0.17509,1.0,2.64526,0.19706,1.0,3.17037,0.26255,1.0,0.584003,0.04862,1.06,1.3556,0.04393,1.07,0.064481,0.15422,1.06,7.82308,0.3462,0.78,7.55763,0.11082,0.33,5.15279,0.13633,0.36,6.23114,0.98769,0.65,4.35006,0.99558,0.78,0.4,0.0,0.22,0.17,0.0,21094.0,0.22,0,0,1,28.45829,b'1',,b'Simbad',0.372685,0.0188801,1.25557,0.0132523,2.76573,0.0157939,0.7045,-9.91,9.28,CDFS_,26.07164521645404,24.752897674191114,23.89547554866652,29.30998927438868,29.694271853256915,29.5037765401878,0.0
