recno,id,xpos,ypos,RAJ2000,DEJ2000,SE,isoArea,FKsap,e_FKsap,apcorr,KsR,FKsapD,e_FKsapD,apcorrD,FKsD,e_FKsD,FKsauto,R50,amaj,bmin,Rad,FKsall,e_FKsall,w_FKsall,Fu,e_Fu,w_Fu,FB,e_FB,w_FB,FV,e_FV,w_FV,FR,e_FR,w_FR,Fi,e_Fi,w_Fi,Fz,e_Fz,w_Fz,FJ1,e_FJ1,w_FJ1,FJ2,e_FJ2,w_FJ2,FJ3,e_FJ3,w_FJ3,FHs,e_FHs,w_FHs,FHl,e_FHl,w_FHl,FKs,e_FKs,w_FKs,FJ,e_FJ,w_FJ,FH,e_FH,w_FH,FK,e_FK,w_FK,FKsHI,e_FKsHI,w_FKsHI,F125W,e_F125W,w_F125W,F140W,e_F140W,w_F140W,F160W,e_F160W,w_F160W,F606W,e_F606W,w_F606W,F814W,e_F814W,w_F814W,FY,e_FY,w_FY,F3.6,e_F3.6,w_F3.6,F4.5,e_F4.5,w_F4.5,F5.8,e_F5.8,w_F5.8,F8.0,e_F8.0,w_F8.0,wminOpt,wminHST1,wminfs,wminjhk,wminHST2,wminIRAC,wminAll,Star,Nghb,Use,SNR,zspec,Simbad,U,eU,V,eV,J,eJ,zpk,lssfr,lmass,field,mag_U,mag_V,mag_J,e_mag_U,e_mag_V,e_mag_J,GalaxyType
2056,2056,2535.803,667.224,34.3231697,-5.288888,3,107.0,1.27289,0.07178,1.076732,2.840386,1.19785,0.07258,1.771907,2.12247,0.12861,3.35785,4.049,4.173,2.314,9.322,3.61551,0.30181,0.81,-0.039771,0.09503,1.0,-0.0180734,0.01657,1.0,0.0165279,0.02036,1.0,0.146704,0.02596,1.0,0.355456,0.02626,1.0,0.82935,0.07309,1.0,1.00858,0.23507,0.74,1.72679,0.20986,0.75,2.30537,0.25395,0.71,1.79569,0.39181,0.81,3.01689,0.41478,0.77,3.20089,0.70293,0.8,1.78548,0.20658,1.0,3.11227,0.42088,1.0,3.71502,0.24922,1.09,,,0.0,,,0.0,,,0.0,,,0.0,,,0.0,,,0.0,,,0.0,6.16441,0.15643,1.13,4.95909,0.18002,1.11,7.80955,4.0538,1.0,-2.07117,4.72068,1.0,1.0,0.0,0.0,0.81,0.0,1.0,0.81,0,0,1,16.50296,,b'Simbad',0.0991123,0.0183354,0.548197,0.0491971,1.62698,0.0357632,1.0603,,9.39,UDS_,27.509681113770434,25.652658363650417,24.47154446422058,29.341774027880227,28.27015124161397,28.616409071434923,0.0
2602,2602,940.64,811.196,34.3899231,-5.2828941,0,59.0,0.96805,0.07315,1.16557,2.122861,0.93683,0.07397,1.771907,1.65997,0.13106,1.76311,2.837,2.428,1.826,6.317,2.05503,0.20938,0.78,0.588858,0.07179,1.0,0.559834,0.01228,1.0,0.604924,0.01521,1.0,0.654237,0.01945,1.0,1.08173,0.0197,1.0,1.36975,0.05501,1.0,1.69995,0.14862,1.03,1.63219,0.13381,1.01,1.7304,0.15418,1.06,1.72203,0.25469,1.08,2.06516,0.255,1.09,1.64758,0.50553,0.88,1.57183,0.15525,1.0,1.53717,0.31326,1.0,2.41052,0.19399,1.01,,,0.0,,,0.0,,,0.0,,,0.0,5.56912,0.22627,0.11,,,0.0,,,0.0,2.10454,0.12938,1.03,1.50848,0.15847,0.91,3.31171,3.40514,1.0,-6.59134,4.49713,1.0,1.0,0.0,0.0,0.78,0.0,1.0,0.78,0,0,1,12.6656,,b'Simbad',0.351909,0.00526463,0.585924,0.00925849,0.859802,0.0107108,1.0835,-9.79,8.68,UDS_,26.13392406507773,25.58039678129076,25.16400387249521,30.69658036442739,30.083649595428504,29.925445225205596,1.0
2744,2744,916.149,876.369,34.3909492,-5.2801781,0,253.0,9.42401,0.07459,1.06721,2.410937,8.47957,0.07543,1.771907,15.02501,0.13366,21.28982,3.575,3.961,2.775,9.946,22.7207,0.33582,0.75,0.777808,0.08146,1.0,0.73126,0.01395,1.0,1.15537,0.01727,1.0,1.64083,0.02208,1.0,2.74213,0.02236,1.0,4.94786,0.06242,1.0,6.83636,0.16773,1.04,7.52294,0.15177,1.01,9.61289,0.17599,1.05,13.0395,0.29053,1.07,15.56972,0.28847,1.1,22.3691,0.60663,0.79,8.88205,0.17623,1.0,14.60612,0.35548,1.0,24.14291,0.22083,1.0,,,0.0,,,0.0,,,0.0,,,0.0,5.85485,0.17789,0.23,,,0.0,,,0.0,40.3222,0.1316,1.1,36.05049,0.16707,0.91,25.7006,3.58912,1.0,10.46001,4.84616,1.0,1.0,0.0,0.0,0.75,0.0,1.0,0.75,0,0,1,112.4146,,b'Simbad',0.930594,0.0544617,2.76612,0.0833264,10.9181,0.0270493,1.0861,-8.47,9.89,UDS_,25.078099379762875,23.895322458065525,22.404632330660117,28.15977201614345,27.69804345212937,28.9196099234426,2.0
2805,2805,3024.144,873.691,34.3027344,-5.2802815,3,96.0,2.47931,0.07091,1.123696,2.068958,2.50148,0.0717,1.771907,4.43238,0.12705,4.56492,2.775,2.585,2.309,7.329,5.12959,0.23361,0.83,2.14997,0.06952,1.0,1.98492,0.01208,1.0,2.11721,0.01477,1.0,3.2167,0.01898,1.0,3.91591,0.01919,1.0,4.5979,0.05329,1.0,3.96564,0.14279,1.07,4.40656,0.12787,1.09,4.17199,0.14765,1.1,4.90359,0.24492,1.11,4.21079,0.25397,1.12,4.81503,0.44392,1.06,4.2898,0.14991,1.0,4.18066,0.30571,1.0,5.44698,0.18223,1.07,,,0.0,,,0.0,,,0.0,,,0.0,2.37351,0.10487,0.5,4.52118,0.10887,0.48,,,0.0,4.83358,0.15346,1.01,3.18432,0.1699,0.89,-4.3428,3.41252,1.0,4.54311,4.51754,1.0,1.0,0.0,0.48,0.83,0.0,1.0,0.83,0,0,1,34.88619,,b'Simbad',1.02995,0.0105293,1.53723,0.0283201,1.84631,0.0168831,0.7147,-8.9,8.7,UDS_,24.967959645157382,24.53315287149482,24.3342384451844,29.944001250631356,28.869763043648156,29.431369517900862,1.0
2965,2965,973.539,930.501,34.388546,-5.2779226,0,111.0,1.91505,0.07362,1.091562,2.425794,1.79463,0.07445,1.771907,3.17992,0.13191,4.25584,3.494,3.301,2.454,8.538,4.64551,0.28081,0.78,1.02803,0.08191,1.0,1.19112,0.01403,1.0,1.38295,0.01737,1.0,2.2286,0.0222,1.0,2.98785,0.02251,1.0,3.33351,0.06276,1.0,3.38785,0.16753,1.05,3.95114,0.15193,1.02,3.92491,0.177,1.05,4.15638,0.29237,1.07,4.33225,0.2921,1.09,4.86951,0.55242,0.96,3.79764,0.17738,1.0,4.61227,0.35771,1.0,4.53617,0.22081,1.01,,,0.0,,,0.0,,,0.0,,,0.0,1.64721,0.09981,0.74,3.27165,0.13055,0.48,,,0.0,4.13577,0.14252,1.03,3.26332,0.16934,0.9,-1.23553,3.68866,1.0,25.77765,5.26159,1.0,1.0,0.0,0.48,0.78,0.0,1.0,0.77,0,0,1,24.10677,,b'Simbad',0.687837,0.0127077,1.20705,0.00562771,1.65836,0.00254155,0.7165,-9.79,8.68,UDS_,25.406286165994103,24.79568684904341,24.45080296516052,29.739832616081078,30.624170725430083,31.487253354967628,1.0
3001,3001,1485.779,927.957,34.3671112,-5.2780275,0,76.0,1.02885,0.07007,1.129472,2.24719,0.92649,0.07086,1.771907,1.64166,0.12555,2.04699,3.212,2.499,2.28,7.161,2.31202,0.22569,0.85,0.966506,0.07566,1.0,0.809295,0.013,1.0,0.754887,0.01613,1.0,0.815789,0.02051,1.0,0.990536,0.02088,1.0,1.71159,0.05803,1.0,1.79436,0.1536,1.07,1.8047,0.14089,1.03,1.98751,0.16298,1.07,2.05365,0.26821,1.09,2.32209,0.26865,1.11,2.52212,0.4932,1.01,1.94956,0.16483,1.0,1.86214,0.33255,1.0,1.99897,0.20038,1.06,,,0.0,,,0.0,,,0.0,,,0.0,0.957207,0.11161,0.51,1.38081,0.11905,0.49,,,0.0,2.00467,0.11607,1.07,2.17119,0.14313,1.01,-0.25959,3.00913,1.0,-17.05802,4.22819,1.0,1.0,0.0,0.49,0.85,0.0,1.0,0.85,0,0,1,13.07582,,b'Simbad',0.422841,0.0127077,0.6812,0.00145231,0.726733,0.0107108,1.2292,-9.09,8.91,UDS_,25.934557271892704,25.41681340177359,25.34656279652901,29.739832616081078,32.09485168064691,29.925445225205596,1.0
3331,3331,1417.65,1038.628,34.3699608,-5.273416,0,190.0,5.70138,0.06886,1.082083,2.260346,5.9312,0.06964,1.771907,10.50953,0.12339,11.90952,3.008,3.291,2.745,9.017,12.88708,0.27966,0.88,0.0664839,0.07606,1.0,0.542602,0.01307,1.0,1.36172,0.0162,1.0,2.92835,0.02062,1.0,4.56825,0.021,1.0,6.23258,0.05832,1.0,7.70862,0.15552,1.05,8.43355,0.14207,1.02,9.47263,0.164,1.07,12.0299,0.27074,1.08,12.7184,0.27007,1.11,13.96,0.4963,1.01,9.5849,0.16571,1.0,12.74912,0.33417,1.0,14.42413,0.2019,1.05,,,0.0,8.99158,0.10997,0.96,,,0.0,10.9714,0.09976,1.0,2.05559,0.11115,0.52,4.89102,0.11994,0.49,,,0.0,9.84991,0.12362,1.08,6.97141,0.15635,0.99,12.4439,3.01257,1.0,-7.55868,4.41313,1.0,1.0,0.0,0.49,0.88,0.0,1.0,0.88,0,0,1,85.17301,,b'Simbad',0.415536,0.0452032,1.75439,0.0633571,4.88612,0.0600894,0.4715,-10.54,9.22,UDS_,25.953478362767807,24.38968464199083,23.27758967808827,28.362077049412363,27.995511774049135,28.053005331121426,0.0
3391,3391,1767.398,1055.468,34.3553276,-5.2727132,0,260.0,15.29823,0.07091,1.0554,2.95064,11.32156,0.0717,1.771907,20.06075,0.12705,42.77009,4.142,3.754,3.521,10.907,45.13956,0.35236,0.83,0.0291099,0.09887,1.0,0.239723,0.0171,1.0,0.300247,0.02119,1.0,0.271561,0.02692,1.0,0.40068,0.02739,1.0,0.6021,0.076,1.0,0.899417,0.20431,1.04,0.751618,0.18637,1.01,1.50946,0.21619,1.06,1.99311,0.35194,1.08,1.92525,0.35257,1.1,1.62112,0.65507,0.99,,,0.0,,,0.0,58.78021,0.26226,1.06,,,0.0,1.42125,0.14519,0.94,1.26589,0.26529,0.93,1.78158,0.13604,0.91,0.428109,0.10444,1.01,0.70796,0.11084,0.97,,,0.0,5.61849,0.13752,1.14,6.54607,0.15522,1.2,15.8255,3.05937,1.0,2.35505,3.86062,1.0,1.0,0.0,0.97,0.83,0.0,1.0,0.83,0,0,1,157.8932,,b'Simbad',0.255534,0.0295909,0.597213,0.0889541,1.83352,0.213671,1.6718,-9.29,9.89,UDS_,26.481378266905388,25.559676868045628,24.341785871004745,28.822104564194596,27.627085074927095,26.67563604361438,2.0
4153,4153,698.527,1263.107,34.4000549,-5.2640629,3,181.0,4.56203,0.06663,1.072455,2.388347,4.4798,0.06738,1.771907,7.9378,0.11939,10.15959,3.37,3.333,3.065,9.589,10.8957,0.28857,0.94,0.126698,0.08052,1.0,0.326958,0.01384,1.0,0.785225,0.01707,1.0,2.12066,0.02178,1.0,3.30654,0.02207,1.0,4.72145,0.06141,1.0,5.76527,0.16024,1.12,6.45073,0.14658,1.06,7.18585,0.17527,1.06,9.21381,0.31013,0.92,9.73744,0.30811,0.95,11.2683,0.70861,0.58,7.09855,0.17292,1.0,8.67869,0.34886,1.0,11.12739,0.22022,0.96,10.89581,0.4136,0.47,7.16902,0.11155,1.03,7.89207,0.21087,0.95,8.75992,0.1043,1.01,1.47091,0.08684,0.95,3.68904,0.09755,0.84,5.67129,0.12126,0.42,9.91445,0.1492,1.13,6.38385,0.17625,0.96,7.89173,3.04462,1.0,-3.31687,4.66884,1.0,1.0,0.42,0.84,0.94,0.42,1.0,0.94,0,0,1,66.48767,,b'Simbad',0.380433,0.0323139,1.54605,0.0504678,3.82299,0.0254155,0.5886,-10.35,9.26,UDS_,26.049304544949763,24.526941162245787,23.543992094967145,28.72652655835537,28.242464066711698,28.987253354967628,0.0
4227,4227,1277.925,1284.791,34.3758087,-5.2631588,0,185.0,5.78271,0.05801,1.086125,2.187005,6.06855,0.05866,1.771907,10.75291,0.10395,11.64397,2.887,3.076,2.8,8.804,12.64682,0.23078,1.23,0.21936,0.07359,1.0,0.518949,0.01263,1.0,1.01962,0.01562,1.0,2.35141,0.01992,1.0,3.74812,0.0203,1.0,5.19952,0.05626,1.0,6.48017,0.1392,1.22,7.04608,0.12386,1.25,8.15587,0.14997,1.2,10.1859,0.25028,1.18,10.64916,0.25335,1.18,12.4006,0.41118,1.38,8.14856,0.15978,1.0,10.45934,0.32202,1.0,12.48956,0.19514,1.04,12.10491,0.3121,0.71,7.60431,0.1038,1.0,8.86039,0.19459,0.92,9.62741,0.0942,1.04,1.51913,0.08452,0.84,4.22048,0.09798,0.69,6.21138,0.09279,0.6,10.4123,0.12501,1.01,7.15524,0.14988,0.96,1.52511,3.22269,1.0,2.85848,4.16138,1.0,1.0,0.6,0.69,1.23,0.6,1.0,1.24,0,0,1,103.4461,,b'Simbad',0.470099,0.037397,1.74776,0.0599079,4.25291,0.0217847,0.5963,-10.1,9.33,UDS_,25.819526681617454,24.393795510821167,23.42828451930061,28.567908089131365,28.056289759545063,29.15462104103524,0.0
4403,4403,4927.919,1332.591,34.2230721,-5.2611408,0,172.0,4.87553,0.0605,1.086136,2.143878,4.83048,0.06118,1.771907,8.55917,0.10841,9.6236,2.975,3.143,2.74,8.804,10.45254,0.2397,1.14,0.140191,0.07219,1.0,0.301282,0.01244,1.0,0.729298,0.01533,1.0,1.62922,0.01955,1.0,2.85063,0.02011,1.0,3.96072,0.0558,1.0,4.95561,0.18399,0.71,5.54046,0.1611,0.76,6.94794,0.18619,0.74,8.33901,0.30436,0.81,8.42065,0.32166,0.75,11.1681,0.53532,0.76,6.47584,0.15349,1.0,8.16524,0.31291,1.0,10.03288,0.18132,1.15,10.26779,0.34992,0.52,6.13982,0.09879,1.02,,,0.0,7.67348,0.09173,1.07,1.30272,0.07645,0.99,3.25272,0.07975,0.97,5.16568,0.10054,0.49,8.4767,0.13717,0.94,6.35373,0.14766,1.06,0.420331,3.18795,1.0,-5.8612,3.68128,1.0,1.0,0.0,0.97,1.14,0.49,1.0,1.14,0,0,1,78.95164,,b'Simbad',0.316424,0.0323139,1.30671,0.0740679,3.54346,0.0702556,0.5771,-10.54,9.28,UDS_,26.24932645933071,24.709551963287236,23.62643116341344,28.72652655835537,27.825924921121818,27.883297632216706,0.0
4789,4789,5029.47,1410.674,34.2188225,-5.2578859,0,92.0,1.37009,0.06493,1.118809,2.201035,1.26047,0.06565,1.771907,2.23344,0.11633,2.69539,3.189,2.581,2.41,7.482,3.01562,0.21827,0.99,0.106811,0.07414,1.0,0.195743,0.01277,1.0,0.337766,0.01573,1.0,0.610117,0.02007,1.0,0.909816,0.02064,1.0,1.1838,0.05727,1.0,1.62995,0.26138,0.37,1.94574,0.21422,0.45,2.14382,0.25273,0.42,2.61622,0.41294,0.47,1.88839,0.43477,0.43,3.21746,0.71966,0.44,1.69315,0.1576,1.0,2.16437,0.32114,1.0,2.77044,0.19237,1.08,3.10548,0.44258,0.34,,,0.0,,,0.0,,,0.0,0.364518,0.079,0.98,0.93092,0.08142,0.98,1.51734,0.11928,0.37,2.28238,0.13841,0.87,1.85524,0.15561,0.99,2.80165,3.43514,1.0,-4.85963,3.78919,1.0,1.0,0.0,0.98,0.99,0.34,1.0,0.99,0,0,1,19.19858,,b'Simbad',0.136232,0.0148862,0.388341,0.025597,0.948029,0.0246893,0.5553,-9.76,8.75,UDS_,27.16430216881347,26.026966888470277,25.057945943713534,29.568040376111796,28.979527328887613,29.018728057920974,1.0
5013,5013,876.292,1482.375,34.3926163,-5.2549262,3,168.0,3.81041,0.05223,1.082745,2.475598,4.19618,0.05281,1.771907,7.43523,0.09358,8.71215,3.099,3.618,2.477,8.981,9.43304,0.21122,1.53,1.60717,0.08354,1.0,1.85838,0.01433,1.0,2.85322,0.01761,1.0,4.4826,0.02252,1.0,5.19547,0.02291,1.0,6.00425,0.0635,1.0,6.7398,0.15901,1.21,7.02059,0.14142,1.23,7.50491,0.16994,1.2,8.61949,0.2867,1.16,8.18563,0.29071,1.15,9.39733,0.54727,1.02,7.03985,0.17924,1.0,8.39393,0.36149,1.0,9.52106,0.22594,0.98,9.46427,0.24513,1.4,7.17334,0.11662,1.02,7.80375,0.20716,1.04,8.33258,0.10995,0.99,3.50542,0.09043,0.94,5.44586,0.10029,0.85,7.06641,0.07642,1.13,6.21969,0.13347,1.15,5.2634,0.1577,1.05,5.48718,2.81345,1.0,1.86431,4.00538,1.0,1.0,0.85,0.85,1.53,0.98,1.0,1.53,0,0,1,79.45433,,b'Simbad',0.98815,0.0341293,1.95783,0.0364893,3.21605,0.0147047,0.4918,-9.2,8.87,UDS_,25.012942812550083,24.270562552613093,23.73169301971312,28.66718154778091,28.594586169832645,29.58135957846583,1.0
5073,5073,3677.24,1525.136,34.2754097,-5.2531309,0,816.0,40.6937,0.05383,1.031499,2.893968,41.08769,0.05444,1.771907,72.80357,0.09646,114.17,4.016,5.796,3.713,13.917,117.7663,0.34956,1.44,3.51163,0.0981,1.0,5.29618,0.01679,1.0,11.4301,0.0207,1.0,22.4445,0.02644,1.0,30.9695,0.02704,1.0,42.49542,0.07468,1.0,51.2272,0.18944,1.22,57.7765,0.1691,1.24,71.01848,0.19768,1.21,88.0059,0.34151,1.18,95.20597,0.35041,1.18,119.983,0.55192,1.36,69.13682,0.20731,1.0,97.2083,0.42079,1.0,123.26881,0.25551,1.05,111.3857,0.32846,1.04,67.1865,0.1349,1.01,77.5937,0.24805,0.96,87.892,0.12595,0.99,15.8317,0.0786,1.7,34.22118,0.08023,1.74,49.7281,0.10024,0.89,75.7836,0.15353,0.91,62.00884,0.1813,0.93,42.4338,3.51417,1.0,56.3891,5.06371,1.0,1.0,0.89,1.7,1.44,0.89,1.0,1.44,0,0,1,754.764,,b'Simbad',2.84842,0.162114,11.1924,0.29373,35.777,0.533906,0.3974,-9.82,9.99,UDS_,23.863489933801073,22.377691942973804,21.115990197576266,26.975448695756526,26.330129236782145,25.68133799635565,2.0
5283,5283,878.034,1518.369,34.3925438,-5.2534261,0,30.0,0.49356,0.05189,1.228704,1.963338,0.59395,0.05247,1.771907,1.05243,0.09297,0.78866,1.972,1.823,1.764,5.38,0.96903,0.12931,1.55,0.20201,0.06627,1.0,0.278053,0.01137,1.0,0.330324,0.01396,1.0,0.39743,0.01785,1.0,0.358851,0.01817,1.0,0.40605,0.05033,1.0,0.670151,0.12617,1.21,0.865332,0.11225,1.23,0.5866,0.13532,1.19,0.649621,0.22648,1.17,0.564,0.2296,1.16,0.711501,0.42756,1.05,0.61273,0.14208,1.0,0.57073,0.28656,1.0,0.58864,0.17917,0.98,1.23865,0.19386,1.4,0.99344,0.09205,1.03,0.88944,0.16599,1.02,1.03338,0.08728,0.99,0.302106,0.07062,0.97,0.4552,0.07859,0.87,0.393751,0.06004,1.15,1.26229,0.1166,1.14,1.26715,0.13506,1.06,-4.54568,2.45512,1.0,1.86279,3.53052,1.0,1.0,0.87,0.87,1.55,0.98,1.0,1.55,0,0,1,11.31969,,b'Simbad',0.216674,0.0147047,0.316989,0.00453848,0.458415,0.00236001,1.9114,-10.3,8.8,UDS_,26.66048299781927,26.247389520498118,25.846852950165765,29.58135957846583,30.85772393511666,31.567715392007344,1.0
5562,5562,782.38,1597.993,34.3965454,-5.2501082,0,107.0,2.54113,0.05189,1.119531,2.190261,3.08672,0.05247,1.771907,5.46939,0.09297,4.97148,2.427,2.684,2.304,7.46,5.56573,0.17394,1.55,3.12351,0.07399,1.0,2.95437,0.0127,1.0,3.0445,0.01555,1.0,4.22189,0.0199,1.0,5.23116,0.02025,1.0,4.27049,0.05607,1.0,6.39998,0.14198,1.2,6.3392,0.12458,1.25,5.1368,0.1525,1.17,5.62295,0.25647,1.14,5.83093,0.25615,1.16,5.69761,0.5591,0.77,4.76924,0.15799,1.0,5.6751,0.31881,1.0,5.40391,0.20163,0.96,5.72715,0.21669,1.38,4.80821,0.10317,1.02,4.52434,0.18535,1.02,5.37573,0.09701,1.0,3.51786,0.0706,1.21,5.05384,0.08869,0.85,4.67529,0.06784,1.12,4.12346,0.11462,1.13,2.91509,0.1475,1.03,-2.54976,2.57895,1.0,5.88855,4.00797,1.0,1.0,0.77,0.85,1.55,0.96,1.0,1.55,0,0,1,58.82773,,b'Simbad',1.35651,0.00363078,1.80009,0.00980311,2.03517,0.00181539,0.6517,-8.72,8.7,UDS_,24.66894250083261,24.361764451788623,24.228498269563385,31.100000163782653,30.021590310368047,31.852575152942606,1.0
5898,5898,2341.437,1682.202,34.3313065,-5.2465949,0,121.0,1.72624,0.05189,1.09057,2.581656,1.70483,0.05247,1.771907,3.0208,0.09297,4.08645,3.455,3.418,2.396,8.585,4.45656,0.20032,1.55,0.159267,0.08635,1.0,0.226047,0.01498,1.0,0.146723,0.01842,1.0,0.301597,0.02361,1.0,0.438739,0.02391,1.0,0.71887,0.06632,1.0,1.29597,0.17197,1.15,1.71939,0.15396,1.14,2.06931,0.1837,1.13,3.30248,0.30152,1.13,3.21258,0.30255,1.14,4.27554,0.52165,1.2,1.70632,0.18716,1.0,2.786,0.38076,1.0,4.39712,0.22929,1.04,4.5428,0.28176,1.17,1.77092,0.12129,1.01,2.0169,0.22704,0.95,2.79883,0.11525,0.97,0.284332,0.07817,1.38,0.53761,0.0828,1.32,1.28204,0.08393,1.03,8.20809,0.12993,1.12,9.86337,0.15456,1.05,2.36737,2.74609,1.0,13.60463,4.1827,1.0,1.0,0.95,1.32,1.55,1.0,1.0,1.55,0,0,1,32.4912,,b'Simbad',0.241393,0.0121631,0.724039,0.0116185,2.51739,0.0513755,1.4293,-9.4,9.8,UDS_,26.543188319704495,25.35059510029228,23.997623743283157,29.787389306631802,29.837124844187166,28.22310984606539,2.0
5901,5901,4952.902,1689.621,34.2220306,-5.2462635,0,216.0,6.86986,0.05778,1.073827,2.302931,6.67476,0.05843,1.771907,11.82705,0.10353,14.73312,3.244,3.309,3.032,9.502,15.82081,0.24788,1.25,0.713093,0.07727,1.0,0.607155,0.01333,1.0,0.804107,0.01645,1.0,1.14619,0.02104,1.0,1.71459,0.02155,1.0,3.36994,0.05983,1.0,4.56808,0.20784,0.65,5.04687,0.18095,0.7,6.25846,0.21285,0.65,8.95063,0.34442,0.73,9.94187,0.36877,0.67,16.2285,0.60825,0.68,5.87739,0.16446,1.0,10.81004,0.33438,1.0,15.79475,0.19584,1.13,15.11803,0.33427,0.68,,,0.0,,,0.0,9.08689,0.14313,0.51,0.991159,0.08223,0.99,2.22995,0.08533,0.97,4.11933,0.09464,0.63,28.2038,0.14202,0.8,28.164,0.15282,0.97,24.3148,3.17198,1.0,19.23276,4.08013,1.0,1.0,0.0,0.97,1.25,0.63,1.0,1.25,0,0,1,114.2375,,b'Simbad',0.693682,0.055914,1.9359,0.0675325,7.43598,0.170828,1.1667,-8.47,9.9,UDS_,25.397098936600013,24.28279270043303,22.821654467469994,28.131198594707072,27.926217931855774,26.918602359163483,2.0
6076,6076,609.375,1720.917,34.4037857,-5.2449861,0,180.0,4.27652,0.05897,1.083737,2.445667,4.78094,0.05963,1.771907,8.47138,0.10567,9.65082,3.025,3.189,2.776,8.926,10.45895,0.236,1.21,0.195458,0.08271,1.0,0.376042,0.01421,1.0,0.846502,0.01736,1.0,1.80451,0.02221,1.0,3.1279,0.02259,1.0,4.5235,0.06243,1.0,5.18969,0.18305,0.92,5.9605,0.16806,0.87,7.21308,0.20434,0.82,8.11574,0.39685,0.6,9.80705,0.38604,0.64,10.7029,0.90797,0.37,6.6897,0.17547,1.0,9.7505,0.35449,1.0,11.11293,0.22705,0.94,10.80308,0.29715,0.91,6.53881,0.11551,1.01,7.66502,0.20709,1.02,8.23216,0.10888,0.99,1.2934,0.0852,1.04,3.4166,0.10201,0.8,5.09263,0.10008,0.64,9.06058,0.12759,1.08,6.56284,0.14307,1.04,-5.6939,2.78765,1.0,2.71563,4.44331,1.0,1.0,0.37,0.8,1.21,0.64,1.0,1.2,0,0,1,80.17187,,b'Simbad',0.372358,0.0344924,1.44719,0.0757018,3.80306,0.0212401,0.5861,-10.28,9.35,UDS_,26.072598277584078,24.598686117719666,23.549667056926367,28.655691465335973,27.802234484843822,29.182108607236078,0.0
6130,6130,1278.123,1744.427,34.3758011,-5.2440057,0,244.0,8.69802,0.05139,1.076552,2.286881,10.19728,0.05181,1.771907,18.06864,0.0918,18.4769,2.726,3.385,2.859,9.333,19.89134,0.21566,1.59,0.265905,0.07713,1.0,0.286843,0.01322,1.0,0.522615,0.01625,1.0,0.942356,0.02078,1.0,1.7838,0.02121,1.0,3.62257,0.05853,1.0,5.43375,0.14731,1.21,5.95881,0.13196,1.22,7.79675,0.15735,1.19,10.7691,0.26514,1.15,12.78106,0.26823,1.15,20.1259,0.4321,1.36,7.40465,0.16616,1.0,11.83443,0.33492,1.0,20.57844,0.20663,1.01,19.61483,0.22618,1.39,7.80927,0.10902,0.99,9.75091,0.15968,1.51,10.9426,0.10023,1.02,0.692222,0.07269,1.25,2.19127,0.08518,0.99,5.14634,0.0708,1.11,33.0584,0.13854,0.98,29.00919,0.1585,0.93,22.8994,3.14116,1.0,12.56181,4.31906,1.0,1.0,0.99,0.99,1.59,1.0,1.0,1.58,0,0,1,196.8346,,b'Simbad',0.582784,0.0236001,2.21719,0.0426617,9.08817,0.0228739,1.0797,-10.49,10.03,UDS_,25.586230950109854,24.135492722089854,22.603808894506443,29.067715392007344,28.42490460651623,29.10164945467474,2.0
6494,6494,742.981,1820.379,34.3981972,-5.2408414,2,142.0,3.97284,0.05519,1.105534,2.16835,4.8518,0.05581,1.771907,8.59695,0.09889,7.79216,2.412,2.746,2.555,7.946,8.6145,0.19698,1.37,0.288867,0.07341,1.0,0.375821,0.01259,1.0,0.807701,0.01536,1.0,1.92537,0.0197,1.0,3.14143,0.02005,1.0,4.19717,0.05539,1.0,5.16307,0.14259,1.18,5.45976,0.1257,1.22,6.21946,0.15354,1.13,7.35986,0.26544,1.05,8.23209,0.25955,1.11,8.46201,0.60208,0.65,5.72079,0.15597,1.0,7.76311,0.31479,1.0,8.73696,0.2018,0.94,8.8014,0.22777,1.22,5.92645,0.10301,1.0,6.56852,0.18331,1.03,7.20773,0.09717,0.98,1.25671,0.0646,1.42,3.43533,0.07499,1.16,4.9039,0.0707,1.01,7.0769,0.12847,1.0,4.87467,0.14205,1.01,4.40986,2.95625,1.0,-2.14882,4.18657,1.0,1.0,0.65,1.16,1.37,0.94,1.0,1.37,0,0,1,86.93244,,b'Simbad',0.394546,0.0310432,1.44542,0.0484709,3.1053,0.00236001,0.6155,-10.35,9.15,UDS_,26.00975588809753,24.600014850816954,23.76974109173714,28.770083792736393,28.286297290727923,31.567715392007344,0.0
6594,6594,1047.933,1851.081,34.3854332,-5.239562,0,468.0,5.95834,0.05091,1.028014,4.406885,5.08344,0.05148,1.771907,9.00739,0.09122,25.54219,5.83,5.811,4.052,14.557,26.25774,0.34654,1.62,4.97013,0.14905,1.0,5.96934,0.02552,1.0,11.5322,0.03122,1.0,14.56,0.04006,1.0,16.3618,0.04083,1.0,18.88599,0.11271,1.0,20.2745,0.28329,1.22,21.0974,0.25258,1.24,23.05121,0.3015,1.2,25.3924,0.51054,1.16,26.2043,0.51394,1.17,27.2503,0.83588,1.36,23.32023,0.31903,1.0,26.27905,0.6431,1.0,26.34415,0.40561,0.97,26.72669,0.43503,1.39,22.2082,0.21356,0.96,23.2895,0.43688,0.75,24.1412,0.19545,1.0,12.6353,0.11833,1.75,16.97345,0.13979,1.37,20.1862,0.13628,1.12,13.0163,0.16966,0.97,10.34009,0.21315,1.02,2.13115,3.9454,1.0,8.33365,5.27264,1.0,1.0,0.75,1.37,1.62,0.97,1.0,1.61,0,0,1,98.73908,,b'Simbad',2.53742,0.151222,5.48161,0.169557,9.1858,0.118908,0.2891,-9.38,8.88,UDS_,23.989019103343374,23.152729666096125,22.59220753648584,27.050962556088876,26.92671069019956,27.311972313853246,1.0
7200,7200,782.907,1952.831,34.3965263,-5.2353225,0,119.0,3.01023,0.05539,1.110414,2.246234,3.5339,0.05602,1.771907,6.26174,0.09926,6.08932,2.61,2.786,2.406,7.767,6.76167,0.19325,1.36,0.207873,0.07614,1.0,0.285272,0.01304,1.0,0.554227,0.01589,1.0,1.27006,0.02043,1.0,2.14787,0.02078,1.0,2.90711,0.05737,1.0,4.06576,0.14783,1.18,4.12418,0.13045,1.22,4.70184,0.15741,1.15,5.51237,0.26616,1.12,5.9538,0.26544,1.14,6.13694,0.57514,0.76,4.30221,0.16168,1.0,5.90636,0.32616,1.0,6.90056,0.20943,0.94,6.96988,0.22594,1.34,4.30724,0.10825,0.97,5.08672,0.19002,1.03,5.38191,0.09865,1.02,0.93199,0.07899,1.02,2.37798,0.09398,0.79,3.61939,0.07122,1.07,5.824,0.15054,0.96,4.53208,0.15363,0.99,-0.0625795,3.26947,1.0,12.00713,4.37585,1.0,1.0,0.76,0.79,1.36,0.94,1.0,1.36,0,0,1,63.08725,,b'Simbad',0.276532,0.0243262,1.01566,0.0412094,2.36845,0.0123447,0.6243,-10.1,9.13,UDS_,26.39563651334584,24.983129127857293,24.063839447915637,29.03481431747185,28.46250927165905,29.771298649491662,0.0
7758,7758,3876.501,2089.244,34.2670784,-5.2296228,0,291.0,12.74004,0.05223,1.068196,2.380368,13.70683,0.05281,1.771907,24.28724,0.09358,28.3899,3.095,3.556,3.049,9.878,30.32598,0.23342,1.53,0.369173,0.08036,1.0,0.517608,0.01381,1.0,1.0472,0.01702,1.0,1.70254,0.02181,1.0,3.67992,0.02224,1.0,6.09619,0.06146,1.0,8.44488,0.15811,1.21,10.2304,0.14036,1.23,14.47738,0.16349,1.2,17.7059,0.28125,1.18,20.60268,0.28951,1.17,30.5321,0.45821,1.34,13.52275,0.17042,1.0,19.77159,0.34521,1.0,32.19484,0.20872,1.06,29.51961,0.25764,1.16,12.6992,0.11012,1.02,14.9428,0.20304,0.96,17.2609,0.10213,1.01,1.37763,0.06913,1.48,4.53085,0.07168,1.46,7.97705,0.07695,1.02,42.7046,0.13436,0.91,33.04283,0.13888,1.11,24.0375,3.36634,1.0,12.95692,4.08636,1.0,1.0,0.96,1.46,1.53,1.0,1.0,1.53,0,0,1,259.5381,,b'Simbad',0.757472,0.0250524,2.91135,0.0651725,12.7039,0.217665,0.8784,-9.79,9.92,UDS_,25.301583540629302,23.839763952281142,22.240157333738274,29.002876656844244,27.96483904815623,26.655528497090504,2.0
7833,7833,870.943,2116.959,34.3928413,-5.2284832,3,561.0,22.73325,0.05421,1.035406,3.145492,22.33046,0.05482,1.771907,39.56749,0.09714,69.06207,4.252,4.745,4.13,13.28,71.50725,0.33417,1.42,1.73939,0.10674,1.0,2.94681,0.01826,1.0,5.1026,0.02223,1.0,10.673,0.02867,1.0,16.5207,0.02913,1.0,22.58715,0.0804,1.0,30.8934,0.20515,1.2,34.258,0.18112,1.24,38.83665,0.21638,1.19,52.2542,0.36671,1.15,59.46313,0.36704,1.17,73.5779,0.70317,0.99,37.92985,0.22696,1.0,57.95654,0.45744,1.0,74.06907,0.29418,0.94,71.31328,0.31792,1.34,36.2652,0.14698,1.03,42.3298,0.24213,1.24,49.2915,0.13542,1.06,7.27581,0.10165,1.21,17.72895,0.12448,0.88,27.5829,0.10327,1.0,68.4947,0.208,0.94,48.50535,0.21191,1.01,39.7635,3.75196,1.0,32.72258,5.49518,1.0,1.0,0.88,0.88,1.42,0.94,1.0,1.42,0,0,1,407.3427,,b'Simbad',2.16727,0.123447,7.36482,0.212401,24.4437,0.186441,0.5725,-11.17,9.82,UDS_,24.160217451504707,22.832094657682035,21.529582637648904,27.271298649491662,26.682108607236078,26.823646440848883,2.0
7888,7888,520.426,2133.691,34.4075089,-5.2277861,0,643.0,30.63415,0.0605,1.035851,3.453032,29.03973,0.06118,1.771907,51.4557,0.10841,102.1196,4.676,5.972,3.249,13.215,105.7807,0.3693,1.15,3.25874,0.11717,1.0,3.9396,0.0201,1.0,5.84156,0.02442,1.0,11.7341,0.03146,1.0,17.6677,0.03196,1.0,24.68606,0.088,1.0,36.5822,0.3377,0.55,39.0157,0.30526,0.54,46.49398,0.39871,0.43,66.1734,0.87378,0.25,82.86233,0.82767,0.28,107.216,1.30061,0.36,44.76295,0.24722,1.0,78.13897,0.49919,1.0,112.37715,0.32312,0.93,107.52815,0.43251,0.87,43.9019,0.16402,0.99,53.9675,0.30354,0.95,66.4242,0.14879,1.05,8.50815,0.10162,1.46,19.58727,0.11614,1.22,33.0814,0.14005,0.65,114.798,0.18192,0.98,85.01697,0.19218,0.98,86.5098,3.68221,1.0,67.36637,5.03908,1.0,1.0,0.25,1.22,1.15,0.65,1.0,1.14,0,0,1,474.6388,,b'Simbad',2.53047,0.134883,8.13092,0.239995,35.4275,0.362533,0.5846,-8.27,9.91,UDS_,23.9919970177628,22.72465077982841,21.126648733230862,27.175106958129952,26.549494515460875,26.10163113779728,2.0
8433,8433,4142.448,2220.502,34.2559509,-5.2241507,3,199.0,5.70178,0.05223,1.07154,2.561113,5.73913,0.05281,1.771907,10.1692,0.09358,13.62795,3.507,3.567,2.9,9.649,14.6029,0.22768,1.53,0.31879,0.08607,1.0,0.439155,0.01488,1.0,0.618126,0.01832,1.0,0.966951,0.0235,1.0,1.2978,0.02393,1.0,1.93966,0.06624,1.0,3.32843,0.16863,1.22,3.99323,0.15127,1.22,5.34539,0.1754,1.21,8.27029,0.30038,1.18,8.70121,0.30921,1.18,15.4261,0.49234,1.34,5.20121,0.18334,1.0,7.6832,0.37146,1.0,15.23386,0.2204,1.1,13.75501,0.28089,1.14,4.76709,0.10208,1.37,6.09,0.21812,0.96,7.57083,0.11047,1.0,0.721536,0.09098,0.99,1.41479,0.09351,0.99,3.169,0.084,0.99,33.1395,0.14127,1.03,39.43097,0.16666,1.01,30.6724,3.35234,1.0,23.29934,4.92597,1.0,1.0,0.96,0.99,1.53,0.99,1.0,1.53,0,0,1,108.67,,b'Simbad',0.711244,0.0352186,1.9918,0.0698925,10.0598,0.18281,1.4737,-8.08,10.05,UDS_,25.369953460641153,24.25188567991265,22.493526633627614,28.633069779947924,27.888923562186932,26.845000128370433,2.0
8676,8676,1322.163,2258.419,34.3739624,-5.2225876,0,117.0,3.64562,0.05223,1.129285,2.121241,4.59762,0.05281,1.771907,8.14655,0.09358,6.84792,2.179,2.429,2.349,7.166,7.73325,0.16833,1.53,0.0671343,0.07185,1.0,0.126304,0.01228,1.0,0.411004,0.01504,1.0,1.03033,0.01938,1.0,1.99369,0.01968,1.0,2.98457,0.05427,1.0,3.82142,0.13717,1.22,4.28978,0.1217,1.24,5.14463,0.14555,1.2,5.70623,0.24274,1.17,7.17014,0.24758,1.16,7.84651,0.4003,1.37,4.80647,0.15417,1.0,6.72486,0.31048,1.0,8.44608,0.1955,0.98,7.78298,0.21539,1.35,5.01935,0.10136,0.98,5.46171,0.18568,0.95,6.29014,0.09229,1.03,0.677497,0.05583,1.84,2.2816,0.06145,1.63,3.87114,0.11279,0.38,7.29087,0.1336,1.09,4.51521,0.14889,1.13,0.173298,2.91887,1.0,1.79314,3.61038,1.0,1.0,0.38,1.63,1.53,0.38,1.0,1.53,0,0,1,87.05559,,b'Simbad',0.23355,0.0254155,1.1063,0.0502863,2.81658,0.0275939,0.6737,-11.09,9.38,UDS_,26.579050320940496,24.89031771902144,23.87569477220673,28.987253354967628,28.24637579505476,28.897967284795122,0.0
9123,9123,1540.187,2363.958,34.3648376,-5.2181892,0,232.0,12.57889,0.05172,1.087037,2.26699,14.77518,0.0523,1.771907,26.18024,0.09267,26.23297,2.681,3.057,2.788,8.758,28.51621,0.20382,1.56,0.378001,0.07671,1.0,0.605292,0.01311,1.0,1.18752,0.01611,1.0,1.95881,0.02076,1.0,4.28188,0.02104,1.0,7.45955,0.05803,1.0,10.1278,0.14742,1.21,11.693,0.13097,1.22,15.05739,0.15557,1.21,18.7479,0.25943,1.16,21.95384,0.26209,1.17,29.1296,0.42792,1.37,14.13922,0.16495,1.0,20.01043,0.33241,1.0,29.96626,0.20812,0.99,28.30983,0.23266,1.33,13.5649,0.10775,0.99,15.607,0.19803,0.95,17.8803,0.09842,1.03,1.50098,0.0737,1.21,5.13181,0.0855,0.96,9.45298,0.0722,1.06,36.9176,0.13995,0.97,27.48316,0.14074,1.13,23.9117,3.14938,1.0,8.43346,3.88957,1.0,1.0,0.95,0.96,1.56,0.99,1.0,1.56,0,0,1,282.4966,,b'Simbad',0.878656,0.0413909,3.47992,0.0922218,11.6901,0.162477,0.8826,-12.26,9.97,UDS_,25.14045280248339,23.646076849873424,22.330454434400266,28.457737825591224,27.58791601350996,26.973020271021202,2.0
9162,9162,2537.216,2354.314,34.3231201,-5.2185869,0,94.0,2.33437,0.0524,1.123968,2.147862,2.60198,0.05299,1.771907,4.61048,0.09389,4.4609,2.657,2.553,2.333,7.322,5.01391,0.17245,1.52,1.26457,0.07227,1.0,1.3297,0.01247,1.0,1.51356,0.01526,1.0,2.01451,0.0198,1.0,2.7133,0.01993,1.0,3.52611,0.05533,1.0,3.40223,0.15878,0.95,4.30878,0.13877,0.98,3.94476,0.16668,0.96,4.19501,0.2722,0.97,4.86119,0.27898,0.94,5.45981,0.48393,0.96,4.32374,0.1553,1.0,4.65783,0.31623,1.0,5.23999,0.19336,1.01,4.78131,0.23246,1.21,3.88341,0.10043,1.01,4.43201,0.18536,0.96,4.06687,0.09405,0.99,1.69919,0.07739,0.97,3.03287,0.07861,1.01,3.24063,0.06974,1.04,5.04026,0.12398,1.1,3.46578,0.1474,1.01,1.87082,2.84389,1.0,13.68976,3.87526,1.0,1.0,0.94,0.97,1.52,1.0,1.0,1.52,0,0,1,49.10715,,b'Simbad',0.744197,0.0172462,1.22409,0.0152493,1.896,0.0281385,0.8123,-8.82,8.8,UDS_,25.320780212587046,24.78046662486659,24.30540416749488,29.408266454495926,29.541875229008518,28.87674764385997,1.0
9347,9347,3892.656,2381.488,34.2664032,-5.2174449,0,38.0,0.48596,0.0524,1.211681,2.153201,0.5144,0.05299,1.771907,0.91146,0.09389,0.86356,2.63,1.909,1.816,5.586,1.04636,0.13466,1.52,0.454602,0.07257,1.0,0.284102,0.01253,1.0,0.302436,0.01537,1.0,0.266759,0.01979,1.0,0.277554,0.02012,1.0,0.36662,0.05566,1.0,0.357782,0.14172,1.22,0.782083,0.12539,1.24,0.67952,0.14798,1.21,0.624937,0.25207,1.18,0.74272,0.25825,1.19,1.0957,0.41506,1.34,0.74702,0.15472,1.0,0.90028,0.31334,1.0,1.20338,0.18806,1.07,0.81489,0.23013,1.2,0.78516,0.10023,1.0,0.79197,0.18379,0.96,0.794165,0.09249,1.01,0.20695,0.07609,1.0,0.28248,0.07906,0.98,0.593646,0.0699,1.01,1.19284,0.12551,0.93,0.76138,0.14153,0.95,-7.38072,2.89147,1.0,5.31069,4.56937,1.0,1.0,0.96,0.98,1.52,1.0,1.0,1.52,0,0,1,9.708165,,b'Simbad',0.129748,0.00562771,0.26156,0.0032677,0.42226,0.0074431,1.4116,-9.27,8.89,UDS_,27.217248319645932,26.456071678273183,25.93605014158366,30.624170725430083,31.21439455471038,30.32061536527175,1.0
9635,9635,1139.878,2438.105,34.381588,-5.2151003,3,20.0,0.45229,0.05206,1.359678,1.840087,0.44934,0.05264,1.771907,0.79619,0.09327,0.6121,2.07,1.659,1.247,4.315,0.83226,0.11073,1.53,0.735809,0.06247,1.0,0.740683,0.01066,1.0,0.691385,0.01302,1.0,0.612101,0.01685,1.0,0.599434,0.01707,1.0,0.60897,0.04713,1.0,0.68517,0.11917,1.21,0.954602,0.10517,1.24,1.07381,0.12635,1.2,0.866145,0.21107,1.16,1.16889,0.21419,1.17,0.842618,0.34883,1.37,0.83363,0.13369,1.0,1.1874,0.26897,1.0,0.68217,0.17237,0.95,0.9118,0.18732,1.33,1.02185,0.08772,0.99,0.99847,0.16271,0.93,0.803091,0.08072,1.02,0.611145,0.06739,0.95,0.51445,0.07192,0.9,0.96408,0.05836,1.07,1.78341,0.2053,1.01,1.76375,0.22637,1.05,2.05115,4.66278,1.0,-3.99351,5.63698,1.0,1.0,0.9,0.9,1.53,0.95,1.0,1.54,0,0,1,8.535978,,b'Simbad',0.274515,0.00508309,0.336372,0.0074431,0.593306,0.00617233,1.6867,-8.64,8.77,UDS_,26.403584799808442,26.182950406379693,25.566803149240155,30.73468050178232,30.32061536527175,30.523877156721603,1.0
9707,9707,950.25,2476.819,34.3895226,-5.2134876,0,152.0,4.68652,0.05257,1.104204,2.142252,5.67438,0.05316,1.771907,10.05447,0.0942,9.09227,2.401,2.716,2.615,7.995,10.03972,0.18877,1.51,0.0479589,0.0728,1.0,0.205823,0.01244,1.0,0.580259,0.01514,1.0,1.46346,0.01962,1.0,2.72196,0.01986,1.0,3.93668,0.0549,1.0,5.12945,0.1387,1.21,5.46697,0.12356,1.22,6.65284,0.1472,1.2,8.01306,0.24511,1.17,8.52927,0.24951,1.17,9.83033,0.42009,1.29,6.30535,0.15524,1.0,8.74603,0.31229,1.0,10.30682,0.20354,0.92,10.04124,0.21656,1.34,,,0.0,6.8542,0.12247,2.23,8.48895,0.20264,0.22,0.890007,0.07832,0.95,3.16569,0.08478,0.88,4.8686,0.06891,1.04,8.36601,0.13998,1.04,5.62499,0.15185,1.06,1.20956,3.20809,1.0,4.7588,3.46356,1.0,1.0,0.0,0.88,1.51,0.92,1.0,1.51,0,0,1,106.7394,,b'Simbad',0.281182,0.0285016,1.3517,0.0617233,3.46343,0.0245078,0.6148,-11.09,9.39,UDS_,26.377531210827573,24.67279921551587,23.651233963853727,28.862826898078144,28.023877156721603,29.026739181145906,0.0
9950,9950,3478.791,2524.461,34.2837219,-5.2114906,0,167.0,2.76,0.05825,1.076147,2.616794,2.73552,0.0589,1.771907,4.84708,0.10437,6.7113,3.542,3.743,2.6,9.359,7.22234,0.24493,1.24,1.68748,0.08838,1.0,1.71496,0.01523,1.0,1.99992,0.0186,1.0,3.55663,0.02412,1.0,4.26094,0.02441,1.0,4.60584,0.06765,1.0,5.38123,0.1771,1.15,5.10616,0.15429,1.19,5.24167,0.18307,1.18,6.23223,0.31459,1.11,6.53376,0.31852,1.14,7.40812,0.52618,1.23,5.57964,0.1888,1.0,6.87676,0.38308,1.0,7.00612,0.23293,1.03,7.51404,0.35699,0.74,5.44188,0.1215,1.0,5.68894,0.21066,1.08,6.2421,0.11356,0.99,2.65823,0.09242,1.0,4.44437,0.09357,1.04,4.96014,0.10528,0.66,5.32621,0.13083,0.99,3.41556,0.157,1.03,10.2982,3.22096,1.0,0.01402,4.42949,1.0,1.0,0.66,1.0,1.24,0.66,1.0,1.23,0,0,1,46.44193,,b'Simbad',0.899903,0.039757,1.60238,0.0199693,2.58264,0.00290462,0.6014,-8.86,8.82,UDS_,25.114510750943527,24.488086210746268,23.969840317231913,28.501465985523406,29.24909289634422,31.34227669148696,1.0
10054,10054,1392.021,2559.585,34.3710365,-5.2100382,3,210.0,3.94628,0.05275,1.057799,2.597922,4.09705,0.05334,1.771907,7.25959,0.09451,9.69195,3.506,4.059,3.13,10.693,10.25213,0.25572,1.51,0.0216868,0.08812,1.0,0.154828,0.01503,1.0,0.549167,0.01843,1.0,1.30129,0.02383,1.0,2.4471,0.02411,1.0,3.65804,0.06658,1.0,4.5306,0.17558,1.11,5.09127,0.15563,1.12,6.41719,0.18463,1.13,7.44606,0.31578,1.02,8.75976,0.31599,1.06,10.4083,0.52167,1.22,5.78205,0.18925,1.0,7.88456,0.38078,1.0,10.60725,0.24268,0.96,10.7536,0.2766,1.22,5.73832,0.12331,1.0,6.69291,0.2283,0.94,7.50247,0.11328,1.03,0.721188,0.08319,1.25,2.67372,0.08756,1.21,4.54254,0.08694,0.96,9.81673,0.14052,1.01,8.34597,0.17324,1.01,5.75395,3.5265,1.0,-9.00279,4.55833,1.0,1.0,0.94,1.21,1.51,0.96,1.0,1.5,0,0,1,76.81309,,b'Simbad',0.254498,0.0259601,1.23732,0.0648094,3.63989,0.0366709,0.6248,-10.9,9.34,UDS_,26.485789065659674,24.76879491773872,23.59727935208262,28.964234097344374,27.97090499797549,28.58919607795933,0.0
10830,10830,1406.73,2714.992,34.3704224,-5.2035623,0,186.0,2.54349,0.05666,1.064373,3.10799,2.37596,0.05729,1.771907,4.20998,0.10152,7.42704,4.165,4.499,2.549,10.159,7.90514,0.2609,1.3,2.10391,0.10546,1.0,2.12566,0.01797,1.0,2.39246,0.02205,1.0,3.9214,0.02855,1.0,4.73836,0.02884,1.0,4.96934,0.07975,1.0,6.03349,0.26924,0.67,6.20818,0.23074,0.72,5.82672,0.28141,0.7,7.46478,0.49424,0.59,6.93429,0.48915,0.63,7.95903,0.75853,0.83,5.98004,0.22663,1.0,6.77351,0.45577,1.0,8.12634,0.29222,0.95,8.35273,0.39084,0.87,5.82432,0.14954,0.98,5.80806,0.19013,1.95,6.75092,0.13865,0.99,3.10489,0.10982,1.03,4.94163,0.11607,0.99,5.39737,0.12102,0.71,5.83279,0.14434,0.99,4.45937,0.17021,0.96,-3.30135,3.33466,1.0,12.08626,4.59594,1.0,1.0,0.59,0.99,1.3,0.71,1.0,1.3,0,0,1,41.4695,,b'Simbad',1.08282,0.0143416,1.82957,0.00816926,2.84197,0.00907695,0.6358,-8.77,8.9,UDS_,24.913609328205478,24.34412742399474,23.86595127705517,29.608505986313425,30.21954320397861,30.10515014210256,1.0
11596,11596,2381.592,2900.5,34.3296318,-5.1958284,3,190.0,7.73984,0.05778,1.089532,2.098167,9.22358,0.05843,1.771907,16.34333,0.10353,14.90501,2.461,3.099,2.672,8.633,16.23948,0.22432,1.25,0.29439,0.07074,1.0,0.752188,0.01216,1.0,1.7363,0.01488,1.0,3.71784,0.0194,1.0,5.26894,0.01944,1.0,7.16855,0.05412,1.0,9.01769,0.18233,0.66,10.0611,0.16034,0.67,10.60799,0.20797,0.6,14.2205,0.31135,0.68,14.66106,0.32329,0.65,16.5507,0.52601,0.78,11.12103,0.15226,1.0,14.55674,0.30924,1.0,17.53138,0.19176,0.99,16.28086,0.26417,0.88,10.5404,0.10109,0.98,,,0.0,13.024,0.09083,1.04,2.57949,0.06119,1.49,5.95906,0.06421,1.47,8.21601,0.08224,0.72,10.2616,0.12339,1.06,8.75826,0.14295,0.97,0.896989,3.24193,1.0,5.60727,4.07366,1.0,1.0,0.0,1.47,1.25,0.72,1.0,1.25,0,0,1,157.8602,,b'Simbad',0.482749,0.0295909,2.02354,0.0413909,5.56286,0.0644464,0.441,-10.72,9.28,UDS_,25.790696542938907,24.23472051585391,23.13675467443004,28.822104564194596,28.457737825591224,27.977003343712898,0.0
12742,12742,626.327,3175.952,34.4030762,-5.1843548,0,723.0,75.23106,0.05873,1.050016,2.46561,86.05994,0.05963,1.771907,152.4902,0.10567,176.6548,3.088,4.215,3.447,11.435,185.4904,0.30717,1.21,4.56919,0.0835,1.0,7.15394,0.01425,1.0,17.6485,0.01748,1.0,30.78,0.02261,1.0,41.8006,0.02282,1.0,60.98646,0.06381,1.0,78.6267,0.1842,0.88,88.2438,0.1694,0.83,102.62041,0.20485,0.85,139.969,0.33384,0.8,157.97635,0.32759,0.88,194.998,0.58902,0.89,99.71662,0.17803,1.0,148.93013,0.35733,1.0,198.99523,0.23723,0.89,187.56542,0.30902,0.87,94.5151,0.11643,1.03,112.938,0.14944,2.03,130.009,0.10588,1.08,22.4426,0.07351,1.44,46.61207,0.08404,1.2,68.6803,0.10417,0.6,135.002,0.12966,1.0,135.07253,0.15946,0.93,145.785,3.28808,1.0,279.32356,4.51522,1.0,1.0,0.6,1.2,1.21,0.6,1.0,1.21,0,0,1,1443.145,0.364,b'Simbad',3.8011,0.262687,14.4511,0.312247,55.8784,1.20814,0.4063,-9.2,10.0,UDS_,23.550226761879564,22.10024773421534,20.631890094490526,26.45140354822101,26.263754313847375,24.79470684122329,2.0
12875,12875,2188.947,3152.761,34.3376961,-5.1853175,3,93.0,4.45947,0.05365,1.129797,2.039973,4.32855,0.05425,1.771907,7.66979,0.09613,8.05207,2.819,2.602,2.184,7.152,9.0972,0.17258,1.45,0.229198,0.06886,1.0,0.384897,0.01178,1.0,0.764127,0.01446,1.0,1.69732,0.01883,1.0,2.73486,0.01889,1.0,3.812,0.05261,1.0,4.99648,0.14608,0.95,5.49346,0.12807,0.97,5.94367,0.15904,0.97,7.62443,0.25056,0.97,8.40265,0.25523,0.97,8.67373,0.45717,0.98,5.66416,0.14822,1.0,7.33068,0.30018,1.0,9.21548,0.18813,0.98,9.06125,0.21543,1.26,5.99196,0.09713,1.02,6.14677,0.12449,1.98,7.31963,0.0878,1.07,1.05887,0.06065,1.45,3.13438,0.0624,1.49,4.55762,0.06498,1.1,8.16663,0.14468,1.0,5.13722,0.17807,0.93,9.24655,3.87805,1.0,0.72315,5.12212,1.0,1.0,0.95,1.45,1.45,0.98,1.0,1.45,0,0,1,79.78926,,b'Simbad',0.39508,0.0266862,1.38924,0.0553694,3.18635,0.0128893,0.661,-10.1,9.29,UDS_,26.008287387258584,24.64305680165329,23.741766303666093,28.934283158686423,28.14182545653085,29.7244266698423,0.0
12972,12972,4725.565,3185.289,34.2315598,-5.1839418,0,141.0,3.05108,0.05091,1.091391,2.265313,3.04602,0.05148,1.771907,5.39726,0.09122,6.33288,3.093,2.896,2.803,8.547,6.91165,0.19506,1.62,0.0171061,0.07571,1.0,0.144286,0.01322,1.0,0.442405,0.01604,1.0,1.05033,0.02094,1.0,1.97795,0.02111,1.0,2.78906,0.05924,1.0,3.87217,0.15531,1.03,4.23287,0.13948,1.02,4.89609,0.16912,1.05,5.62086,0.27392,1.03,6.29251,0.28021,1.06,6.28745,0.50601,0.97,4.52034,0.16323,1.0,6.40878,0.33189,1.0,7.06155,0.19144,1.15,6.6358,0.24846,1.21,4.54254,0.10674,1.03,4.7466,0.19696,0.96,5.23202,0.09997,1.0,0.619391,0.08062,0.99,2.25832,0.08454,0.98,3.46567,0.07509,1.03,5.56345,0.13533,0.95,3.8964,0.14488,1.01,3.62425,3.08287,1.0,-3.12016,3.49362,1.0,1.0,0.96,0.98,1.62,1.0,1.0,1.61,0,0,1,59.16479,,b'Simbad',0.224637,0.0226924,1.00951,0.044114,2.38737,0.00344924,0.649,-11.09,9.28,UDS_,26.621296773654763,24.98972343666636,24.055200669590683,29.110298924276613,28.388558902869406,31.155691465335973,0.0
13093,13093,4587.445,3220.982,34.237339,-5.182456,0,178.0,2.87683,0.05172,1.074029,2.551939,2.85008,0.0523,1.771907,5.05009,0.09267,6.83548,3.458,3.357,2.981,9.49,7.3415,0.22159,1.56,0.03157,0.0853,1.0,0.233292,0.0149,1.0,0.531177,0.01806,1.0,1.19415,0.02358,1.0,2.14138,0.02377,1.0,3.0156,0.06665,1.0,3.95135,0.17312,1.04,4.56119,0.15255,1.07,5.10357,0.18905,1.06,5.91861,0.30288,1.06,6.46975,0.31619,1.05,7.69968,0.55296,1.03,4.98457,0.18427,1.0,4.91464,0.3744,1.0,7.23322,0.21586,1.15,7.54787,0.28224,1.19,4.55862,0.12035,1.03,5.37162,0.21863,0.99,5.69293,0.11229,1.01,0.763277,0.06043,2.24,2.26765,0.06211,2.3,3.55764,0.08517,1.02,5.82394,0.13747,0.93,3.9846,0.16117,0.95,3.93192,3.37834,1.0,-5.97639,4.23859,1.0,1.0,0.99,2.24,1.56,1.0,1.0,1.56,0,0,1,54.49269,,b'Simbad',0.246927,0.0275939,1.02111,0.0546432,2.56155,0.0304986,0.6181,-10.54,9.19,UDS_,26.518578549877475,24.97731867656589,23.978742906308682,28.897967284795122,28.15615968887046,28.789300239848565,0.0
13672,13672,4912.103,3333.826,34.2237587,-5.1777501,0,89.0,1.51404,0.05666,1.114502,2.238464,1.62983,0.05729,1.771907,2.88791,0.10152,3.04092,2.809,2.836,2.278,7.625,3.38911,0.19407,1.3,0.0882466,0.07499,1.0,0.147671,0.01304,1.0,0.123201,0.01586,1.0,0.199357,0.02068,1.0,0.238561,0.02086,1.0,0.53287,0.05865,1.0,0.639351,0.18247,0.73,1.02419,0.15795,0.77,1.61827,0.19725,0.76,2.26972,0.30465,0.82,2.50698,0.32354,0.78,3.55865,0.56256,0.77,1.4626,0.16098,1.0,2.29454,0.32763,1.0,3.16394,0.19261,1.11,3.4043,0.29196,0.86,1.33058,0.10698,1.03,,,0.0,2.14774,0.10005,1.0,0.0446525,0.07963,0.99,0.2984,0.08297,1.0,0.832303,0.08621,0.77,8.63722,0.14493,0.93,11.98226,0.15495,1.08,7.81487,3.2717,1.0,12.80034,3.27302,1.0,1.0,0.0,0.99,1.3,0.77,1.0,1.3,0,0,1,28.44672,,b'Simbad',0.196519,0.0125262,0.637972,0.0796956,2.73636,0.167561,1.5646,-9.09,9.86,UDS_,26.76648863616986,25.487995954107518,23.907066916750722,29.755451646004197,27.746414138431607,26.93956764111027,2.0
14182,14182,2531.38,3438.536,34.3233681,-5.1734076,0,112.0,1.69672,0.05402,1.103297,2.460547,1.84922,0.05463,1.771907,3.27665,0.0968,3.78398,3.053,2.994,2.396,8.035,4.17485,0.19498,1.43,-0.10483,0.08277,1.0,0.0339318,0.01424,1.0,0.0940646,0.01739,1.0,0.346216,0.02268,1.0,0.677228,0.02279,1.0,1.50414,0.06365,1.0,2.11474,0.17463,0.95,2.45308,0.1505,1.0,2.18754,0.19279,0.96,2.95282,0.29844,0.99,2.97087,0.31364,0.94,4.05549,0.54354,1.01,2.78378,0.17849,1.0,2.76975,0.36259,1.0,4.34304,0.22633,0.98,4.00208,0.26968,1.18,2.55243,0.11767,1.01,2.74465,0.20494,1.06,3.17748,0.09013,1.48,0.203287,0.08911,0.97,0.87247,0.09195,1.0,1.61057,0.08375,0.98,5.24359,0.12456,1.07,3.70416,0.15238,0.97,2.50434,2.96361,1.0,3.26278,4.20867,1.0,1.0,0.94,0.97,1.43,0.98,1.0,1.43,0,0,1,33.8513,,b'Simbad',0.173353,0.011437,0.752113,0.0183354,1.76827,0.0130708,0.9998,-13.19,9.28,UDS_,26.902671595400097,25.30929226158721,24.381128552835946,29.854219697229034,29.341774027880227,29.709244576390475,0.0
14246,14246,4351.746,3486.703,34.2472038,-5.1713862,0,554.0,26.52155,0.05275,1.047642,2.418607,29.22733,0.05334,1.771907,51.78811,0.09451,61.22816,3.14,3.961,3.833,11.689,64.1452,0.28257,1.5,2.34927,0.08101,1.0,4.50323,0.01409,1.0,12.0437,0.0171,1.0,20.4156,0.0223,1.0,26.04,0.02252,1.0,32.00537,0.06305,1.0,40.94,0.15406,1.15,44.0661,0.13504,1.19,46.55792,0.1709,1.15,55.0495,0.27803,1.11,57.89802,0.28863,1.12,66.4358,0.46459,1.31,46.07265,0.17549,1.0,57.13089,0.35566,1.0,67.23236,0.20876,1.11,64.66946,0.26748,1.18,45.5693,0.11613,1.01,49.0237,0.20792,0.99,53.1241,0.10902,0.98,15.628,0.06928,1.54,28.47743,0.0709,1.59,37.2078,0.08389,0.95,32.5581,0.12927,1.08,25.80399,0.15247,1.01,12.6378,3.47215,1.0,25.60422,3.9497,1.0,1.0,0.95,1.54,1.5,0.95,1.0,1.5,0,0,1,547.9652,,b'Simbad',2.06685,0.214398,8.35294,0.480352,20.1366,0.434241,0.2896,-10.54,9.41,UDS_,24.211727602016833,22.695401595408647,21.740034642039312,26.67194817563165,25.79610099181063,25.90567293474011,0.0
14871,14871,443.994,3567.5,34.4107056,-5.1680393,3,72.0,1.53134,0.05998,1.136818,1.890007,1.10252,0.06065,1.771907,1.95356,0.10747,2.54592,3.295,2.455,2.191,6.958,2.89424,0.18789,1.16,-0.0892982,0.06366,1.0,0.00171349,0.01089,1.0,0.0632276,0.01343,1.0,0.183798,0.01726,1.0,0.534639,0.01748,1.0,1.17872,0.04915,1.0,1.83623,0.20662,0.41,2.18213,0.18666,0.4,2.23743,0.22811,0.41,3.37464,0.41181,0.31,2.09872,0.38806,0.37,2.37207,0.54484,0.61,1.97625,0.13555,1.0,2.32057,0.27279,1.0,2.98539,0.17992,0.9,2.86737,0.22824,0.95,2.24558,0.09084,0.99,2.29491,0.18378,0.78,2.65927,0.0823,1.04,0.257517,0.06803,0.99,0.77926,0.0822,0.74,1.5168,0.0693,0.8,4.18162,0.14306,1.02,3.26266,0.16342,0.98,5.95214,3.15905,1.0,11.04846,4.85616,1.0,1.0,0.31,0.74,1.16,0.8,1.0,1.16,0,0,1,18.17744,,b'Simbad',0.137916,0.011437,0.66241,0.0152493,1.23916,0.00544617,1.0364,,9.24,UDS_,27.15096336812409,25.44718279973654,24.767181535046863,29.854219697229034,29.541875229008518,30.65977201614345,0.0
15080,15080,1115.9,3663.137,34.3825951,-5.1640534,3,416.0,23.24417,0.05365,1.060797,2.462701,26.51472,0.05425,1.771907,46.98162,0.09613,53.96269,3.054,3.988,3.037,10.44,57.24346,0.25348,1.46,0.468931,0.08344,1.0,1.08862,0.01418,1.0,2.85967,0.01742,1.0,7.59999,0.02247,1.0,11.4111,0.02282,1.0,16.80137,0.06394,1.0,23.1086,0.15966,1.13,26.0191,0.13911,1.15,30.22342,0.17784,1.11,44.4131,0.28566,1.07,47.46219,0.29502,1.07,59.8156,0.49063,1.27,29.34518,0.17926,1.0,46.23004,0.36163,1.0,60.44431,0.24166,0.87,57.53514,0.2526,1.33,28.3582,0.1681,0.5,,,0.0,40.084,0.15367,0.52,4.9289,0.07621,1.37,12.69465,0.09292,0.99,21.2373,0.07989,1.05,46.4047,0.15314,1.04,37.45964,0.16427,1.06,31.441,3.33026,1.0,39.31458,4.46776,1.0,1.0,0.0,0.99,1.46,0.87,1.0,1.45,0,0,1,488.7528,,b'Simbad',0.881971,0.0640833,4.63444,0.110194,18.9518,0.263776,0.4694,-9.91,9.83,UDS_,25.136364236566802,23.335006840208116,21.80587383852173,27.983137830367884,27.394605129813836,26.44691180459098,2.0
15305,15305,1663.401,3695.212,34.3596878,-5.1627159,3,264.0,6.3991,0.05346,1.060735,2.583316,7.12868,0.05406,1.771907,12.63136,0.0958,15.58437,3.277,3.997,3.033,10.445,16.53089,0.25274,1.47,0.185292,0.08752,1.0,0.21492,0.01484,1.0,0.467812,0.0183,1.0,0.946152,0.02364,1.0,1.74153,0.02395,1.0,3.2557,0.06683,1.0,5.02575,0.17135,1.08,6.1163,0.14847,1.12,7.12561,0.18996,1.07,10.8766,0.30204,1.05,11.95544,0.31316,1.03,17.5178,0.51558,1.25,6.82686,0.18805,1.0,11.60973,0.37935,1.0,17.4352,0.24868,0.91,16.4468,0.26426,1.35,7.15793,0.17974,0.48,8.85643,0.22363,1.0,10.2814,0.16366,0.5,0.624918,0.07132,1.73,2.14376,0.07442,1.7,4.71559,0.08221,1.1,26.2925,0.16256,0.89,21.70374,0.17846,0.98,27.0402,3.57148,1.0,15.56652,4.78097,1.0,1.0,0.48,1.7,1.47,0.91,1.0,1.46,0,0,1,131.8572,,b'Simbad',0.446644,0.039757,1.91964,0.0916772,7.28876,0.154671,0.9777,-11.17,9.84,UDS_,25.875096239346306,24.29195052286711,22.843365874322775,28.501465985523406,27.59434664843078,27.026477766504755,2.0
15631,15631,3822.025,3734.582,34.269371,-5.1610622,0,55.0,0.8835,0.05275,1.167448,2.208315,1.02034,0.05334,1.771907,1.80794,0.09451,1.67121,2.549,2.173,2.018,6.282,1.95105,0.15024,1.5,0.814818,0.0741,1.0,0.749782,0.01284,1.0,0.79229,0.0156,1.0,0.883139,0.02029,1.0,1.36331,0.0206,1.0,1.82566,0.05732,1.0,1.71912,0.14116,1.16,1.72918,0.12355,1.18,1.89946,0.15669,1.14,2.39178,0.25456,1.1,1.84033,0.2639,1.12,1.76887,0.42818,1.31,2.05922,0.16112,1.0,1.76836,0.3252,1.0,2.30372,0.19525,1.06,1.6951,0.23966,1.18,1.82669,0.10762,0.97,1.80473,0.18003,1.1,1.89726,0.09711,1.02,0.724687,0.07737,1.03,1.58072,0.07967,1.05,1.56618,0.07369,1.01,2.02687,0.13265,0.95,1.50737,0.14352,1.13,7.63617,2.97884,1.0,3.72126,3.45259,1.0,1.0,0.97,1.03,1.5,1.0,1.0,1.5,0,0,1,19.12965,,b'Simbad',0.403035,0.0181539,0.631632,0.00508309,0.822198,0.0112554,0.909,-9.03,8.64,UDS_,25.986643094034065,25.498839689252073,25.21255895994372,29.352575152942606,30.73468050178232,29.871597665540065,1.0
16445,16445,3194.433,3948.782,34.2956314,-5.1521416,3,373.0,14.59974,0.05402,1.054551,2.599128,14.01457,0.05463,1.771907,24.83252,0.0968,35.98364,3.635,4.183,3.205,10.984,37.94659,0.2705,1.43,0.434832,0.08697,1.0,0.875903,0.0151,1.0,1.93394,0.01836,1.0,3.22201,0.02388,1.0,6.21244,0.02423,1.0,9.18703,0.06748,1.0,13.1571,0.17282,1.09,15.991,0.14986,1.12,17.83182,0.18955,1.09,23.3738,0.30693,1.05,27.03448,0.31914,1.05,37.8336,0.53136,1.19,18.1456,0.1892,1.0,25.25024,0.38349,1.0,39.34784,0.234,1.02,36.49228,0.28204,1.18,17.0821,0.12213,1.03,19.2104,0.21383,1.08,22.4057,0.11157,1.06,2.43827,0.07573,1.48,6.93245,0.07764,1.55,11.8385,0.08586,1.03,39.437,0.14146,1.01,28.20609,0.15318,1.1,29.7276,2.95559,1.0,15.10979,4.19591,1.0,1.0,1.0,1.48,1.43,1.0,1.0,1.43,0,0,1,256.5465,,b'Simbad',0.917124,0.0749756,3.55848,0.160481,13.0483,0.380143,0.6978,-11.17,9.74,UDS_,25.093929853641143,23.621838676822545,22.21111516692765,27.812700125169954,26.986440945275607,26.05013250563913,2.0
16748,16748,1744.483,3979.084,34.3562965,-5.1508865,0,64.0,1.52963,0.05257,1.163488,2.080081,1.94233,0.05316,1.771907,3.44163,0.0942,2.73467,2.102,2.256,1.992,6.36,3.18176,0.15143,1.51,-0.00180361,0.07045,1.0,0.0868504,0.01196,1.0,0.152295,0.01473,1.0,0.271207,0.01904,1.0,0.476859,0.01932,1.0,0.92057,0.05397,1.0,1.35768,0.13546,1.12,1.66714,0.11766,1.16,1.9609,0.14908,1.12,2.84145,0.23919,1.09,2.5728,0.24586,1.09,3.4974,0.40975,1.28,1.82323,0.1512,1.0,2.50661,0.30576,1.0,3.12647,0.20125,0.9,3.14857,0.21273,1.35,1.93133,0.08463,1.4,2.053,0.17413,1.05,2.25264,0.07993,1.35,0.221947,0.07633,0.98,0.55683,0.07756,1.01,1.27134,0.06559,1.11,4.45745,0.11713,0.95,3.12586,0.13277,1.18,-4.8176,3.21143,1.0,-205.9281,-205.9281,,1.0,0.9,0.98,1.51,0.9,0.0,1.51,0,0,1,36.53671,,b'Simbad',0.144502,0.0136154,0.55316,0.0216031,1.25885,0.0188801,1.0456,-10.54,9.31,UDS_,27.100315354881857,25.64287308011684,24.750065039411247,29.6649239880427,29.163709810051756,29.30998927438868,0.0
16910,16910,948.146,4062.39,34.3896141,-5.1474166,2,409.0,21.86906,0.0531,1.058644,2.404117,23.49366,0.0537,1.771907,41.62859,0.09515,49.66335,3.127,4.063,3.084,10.619,52.57579,0.25639,1.48,1.09742,0.08138,1.0,1.58848,0.01389,1.0,2.79422,0.01698,1.0,6.05157,0.02191,1.0,9.9442,0.02232,1.0,14.07572,0.06273,1.0,21.6965,0.15548,1.14,23.7155,0.13421,1.18,25.78603,0.17247,1.13,37.5081,0.2784,1.09,42.53305,0.28414,1.11,52.0298,0.47175,1.31,25.40003,0.17426,1.0,40.50117,0.35404,1.0,53.46667,0.24069,0.83,51.7294,0.24899,1.31,24.5208,0.11897,0.95,,,0.0,34.0512,0.09549,1.28,4.24817,0.0889,0.95,10.915,0.09773,0.85,17.6776,0.07662,1.07,50.9933,0.13484,0.92,35.17842,0.15085,0.97,40.1109,3.41123,1.0,15.31468,4.38077,1.0,1.0,0.0,0.85,1.48,0.83,1.0,1.48,0,0,1,437.5219,,b'Simbad',1.35331,0.14033,4.86739,0.280296,17.7599,0.288829,0.6187,-9.2,9.99,UDS_,24.671506772607287,23.281759636208484,21.876398709790287,27.132123686974822,26.380957749626425,26.348398008472117,2.0
17083,17083,3677.233,4096.931,34.2754326,-5.1459646,0,462.0,30.65127,0.05666,1.060664,2.321107,33.4013,0.05729,1.771907,59.184,0.10152,67.0758,3.02,3.832,3.167,10.451,71.14488,0.26891,1.3,1.92414,0.07775,1.0,4.32453,0.01348,1.0,12.8799,0.01642,1.0,20.5764,0.02134,1.0,28.0871,0.02172,1.0,35.72951,0.06033,1.0,45.5034,0.15218,1.12,49.5629,0.13245,1.15,54.36868,0.1668,1.11,64.6317,0.27108,1.08,66.97742,0.28496,1.07,74.6748,0.46146,1.25,53.78112,0.16957,1.0,67.21702,0.34181,1.0,74.76372,0.20619,1.05,71.02875,0.28775,0.91,51.5627,0.10959,1.03,56.0542,0.19138,1.07,61.3142,0.09913,1.07,15.934,0.07225,1.3,30.04826,0.07301,1.39,41.0836,0.08657,0.81,34.3327,0.13245,0.98,26.75199,0.14159,1.11,18.6206,3.2568,1.0,15.4068,3.97457,1.0,1.0,0.81,1.3,1.3,0.81,1.0,1.3,0,0,1,582.9795,,b'Simbad',1.62551,0.240358,7.9411,0.442592,22.5303,0.584011,0.2352,-12.28,9.27,UDS_,24.472525886041815,22.750298337496037,21.61808256358022,26.547853545934913,25.88499110089343,25.583947431900892,0.0
17809,17809,3079.31,4222.085,34.3004494,-5.1407537,3,118.0,2.11532,0.05922,1.086948,2.148131,2.09042,0.06014,1.771907,3.70403,0.10656,4.18051,3.009,3.1,2.752,8.762,4.54399,0.23348,1.19,0.0625535,0.07174,1.0,0.0943374,0.01249,1.0,0.153205,0.01521,1.0,0.206001,0.01976,1.0,0.320546,0.02008,1.0,0.62566,0.05593,1.0,1.08051,0.14821,1.02,1.72701,0.12741,1.07,1.98094,0.16191,1.02,2.99649,0.26185,0.99,3.51537,0.27108,1.0,3.84986,0.44751,1.15,2.10687,0.15628,1.0,3.49436,0.31707,1.0,4.7089,0.19545,1.0,4.43381,0.31122,0.69,2.00414,0.10076,1.04,2.56971,0.18625,0.98,3.1107,0.09191,1.07,0.0638873,0.07684,0.98,0.37776,0.08037,0.99,0.893185,0.08974,0.65,10.1863,0.13777,0.97,12.89184,0.15206,1.02,15.9892,3.27366,1.0,4.11395,4.50507,1.0,1.0,0.65,0.98,1.19,0.65,1.0,1.19,0,0,1,34.76101,,b'Simbad',0.319574,0.0243262,1.09899,0.0413909,3.60674,0.0860495,1.8144,-11.36,9.98,UDS_,26.238571403462792,24.897515648296547,23.607212909130013,29.03481431747185,28.457737825591224,27.663129122111297,2.0
17879,17879,1192.1,4223.547,34.379406,-5.1407013,0,35.0,0.57064,0.05998,1.236805,2.192672,0.65976,0.06065,1.771907,1.16903,0.10747,1.01166,2.392,2.036,1.526,5.288,1.25123,0.1474,1.16,0.308254,0.07442,1.0,0.396449,0.01267,1.0,0.408808,0.01549,1.0,0.462037,0.02003,1.0,0.475151,0.02043,1.0,0.72681,0.05721,1.0,1.03249,0.14203,1.14,1.06819,0.12152,1.2,1.35409,0.15546,1.15,1.30262,0.25356,1.1,1.16538,0.26196,1.09,1.04094,0.43147,1.3,1.67034,0.15949,1.0,1.4408,0.324,1.0,1.00675,0.22435,0.8,1.18214,0.2903,0.81,1.19853,0.10638,0.99,1.21002,0.18216,1.08,1.2215,0.09678,1.03,0.336017,0.08144,0.95,0.44151,0.08841,0.86,0.866493,0.08777,0.69,1.2101,0.14071,1.0,1.55602,0.15868,1.02,-6.2374,3.58956,1.0,-1.16208,4.29281,1.0,1.0,0.69,0.86,1.16,0.69,1.0,1.16,0,0,1,10.87758,,b'Simbad',0.257906,0.00998465,0.429296,0.00472001,0.427644,0.00689848,1.4882,-9.36,8.86,UDS_,26.471346385479308,25.918107895188665,25.92229404225195,30.001667885504173,30.815142703128647,30.40311647617602,1.0
18840,18840,2543.593,4511.196,34.3228645,-5.1287098,0,273.0,10.71277,0.07362,1.069458,2.438762,11.01846,0.07445,1.771907,19.52369,0.13191,24.4291,3.257,3.541,3.007,9.789,26.12589,0.32589,0.77,0.132041,0.08167,1.0,0.342228,0.01418,1.0,0.994264,0.01732,1.0,2.48619,0.0225,1.0,4.90771,0.02278,1.0,7.42573,0.06375,1.0,11.7234,0.17012,0.99,13.128,0.14829,1.03,14.8834,0.18679,0.99,21.122,0.29193,1.02,24.00611,0.31116,0.97,29.2553,0.54121,1.02,14.35051,0.17673,1.0,22.36664,0.35978,1.0,28.64779,0.22849,0.95,,,0.0,13.7506,0.11884,0.97,,,0.0,18.9176,0.10849,1.02,1.61139,0.08789,0.98,5.67377,0.09023,1.01,,,0.0,25.0863,0.13356,1.2,16.49268,0.1503,1.08,16.1953,2.87893,1.0,9.64991,4.14127,1.0,1.0,0.0,0.98,0.77,0.0,1.0,0.77,0,0,1,148.0078,,b'Simbad',0.493815,0.062631,2.59694,0.167742,9.96504,0.114188,0.6193,-10.72,9.94,UDS_,25.766089305459957,23.963845210610927,22.503802384218968,28.00802663516415,26.938395457907916,27.355948834087357,2.0
18896,18896,629.3,4518.812,34.4029541,-5.1283979,0,124.0,2.56236,0.07667,1.099288,2.318981,2.56111,0.07753,1.771907,4.53805,0.13737,5.40537,3.137,2.923,2.554,8.197,5.94206,0.28233,0.71,0.830585,0.0784,1.0,1.01946,0.01352,1.0,1.57955,0.01639,1.0,2.73361,0.0213,1.0,3.32001,0.02155,1.0,3.93929,0.06044,1.0,4.62021,0.16399,0.98,4.77129,0.14793,0.95,4.81176,0.18578,0.93,6.16673,0.30736,0.86,5.85284,0.30324,0.92,6.41026,0.49756,1.11,5.16609,0.16627,1.0,5.59147,0.34041,1.0,6.16008,0.23167,0.83,,,0.0,4.73014,0.11095,1.0,,,0.0,5.47421,0.10369,0.98,2.12278,0.11523,0.51,3.43719,0.14112,0.38,,,0.0,3.98719,0.12336,1.18,2.97463,0.14047,1.1,-1.98771,3.07722,1.0,13.12778,3.2798,1.0,1.0,0.0,0.38,0.71,0.0,1.0,0.71,0,0,1,33.03513,,b'Simbad',0.55132,0.0412094,1.25431,0.032677,2.20191,0.0143416,0.4935,-9.4,8.73,UDS_,25.646490631299155,24.7539877882467,24.14300109045672,28.46250927165905,28.71439455471038,29.608505986313425,1.0
19389,19389,2001.409,4780.725,34.3455505,-5.1174812,0,53.0,0.9425,0.07459,1.172463,2.19136,0.97033,0.07543,1.771907,1.71934,0.13366,1.76156,2.781,2.213,1.924,6.19,2.06536,0.20967,0.75,1.1677,0.0742,1.0,1.10478,0.01272,1.0,1.03973,0.01557,1.0,1.04845,0.02022,1.0,1.14686,0.02047,1.0,1.63732,0.05733,1.0,2.05413,0.13913,1.2,2.56231,0.12394,1.21,1.62343,0.1551,1.17,2.39756,0.24664,1.16,1.98057,0.25484,1.16,1.77445,0.42487,1.35,1.64531,0.15875,1.0,1.61658,0.32224,1.0,1.97234,0.22065,0.83,,,0.0,,,0.0,,,0.0,,,0.0,1.16083,0.10945,0.52,1.29171,0.10942,0.55,,,0.0,2.20745,0.13156,1.12,2.35701,0.15733,1.02,-0.918105,2.48527,1.0,-4.79939,4.14236,1.0,1.0,0.0,0.52,0.75,0.0,1.0,0.75,0,0,1,12.86379,,b'Simbad',0.52158,0.00671694,0.787484,0.0310432,0.763324,0.00181539,1.27,-8.84,8.84,UDS_,25.706697674977946,25.259395653472257,25.293227706407773,30.432071327699486,28.770083792736393,31.852575152942606,1.0
21177,21177,4185.698,4686.75,34.2541656,-5.1213822,0,156.0,3.89326,0.06848,1.088732,2.237494,3.768,0.06924,1.771907,6.67654,0.1227,8.00118,3.153,2.958,2.827,8.675,8.71114,0.26721,0.89,1.47016,0.07534,1.0,1.71134,0.01299,1.0,3.0157,0.01584,1.0,4.63883,0.02071,1.0,5.2793,0.02105,1.0,6.0643,0.05854,1.0,6.66154,0.14859,1.09,7.25313,0.13133,1.11,7.29103,0.16358,1.09,8.30905,0.26756,1.06,8.60614,0.2796,1.04,8.7471,0.44958,1.25,7.38089,0.1634,1.0,8.28381,0.3289,1.0,8.97668,0.19852,1.06,,,0.0,,,0.0,,,0.0,,,0.0,3.93925,0.10868,0.54,5.79714,0.11348,0.53,,,0.0,5.37949,0.11355,1.14,3.9919,0.1472,0.99,1.54912,3.15752,1.0,-13.73267,4.60812,1.0,1.0,0.0,0.53,0.89,0.0,1.0,0.89,0,0,1,54.41563,,b'Simbad',0.918758,0.0404832,1.94095,0.0183354,3.15651,0.0266862,0.439,-9.46,8.77,UDS_,25.091997165780995,24.27996413036447,23.751982076163173,28.48181291486392,29.341774027880227,28.934283158686423,1.0
21484,21484,562.366,5060.25,34.4057541,-5.1058364,3,1588.0,257.2216,0.08204,1.024315,2.869005,207.2343,0.08296,1.771907,367.2,0.147,720.4523,4.494,5.794,4.502,15.322,737.9702,0.59326,0.62,34.2777,0.09697,1.0,52.1743,0.01672,1.0,110.325,0.02039,1.0,155.103,0.02648,1.0,214.379,0.02658,1.0,262.61743,0.07421,1.0,337.542,0.32365,0.39,391.433,0.28523,0.41,464.57837,0.35204,0.4,588.817,0.68051,0.27,640.98895,0.66403,0.29,729.515,1.14865,0.32,456.66425,0.20445,1.0,625.17293,0.41669,1.0,755.70068,0.28118,0.87,,,0.0,,,0.0,,,0.0,,,0.0,124.128,0.14342,0.49,231.90241,0.1745,0.38,,,0.0,446.03,0.15751,1.01,505.01607,0.18851,0.93,388.452,3.72997,1.0,2470.14186,5.03003,1.0,1.0,0.0,0.38,0.62,0.0,1.0,0.62,0,0,1,2497.904,,b'Simbad',17.8015,1.66635,57.4204,2.54481,203.837,5.5246,0.2067,-8.82,9.97,UDS_,21.873858503458663,20.602334466154524,19.226792452721078,24.445584435438036,23.985861593270783,23.1442479022888,2.0
21628,21628,1703.629,4976.556,34.3580093,-5.1093221,0,23.0,0.50729,0.08139,1.396036,1.890369,0.55138,0.0823,1.771907,0.977,0.14583,0.68692,1.977,1.499,1.26,4.123,0.95896,0.16783,0.63,0.317553,0.06437,1.0,0.313266,0.01096,1.0,0.324507,0.01341,1.0,0.355926,0.01741,1.0,0.419137,0.01764,1.0,0.79544,0.04934,1.0,0.809424,0.14736,0.81,1.53245,0.12841,0.85,1.25839,0.16109,0.82,1.94613,0.27482,0.71,0.82639,0.27838,0.72,1.30974,0.49287,0.75,0.68069,0.13686,1.0,0.87082,0.27703,1.0,1.05263,0.19647,0.78,,,0.0,,,0.0,,,0.0,,,0.0,,,0.0,,,0.0,,,0.0,0.743385,0.12595,1.04,0.89555,0.15853,1.05,-3.06376,3.10186,1.0,0.73079,4.86547,1.0,1.0,0.0,0.0,0.63,0.0,1.0,0.63,0,0,1,6.699472,,b'Simbad',0.244775,0.00726156,0.430611,0.00980311,0.30966,0.00562771,1.2933,-11.36,8.58,UDS_,26.528082351901208,25.914787200689812,26.272787226366013,30.3474251746227,30.021590310368047,30.624170725430083,1.0
