,id,U_0,U_10,U_20,U_30,U_40,U_50,U_60,U_70,U_80,U_90,U_100,V_0,V_10,V_20,V_30,V_40,V_50,V_60,V_70,V_80,V_90,V_100,J_0,J_10,J_20,J_30,J_40,J_50,J_60,J_70,J_80,J_90,J_100,IRAC3.6_0,IRAC3.6_10,IRAC3.6_20,IRAC3.6_30,IRAC3.6_40,IRAC3.6_50,IRAC3.6_60,IRAC3.6_70,IRAC3.6_80,IRAC3.6_90,IRAC3.6_100,IRAC4.5_0,IRAC4.5_10,IRAC4.5_20,IRAC4.5_30,IRAC4.5_40,IRAC4.5_50,IRAC4.5_60,IRAC4.5_70,IRAC4.5_80,IRAC4.5_90,IRAC4.5_100,IRAC5.8_0,IRAC5.8_10,IRAC5.8_20,IRAC5.8_30,IRAC5.8_40,IRAC5.8_50,IRAC5.8_60,IRAC5.8_70,IRAC5.8_80,IRAC5.8_90,IRAC5.8_100,IRAC8.0_0,IRAC8.0_10,IRAC8.0_20,IRAC8.0_30,IRAC8.0_40,IRAC8.0_50,IRAC8.0_60,IRAC8.0_70,IRAC8.0_80,IRAC8.0_90,IRAC8.0_100,u_0,u_10,u_20,u_30,u_40,u_50,u_60,u_70,u_80,u_90,u_100,g_0,g_10,g_20,g_30,g_40,g_50,g_60,g_70,g_80,g_90,g_100,r_0,r_10,r_20,r_30,r_40,r_50,r_60,r_70,r_80,r_90,r_100
0,Arp220,-19.32396535234919,-19.32499727081574,-19.32602820944512,-19.32705817009633,-19.3280871546231,-19.32911516487387,-19.330142202691853,-19.331168269915032,-19.33219336837618,-19.333217499902887,-19.33424066631758,-21.110089763380508,-21.11057623719558,-21.111062493139315,-21.111548531406793,-21.112034352192808,-21.1125199556919,-21.113005342098354,-21.11349051160618,-21.113975464409144,-21.114460200700744,-21.11494472067422,-22.223806168391423,-22.226307932435287,-22.228803945139582,-22.23129423288734,-22.23377882188046,-22.236257738141365,-22.238731007514666,-22.24119865566873,-22.243660708097313,-22.246117190121147,-22.248568126889467,-21.850027433391737,-23.020612673314112,-23.570735883728876,-23.934122253472744,-24.205907648437247,-24.423097945957792,-24.604000031509116,-24.75902163945745,-24.894649480736636,-25.015200885210053,-25.123694851450068,-22.12478512089706,-23.800715432677407,-24.43065424810156,-24.826719446796055,-25.116292387924673,-25.344670201879165,-25.533258687126118,-25.69388684020268,-25.83378500100727,-25.95769735915013,-26.068905447748122,-22.787755649792516,-24.571598117862937,-25.213751381480897,-25.6145273204268,-25.906597112568555,-26.136521617946286,-26.326162301017597,-26.487552617126408,-26.628028301112188,-26.752393389141425,-26.863965919010774,-23.845310162475858,-25.01190333906189,-25.561206430778594,-25.92423904138569,-26.19582730797676,-26.412891937868373,-26.593706921240265,-26.748664601389844,-26.884243526488444,-27.004756294410782,-27.113218971470285,-19.35541798215011,-19.35644091971383,-19.35746289441347,-19.35848390805997,-19.35950396245915,-19.360523059411765,-19.361541200713486,-19.36255838815494,-19.36357462352174,-19.364589908594468,-19.365604245148734,-20.753632065209167,-20.75408122785423,-20.7545302047602,-20.754978996080627,-20.755427601968876,-20.755876022578114,-20.756324258061323,-20.7567723085713,-20.757220174260638,-20.75766785528176,-20.758115351786888,-21.340304734126615,-21.340889384366616,-21.34147371995196,-21.34205774122116,-21.342641448512182,-21.343224842162428,-21.343807922508788,-21.344390689887582,-21.344973144634608,-21.345555287085105,-21.34613711757379
1,BQSO1,-21.176396583703095,-21.176415794532325,-21.17643500502165,-21.176454215171077,-21.17647342498062,-21.176492634450295,-21.17651184358011,-21.17653105237008,-21.176550260820214,-21.176569468930527,-21.176588676701023,-21.108918112735804,-21.108968033946486,-21.109017952861933,-21.109067869482363,-21.109117783807992,-21.10916769583902,-21.109217605575665,-21.10926751301814,-21.109317418166647,-21.109367321021402,-21.10941722158262,-21.283483818995816,-21.284101639074642,-21.284719107793183,-21.285336225550857,-21.2859529927464,-21.28656940977786,-21.287185477042634,-21.28780119493741,-21.288416563858227,-21.289031584200437,-21.28964625635872,-22.70318220165072,-22.797615716510634,-22.884488922587565,-22.96492315063022,-23.039807392176797,-23.109858360963926,-23.175662319013934,-23.237704932504286,-23.29639304671013,-23.3520708704434,-23.405032208559415,-22.99131430637905,-23.168881744012065,-23.3214495569667,-23.45519615244898,-23.574259403372984,-23.68154675505313,-23.77917936488171,-23.868752328227707,-23.951495429293775,-24.028376824483825,-24.100172365930597,-23.287660691602934,-23.545129322916168,-23.753094654644084,-23.9275571029801,-24.077828310473453,-24.20980734868047,-24.327468161918148,-24.433615652840164,-24.530303547824907,-24.619080779574183,-24.701144465517345,-23.636298740221363,-23.870090053197423,-24.06235030222311,-24.225632590226212,-24.36753882670713,-24.49302350077684,-24.605496105238363,-24.70740345877196,-24.800561148741636,-24.88635356881592,-24.96586050091723,-21.1761758762528,-21.176195483477706,-21.17621509034853,-21.176234696865293,-21.176254303028,-21.176273908836663,-21.176293514291302,-21.176313119391924,-21.176332724138547,-21.176352328531177,-21.17637193256983,-21.103433214948414,-21.10346657548685,-21.103499935000272,-21.103533293488752,-21.103566650952345,-21.103600007391115,-21.103633362805127,-21.103666717194443,-21.103700070559128,-21.10373342289924,-21.103766774214847,-21.113441553064458,-21.11351541372499,-21.113589269361253,-21.113663119973936,-21.11373696556372,-21.11381080613129,-21.113884641677334,-21.113958472202526,-21.11403229770755,-21.114106118193092,-21.11417993365983
2,Ell13,-18.89701179908417,-18.89706347016846,-18.8971151387938,-18.897166804960424,-18.897218468668562,-18.89727012991845,-18.897321788710318,-18.897373445044405,-18.897425098920944,-18.897476750340168,-18.89752839930231,-21.104941674617702,-21.104958188052034,-21.10497470123521,-21.104991214167242,-21.105007726848125,-21.105024239277878,-21.105040751456507,-21.10505726338402,-21.10507377506042,-21.105090286485716,-21.105106797659914,-22.3174926717217,-22.317570275233845,-22.31764787319964,-22.317725465619873,-22.317803052495343,-22.31788063382684,-22.317958209615153,-22.318035779861077,-22.318113344565404,-22.31819090372892,-22.31826845735243,-21.44607073065751,-21.54463145910516,-21.634984934359785,-21.71839355970427,-21.79584915882463,-21.86814517304015,-21.935926277095817,-21.99972339229804,-22.05997896886811,-22.117065612566268,-22.17130005342525,-20.95349630020632,-21.304661244614174,-21.569577968164502,-21.782367413360095,-21.960208999740352,-22.112979038648113,-22.24688095850649,-22.36606725330717,-22.473454484216067,-22.571169787412746,-22.66081234254674,-20.548533767664278,-21.353686118104484,-21.810889082962262,-22.1316248378167,-22.37890228155175,-22.580177578712753,-22.74991133165137,-22.89666290358813,-23.02592020610113,-23.141413475420592,-23.24579398683431,-20.052081396104345,-21.296015061427266,-21.860580317109314,-22.230134136163432,-22.505340267850404,-22.72470532058909,-22.907112063396053,-23.063236597930658,-23.199707575186686,-23.320924443109913,-23.429957007985315,-18.963294519404414,-18.96334412354141,-18.963393725412242,-18.963443325017113,-18.963492922356235,-18.96354251742981,-18.96359211023805,-18.963641700781157,-18.963691289059344,-18.96374087507281,-18.96379045882177,-20.592994575565232,-20.593012169770194,-20.593029763690048,-20.593047357324807,-20.593064950674478,-20.59308254373907,-20.593100136518586,-20.59311772901305,-20.593135321222455,-20.59315291314682,-20.59317050478615,-21.405785249952203,-21.405803846907432,-21.405822443544128,-21.405841039862302,-21.405859635861972,-21.40587823154314,-21.40589682690582,-21.405915421950024,-21.405934016675765,-21.405952611083045,-21.405971205171888
3,Ell2,-19.341636521449253,-19.341663118898715,-19.34168971569663,-19.341716311843037,-19.341742907337956,-19.341769502181425,-19.34179609637348,-19.341822689914142,-19.341849282803455,-19.341875875041442,-19.34190246662814,-21.10408032488904,-21.10409313697888,-21.104105948917535,-21.10411876070501,-21.104131572341306,-21.104144383826423,-21.104157195160372,-21.104170006343153,-21.10418281737477,-21.104195628255226,-21.104208438984525,-21.841787901678696,-21.8418811406448,-21.841974371604582,-21.842067594559413,-21.842160809510666,-21.842254016459716,-21.842347215407933,-21.8424404063567,-21.842533589307386,-21.84262676426136,-21.842719931219992,-20.88322162378255,-21.009860806732664,-21.123259810438416,-21.225926980908692,-21.319719130663643,-21.406049312122597,-21.48601784868838,-21.560498310241382,-21.630195833771346,-21.695687821506596,-21.757453043901865,-20.456316761107004,-20.873111508217214,-21.173549218572845,-21.408615562376916,-21.601736157115315,-21.765638114426817,-21.90801194296668,-22.03386199653017,-22.146627980318236,-22.248776086292303,-22.34213489674644,-20.170220767875726,-21.029925608256367,-21.503636851979234,-21.832345817119673,-22.08432105923987,-22.288693166309002,-22.46062201071076,-22.6090107462191,-22.739536014455254,-22.856040284577404,-22.961245759617587,-19.888256430700004,-21.056690709291598,-21.60637248368362,-21.969568487025736,-22.241247814844467,-22.45837050012238,-22.639225724702765,-22.794212940601696,-22.9298144664541,-23.050345086017945,-23.158822220188497,-19.385473018326415,-19.3854990851731,-19.385525151393978,-19.385551216989075,-19.385577281958422,-19.38560334630205,-19.385629410019988,-19.38565547311227,-19.385681535578918,-19.385707597419966,-19.38573365863545,-20.760837709152465,-20.76084939528659,-20.760861081294934,-20.760872767177503,-20.760884452934295,-20.760896138565318,-20.76090782407057,-20.76091950945006,-20.76093119470378,-20.760942879831738,-20.760954564833938,-21.29933038106501,-21.29934628342657,-21.299362185555214,-21.299378087450954,-21.299393989113796,-21.29940989054375,-21.299425791740813,-21.299441692705,-21.299457593436312,-21.299473493934762,-21.299489394200357
4,Ell5,-19.096593453221367,-19.096633114479854,-19.096672774289594,-19.09671243265069,-19.096752089563253,-19.096791745027385,-19.09683139904319,-19.096871051610776,-19.09691070273025,-19.09695035240172,-19.096990000625283,-21.10590712096201,-21.105922340471622,-21.105937559767888,-21.105952778850828,-21.105967997720438,-21.10598321637673,-21.105998434819703,-21.106013653049366,-21.10602887106573,-21.10604408886879,-21.10605930645856,-22.174810363405616,-22.174892003343956,-22.174973637143992,-22.17505526480665,-22.175136886332854,-22.17521850172352,-22.17530011097957,-22.175381714101935,-22.175463311091526,-22.175544901949273,-22.175626486676094,-21.284651758564763,-21.3898185905408,-21.48569226354762,-21.573782653072588,-21.655259153375273,-21.73104593154507,-21.801886037352872,-21.868385841911536,-21.931046631232466,-21.990287567710325,-22.04646270366295,-20.805384051652354,-21.173603225105303,-21.44807166242716,-21.66696866851115,-21.849052012284197,-22.004939715979546,-22.141229774476795,-22.26230392622792,-22.37122103283207,-22.47020123601469,-22.56090707058739,-20.4498054341007,-21.260784962722816,-21.719803393554944,-22.041424819434738,-22.289226811032236,-22.490848996563816,-22.660829164683697,-22.80776480840961,-22.937164841927512,-23.052772022536008,-23.15724555384965,-20.049985905397577,-21.236324519564672,-21.789648857404828,-22.154412384616087,-22.426964233753807,-22.644642784341478,-22.82588312372645,-22.981152905494618,-23.11697059589075,-23.237671923593695,-23.346287283636755,-19.155031575698548,-19.155069926505067,-19.155108275956994,-19.15514662405442,-19.155184970797443,-19.15522331618616,-19.155261660220663,-19.15530000290105,-19.15533834422742,-19.15537668419986,-19.155415022818477,-20.650765217595346,-20.65078060661685,-20.650795995420232,-20.6508113840055,-20.65082677237266,-20.650842160521726,-20.6508575484527,-20.650872936165584,-20.650888323660386,-20.650903710937115,-20.65091909799577,-21.372876387828835,-21.37289407078004,-21.37291175344324,-21.37292943581847,-21.372947117905724,-21.372964799705017,-21.37298248121636,-21.37300016243975,-21.373017843375216,-21.373035524022757,-21.373053204382376
5,I19254,-18.976589787969182,-18.978358083970235,-18.980123504699115,-18.981886059491096,-18.98364575763607,-18.985402608378838,-18.987156620919382,-18.98890780441318,-18.990656167971483,-18.992401720661583,-18.994144471507127,-21.103671859480965,-21.10428092990013,-21.10488965883782,-21.105498046676736,-21.10610609379892,-21.106713800585794,-21.10732116741812,-21.107928194676045,-21.108534882739043,-21.10914123198599,-21.109747242795102,-22.785969381166954,-22.787821750389256,-22.789670964675356,-22.791517034753895,-22.793359971298877,-22.795199784930045,-22.797036486213255,-22.79887008566082,-22.80070059373189,-22.802528020832792,-22.80435237731742,-24.7267910860228,-24.89779616263574,-25.04549662916517,-25.175489253719554,-25.291569083766532,-25.396428391055185,-25.492046454903313,-25.57992102771646,-25.66121288265515,-25.73683988834349,-25.807540385894935,-25.34977325505067,-25.588096068111845,-25.783406355013312,-25.94888164830011,-26.09244058908554,-26.219215442942136,-26.332723194970853,-26.435479481613704,-26.529345991492175,-26.615739161804154,-26.695761739050184,-26.15225359686264,-26.379059381640868,-26.56657584682662,-26.726426167132825,-26.865734195743656,-26.989183495514972,-27.100018544645753,-27.200579911624672,-27.2926116775473,-27.377448345234395,-27.456133827409957,-26.21295692767553,-26.47360862702684,-26.68364229977233,-26.859556682561454,-27.010903235765223,-27.143710725792417,-27.26202936961768,-27.368711858563927,-27.465843384970707,-27.554994445520652,-27.637377430615953,-19.02117089988715,-19.022902682934763,-19.024631708132773,-19.02635798425092,-19.028081520017185,-19.029802324118034,-19.03152040519871,-19.03323577186348,-19.034948432675883,-19.03665839615901,-19.038365670795734,-20.578793626411922,-20.57945036587156,-20.58010670832315,-20.580762654246406,-20.581418204120165,-20.5820733584224,-20.582728117630197,-20.583382482219807,-20.584036452666613,-20.58469002944513,-20.585343213029027,-21.443767127769537,-21.444428790140453,-21.44509004953091,-21.44575090643148,-21.446411361331833,-21.447071414720746,-21.447731067086103,-21.4483903189149,-21.449049170693254,-21.449707622906384,-21.45036567603864
6,I20551,-19.914553714028944,-19.914850356967857,-19.915146918880644,-19.915443399811565,-19.91573979980482,-19.916036118904593,-19.916332357155035,-19.916628514600244,-19.916924591284292,-19.91722058725122,-19.917516502545016,-21.111943532751543,-21.112183970642377,-21.11242435529967,-21.112664686746996,-21.112904965007896,-21.11314519010591,-21.113385362064566,-21.113625480907356,-21.113865546657774,-21.114105559339293,-21.114345518975377,-22.11326911251342,-22.11463114632583,-22.11599147363529,-22.117350098712635,-22.118707025812682,-22.120062259174315,-22.121415803020568,-22.122767661558708,-22.124117838980286,-22.125466339461255,-22.126813167162013,-22.441032667653484,-22.921886047569377,-23.25398933720291,-23.507947951662548,-23.713620852697538,-23.88646854624831,-24.035540873334092,-24.16659457307235,-24.28351955728443,-24.38906791886658,-24.485258528440575,-22.922720685942988,-23.626653334818684,-24.050170735703972,-24.354064754406032,-24.591236323928733,-24.78577375444944,-24.950694358065792,-25.09383582351818,-25.220285106225703,-25.333531852437755,-25.436074224910122,-24.1234808166547,-24.632843507721365,-24.978173955713736,-25.23976865831529,-25.450413172201948,-25.626755454031418,-25.77841844482795,-25.911469443546153,-26.029981273826724,-26.136820765133916,-26.234082405278755,-24.156545827704278,-24.743531048959074,-25.122431183365318,-25.402764072523325,-25.625367607308675,-25.810005552283826,-25.967760711766196,-26.10547546170864,-26.2276723184808,-26.337496959536132,-26.43722597495266,-19.928062051562396,-19.928360967634084,-19.928659801433277,-19.928958553005252,-19.92925722239525,-19.929555809648466,-19.929854314810072,-19.930152737925187,-19.93045107903891,-19.930749338196286,-19.931047515442337,-20.87645861378046,-20.8766572188529,-20.876855787602736,-20.877054320043257,-20.877252816187738,-20.877451276049452,-20.877649699641655,-20.877848086977604,-20.878046438070545,-20.87824475293372,-20.87844303158036,-21.269191989617582,-21.269501093206216,-21.269810108819676,-21.270119036508017,-21.27042787632127,-21.270736628309407,-21.27104529252236,-21.27135386901003,-21.271662357822265,-21.271970759008873,-21.272279072619614
7,I22491,-20.034366638696067,-20.035055577190803,-20.035744078806598,-20.036432144097184,-20.037119773615228,-20.037806967912367,-20.038493727539173,-20.039180053045186,-20.0398659449789,-20.04055140388777,-20.041236430318207,-21.111598596977935,-21.112222355348685,-21.112845755574323,-21.113468798065878,-21.114091483233686,-21.114713811487373,-21.115335783235864,-21.115957398887367,-21.116578658849416,-21.117199563528818,-21.117820113331696,-22.142025520148536,-22.145510693086884,-22.148984714535715,-22.15244765563021,-22.155899586827044,-22.15934057791301,-22.162770698013475,-22.166190015600723,-22.169598598502127,-22.17299651390825,-22.17638382838079,-22.19740952408298,-23.318375191896237,-23.85804106463436,-24.216887829534123,-24.486135964717825,-24.701705921926198,-24.881483614171866,-25.03567930047913,-25.170674772529978,-25.290726458477547,-25.398815580243443,-22.330139305396237,-24.09625785033789,-24.736496443439485,-25.136538794639073,-25.428220849065504,-25.657905545244066,-25.84738325356645,-26.008655601704284,-26.14904194296972,-26.273337021860446,-26.38485321327181,-23.602162374690074,-24.965427407850505,-25.551150386689606,-25.92953154794392,-26.20958155071004,-26.432007040539705,-26.61652261038484,-26.774188484917865,-26.911835217189896,-27.03397853358537,-27.143759933994115,-24.74691325748612,-25.54219632966964,-25.996295168854537,-26.315511465929745,-26.56188740584171,-26.762565879181437,-26.931875357794965,-27.078309826332077,-27.207321143085057,-27.322618031972276,-27.42683813758999,-20.040576352706886,-20.04127533223646,-20.04197386206374,-20.042671942766997,-20.043369574923396,-20.044066759108986,-20.044763495898717,-20.045459785866413,-20.046155629584817,-20.046851027625557,-20.047545980559164,-20.89050633876862,-20.891014797372765,-20.891523017973302,-20.892031000792926,-20.892538746054043,-20.89304625397874,-20.893553524788786,-20.894060558705636,-20.89456735595046,-20.89507391674409,-20.895580241307062,-21.26859398321195,-21.269395895263713,-21.27019721546973,-21.270997944702966,-21.271798083834458,-21.272597633733334,-21.27339659526679,-21.274194969300098,-21.274992756696648,-21.275789958317915,-21.276586575023476
8,M82,-19.4967575304816,-19.496977275255343,-19.497196975563405,-19.49741663142379,-19.497636242854465,-19.497855809873414,-19.49807533249858,-19.49829481074792,-19.498514244639374,-19.498733634190867,-19.49895297942031,-21.11243057352209,-21.112551751527256,-21.11267291600937,-21.112794066971446,-21.1129152044165,-21.113036328347548,-21.113157438767608,-21.113278535679694,-21.11339961908682,-21.113520688991994,-21.113641745398226,-22.284205010693338,-22.2847961592244,-22.285386986069188,-22.285977491577622,-22.286567676099047,-22.287157539982232,-22.28774708357539,-22.288336307226153,-22.2889252112816,-22.289513796088247,-22.290102061992027,-22.082949900295787,-22.44092724876248,-22.709687561993558,-22.924945275189856,-23.104505966848578,-23.258542084762865,-23.39341528488125,-23.51337028747567,-23.62138104275235,-23.719612268521672,-23.809688785364372,-22.062973080535425,-22.823984765075373,-23.267010638863226,-23.58075364465041,-23.823865514775076,-24.022376163513197,-24.19014120067761,-24.33541951969272,-24.46353289810532,-24.5781122466336,-24.68174580857738,-23.000273705753873,-23.667718778660305,-24.078019462078007,-24.37508742931408,-24.608090855833925,-24.799818620213575,-24.96271695937335,-25.10433323942973,-25.229591198785883,-25.341881674473512,-25.443639510203,-23.93164345864054,-24.331133544691433,-24.622523435075742,-24.852027341149796,-25.041382144222514,-25.20256550818321,-25.34288444623698,-25.467126701032385,-25.57860037896657,-25.679687106110833,-25.77215864331159,-19.519083696408625,-19.51930336658633,-19.519522992328532,-19.519742573653215,-19.519962110578337,-19.520181603121852,-19.520401051301704,-19.520620455135816,-19.52083981464211,-19.521059129838495,-19.521278400742865,-20.778213216466717,-20.77832283063028,-20.77843243372849,-20.778542025763585,-20.778651606737803,-20.77876117665336,-20.778870735512506,-20.778980283317456,-20.779089820070453,-20.77919934577372,-20.779308860429488,-21.339432641943887,-21.339578711692422,-21.339724761792084,-21.33987079224815,-21.3400168030659,-21.34016279425062,-21.340308765807592,-21.340454717742084,-21.340600650059383,-21.34074656276475,-21.34089245586346
9,Mrk231,-19.906990723920845,-19.907363102696944,-19.907735353800767,-19.90810747731983,-19.90847947334156,-19.908851341953298,-19.90922308324228,-19.909594697295677,-19.90996618420055,-19.910337544043873,-19.91070877691254,-21.12494144563517,-21.125237609746954,-21.12553369309394,-21.125829695720167,-21.126125617669636,-21.12642145898632,-21.126717219714138,-21.127012899896997,-21.127308499578742,-21.127604018803197,-21.127899457614163,-22.54494567874412,-22.54608715790804,-22.547227438248186,-22.548366522280027,-22.549504412511098,-22.550641111441077,-22.551776621561793,-22.55291094535727,-22.554044085303744,-22.555176043869714,-22.55630682351596,-24.696274374061584,-24.786848104624664,-24.87044437625123,-24.948061755206936,-25.020498686362636,-25.088403635682738,-25.152310449566635,-25.212663871178464,-25.269838329087506,-25.32415202061899,-25.37587763675321,-25.115225017517673,-25.26793212635844,-25.40178571678798,-25.52093372966975,-25.62828988793821,-25.7259794665423,-25.815600373822974,-25.898384381121048,-25.97530108848341,-26.04712742211037,-26.114495527831004,-25.578688175425693,-25.772425484597154,-25.936771114925676,-26.07947944419496,-26.20559070690185,-26.31856631796698,-26.420886375390765,-26.514388781059147,-26.600473450531645,-26.680231296840024,-26.75452897213171,-25.72168372783645,-25.929984859705677,-26.104683353361743,-26.255129553471598,-26.387243505873286,-26.505011508867398,-26.611246214768613,-26.70800645750093,-26.796844672743426,-26.878960460556907,-26.955300018949675,-19.920960023410906,-19.921335107004108,-19.92171006106389,-19.922084885679695,-19.92245958094087,-19.922834146936662,-19.92320858375623,-19.923582891488646,-19.923957070222876,-19.92433112004781,-19.92470504105224,-20.86915383000116,-20.869403083801913,-20.8696522803943,-20.869901419804563,-20.870150502058955,-20.87039952718369,-20.87064849520496,-20.870897406148956,-20.871146260041836,-20.87139505690976,-20.871643796778837,-21.285197221141935,-21.28557690931755,-21.285956464760453,-21.286335887563407,-21.28671517781909,-21.287094335620075,-21.287473361058836,-21.287852254227765,-21.28823101521914,-21.288609644125152,-21.28898814103789
10,N6090,-19.14291706431126,-19.143176491395575,-19.143435856506883,-19.14369515967479,-19.143954400928877,-19.144213580298697,-19.144472697813793,-19.144731753503677,-19.144990747397856,-19.14524967952579,-19.145508549916947,-21.112508562006603,-21.112611829752062,-21.112715087676346,-21.112818335781313,-21.11292157406883,-21.11302480254077,-21.113128021198996,-21.113231230045372,-21.113334429081767,-21.113437618310048,-21.11354079773207,-22.35458382940392,-22.35505604180315,-22.355528048915296,-22.355999850918774,-22.35647144799177,-22.356942840312225,-22.357414028057864,-22.357885011406168,-22.358355790534393,-22.358826365619567,-22.359296736838473,-21.98217098137701,-22.320189346595434,-22.57758090166261,-22.785496025447834,-22.95992317023078,-23.110168199676686,-23.242127052062372,-23.359771825545078,-23.46590626437209,-23.56258333129199,-23.651351435185095,-22.34678086022996,-22.901262740523727,-23.26652282687298,-23.539350664088097,-23.75720488881306,-23.938566869430176,-24.093925865522777,-24.229811784778718,-24.350566981131063,-24.459225951558658,-24.557992956206096,-23.511346841350182,-23.916261868865696,-24.210511893225664,-24.441782258526178,-24.632336469722954,-24.7943874711965,-24.93536320830271,-25.060119949364086,-25.172007533311426,-25.273434454537863,-25.366190554782676,-24.504647655006448,-24.723756290074427,-24.90598588908602,-25.061980713218574,-25.19835261130483,-25.319491326765494,-25.42846066921311,-25.527484003503687,-25.618226054063754,-25.70196567822603,-25.77970661394915,-19.18126370599436,-19.181519246902088,-19.181774727679382,-19.182030148354528,-19.182285508955808,-19.182540809511465,-19.182796050049735,-19.183051230598828,-19.183306351186936,-19.18356141184223,-19.18381641259287,-20.70522733032223,-20.70532724550302,-20.70542715148994,-20.70552704828467,-20.70562693588891,-20.705726814304345,-20.70582668353267,-20.705926543575572,-20.706026394434737,-20.706126236111864,-20.706226068608636,-21.372672878369215,-21.37279361464177,-21.37291433748967,-21.37303504691591,-21.373155742923473,-21.373276425515336,-21.37339709469449,-21.373517750463904,-21.373638392826567,-21.37375902178546,-21.373879637343553
11,N6240,-19.373141902469342,-19.373369145755543,-19.373596341489943,-19.373823489692448,-19.37405059038294,-19.374277643581287,-19.37450464930735,-19.374731607580983,-19.37495851842201,-19.375185381850258,-19.375412197885534,-21.113269584472967,-21.113381322843257,-21.113493049715196,-21.113604765091146,-21.11371646897347,-21.113828161364545,-21.113939842266724,-21.11405151168237,-21.114163169613853,-21.114274816063528,-21.114386451033763,-22.16515828805462,-22.165769687755386,-22.166380743358552,-22.16699145525122,-22.167601823819837,-22.168211849450195,-22.168821532527442,-22.16943087343608,-22.170039872559958,-22.17064853028228,-22.171256846985603,-22.03732297002045,-22.344644600918443,-22.58389330489221,-22.779824171107457,-22.945744372141466,-23.089637893236194,-23.216673511187622,-23.33039021246199,-23.43331768152654,-23.527326997666446,-23.613841113732725,-21.944201364765462,-22.71915291455976,-23.166738593470253,-23.482745587734343,-23.727210803864367,-23.926621590727954,-24.095028562033246,-24.240787774173953,-24.369274850758185,-24.484152950304015,-24.588030807833803,-22.888620573391908,-23.571300466676984,-23.987193273281434,-24.28716479837178,-24.521946363729835,-24.7148749467654,-24.87863867967297,-25.020908246967327,-25.146676854392524,-25.25937745689618,-25.361471920048228,-23.800797198984146,-24.21363705240673,-24.512026231050243,-24.74583971818923,-24.93811494402006,-25.10140802638595,-25.243322412120072,-25.3688134564701,-25.481291177435818,-25.58320273068121,-25.67636392972006,-19.39267899851947,-19.39290678702476,-19.39313452774982,-19.3933622207147,-19.39358986593942,-19.393817463444,-19.39404501324844,-19.394272515372734,-19.394499969836854,-19.394727376660768,-19.394954735864424,-20.791005244078452,-20.79110521167034,-20.791205170058703,-20.791305119245237,-20.791405059231636,-20.791504990019597,-20.7916049116108,-20.791704824006953,-20.791804727209744,-20.791904621220855,-20.79200450604199,-21.32178268541853,-21.321919706376672,-21.322056710044826,-21.32219369642734,-21.32233066552859,-21.322467617352924,-21.322604551904707,-21.322741469188294,-21.32287836920803,-21.323015251968286,-21.3231521174734
12,QSO1,-21.028304980689654,-21.028333393494954,-21.028361805556735,-21.02839021687504,-21.028418627449895,-21.028447037281346,-21.028475446369438,-21.028503854714202,-21.02853226231568,-21.028560669173913,-21.028589075288934,-21.188546819578388,-21.18860668345554,-21.18866654403217,-21.188726401308656,-21.18878625528536,-21.188846105962643,-21.188905953340864,-21.188965797420394,-21.189025638201592,-21.189085475684827,-21.189145309870455,-21.535843273915326,-21.536475174305135,-21.537106707141707,-21.537737872852382,-21.538368671863743,-21.538999104601643,-21.539629171491185,-21.54025887295674,-21.540888209421936,-21.541517181309658,-21.54214578904208,-23.25366821508616,-23.32776261535299,-23.39712197291046,-23.46231529761568,-23.52381482007136,-23.58201676647276,-23.637256841769236,-23.68982196048776,-23.739959266207975,-23.787883158588357,-23.83378083384138,-23.557983337973628,-23.696477982383982,-23.819288308023673,-23.9296081280594,-24.029745237359116,-24.12142157793465,-24.20595615828121,-24.28438172262991,-24.357522028842208,-24.426044690101154,-24.490498303837725,-23.859293585131596,-24.06084316578268,-24.230771769533582,-24.377668900787274,-24.507039074924094,-24.622622427474326,-24.727076502274205,-24.822357541399185,-24.90994741317365,-24.99099558347094,-25.066411652755193,-24.24231105158858,-24.41964964262911,-24.572048578821096,-24.7056654253519,-24.824625868389703,-24.931829751409325,-25.029393244063275,-25.11890803337188,-25.20160149528721,-25.278440036311736,-25.35019820644923,-21.028069855543503,-21.028098855000323,-21.028127853682598,-21.02815685159038,-21.0281858487237,-21.02821484508261,-21.02824384066714,-21.02827283547734,-21.028301829513246,-21.028330822774905,-21.028359815262352,-21.167889872921442,-21.16793044078621,-21.167971007135247,-21.16801157196866,-21.168052135286565,-21.168092697089065,-21.16813325737629,-21.16817381614834,-21.168214373405334,-21.168254929147384,-21.1682954833746,-21.21779923564388,-21.21788581229324,-21.21797238203952,-21.218058944883825,-21.218145500827262,-21.21823204987092,-21.218318592015905,-21.218405127263317,-21.218491655614255,-21.218578177069816,-21.218664691631098
13,QSO2,-20.024924812467173,-20.024976896689335,-20.02502897841307,-20.025081057638616,-20.025133134366207,-20.025185208596085,-20.025237280328497,-20.02528934956367,-20.02534141630186,-20.025393480543293,-20.02544554228821,-21.151681963172628,-21.151727013253755,-21.151772061465714,-21.151817107808654,-21.15186215228274,-21.151907194888118,-21.151952235624947,-21.151997274493375,-21.152042311493574,-21.15208734662568,-21.15213237988986,-21.859710048076956,-21.86004773650273,-21.860385319932444,-21.86072279843138,-21.86106017206474,-21.86139744089768,-21.861734604995288,-21.86207166442259,-21.86240861924456,-21.8627454695261,-21.86308221533206,-23.063178803913562,-23.12771537313467,-23.188630139339693,-23.24630810414446,-23.301075965868993,-23.35321332831957,-23.40296133904232,-23.450529433537252,-23.49610066291565,-23.53983594769393,-23.581877507432356,-23.390445992022116,-23.508750967015036,-23.61542234540204,-23.712544662768448,-23.801687966122913,-23.884064327619797,-23.960629025291745,-24.03214832298027,-24.099246265074655,-24.16243783010334,-24.222152953267507,-23.712801567842888,-23.88317059831595,-24.030396573260848,-24.160021645055366,-24.275808370364533,-24.380428481801154,-24.475847638535086,-24.56355420463145,-24.644702271639733,-24.720204823420517,-24.790796547201907,-24.109275096747027,-24.2573980121329,-24.38771763613099,-24.504058081838753,-24.609129972951465,-24.704924746914003,-24.79294853015285,-24.874368051671123,-24.95010553186098,-25.020902565489674,-25.087364414341316,-20.078094627566394,-20.07814523495007,-20.078195839974992,-20.078246442641372,-20.078297042949444,-20.07834764089941,-20.078398236491502,-20.078448829725936,-20.07849942060293,-20.078550009122704,-20.078600595285483,-20.94254583303778,-20.942582156909705,-20.94261847956643,-20.94265480100805,-20.942691121234635,-20.942727440246273,-20.942763758043043,-20.942800074625026,-20.942836389992298,-20.942872704144953,-20.942909017083057,-21.593642860189238,-21.593687435524128,-21.593732009029033,-21.59377658070411,-21.5938211505495,-21.593865718565354,-21.593910284751836,-21.59395484910908,-21.59399941163724,-21.594043972336472,-21.594088531206918
14,S0,-18.812330659732154,-18.81239818539287,-18.812465706854194,-18.81253322411665,-18.812600737180755,-18.81266824604704,-18.81273575071602,-18.81280325118822,-18.81287074746416,-18.812938239544362,-18.81300572742935,-21.109218375117862,-21.109238257940213,-21.109258140398452,-21.109278022492607,-21.109297904222686,-21.1093177855887,-21.109337666590665,-21.109357547228594,-21.1093774275025,-21.1093973074124,-21.109417186958304,-22.44889325550188,-22.44897636908845,-22.449059476313124,-22.449142577176882,-22.449225671680686,-22.449308759825524,-22.449391841612357,-22.449474917042163,-22.449557986115913,-22.449641048834582,-22.449724105199138,-21.641320466487294,-21.740807814036742,-21.831939316243492,-21.91601046570814,-21.994037029593514,-22.066830202504057,-22.135048101302143,-22.19923201199038,-22.259832505066797,-22.317228638471708,-22.371742333732257,-21.178397049740994,-21.52433900181729,-21.786283196311985,-21.997153875663376,-22.17365448437988,-22.325434505253913,-22.458575530496866,-22.577158763219952,-22.684056270376665,-22.78136598172399,-22.870667111730878,-20.850064457208305,-21.60618274480465,-22.047589426895712,-22.36052505626521,-22.603153208293488,-22.8013416726303,-22.96887672206251,-23.113982628950986,-23.24196195563371,-23.356434092115798,-23.459979954501886,-20.762560095738955,-21.68904115943919,-22.18155434936612,-22.519128859618476,-22.77626383799246,-22.98401178371677,-23.158321357739567,-23.308479196235623,-23.440370809699292,-23.557962150936476,-23.664053107602058,-18.871989037707472,-18.87205425893222,-18.872119476239302,-18.872184689629186,-18.87224989910235,-18.872315104659254,-18.872380306300375,-18.87244550402618,-18.872510697837143,-18.872575887733728,-18.872641073716412,-20.583755933772608,-20.583777383230235,-20.58379883226412,-20.583820280874278,-20.583841729060737,-20.583863176823503,-20.583884624162593,-20.58390607107803,-20.583927517569826,-20.583948963637994,-20.58397040928256,-21.423898859232374,-21.423920967142074,-21.423943074601617,-21.423965181611024,-21.423987288170313,-21.4240093942795,-21.424031499938604,-21.42405360514765,-21.424075709906646,-21.424097814215614,-21.424119918074574
15,Sa,-18.896994828473456,-18.897057955004218,-18.89712107786491,-18.89718419705596,-18.897247312577793,-18.897310424430838,-18.897373532615518,-18.897436637132262,-18.897499737981494,-18.897562835163647,-18.897625928679137,-21.10844726995319,-21.108467379130186,-21.108487487934745,-21.108507596366877,-21.1085277044266,-21.10854781211392,-21.108567919428857,-21.108588026371425,-21.108608132941633,-21.108628239139495,-21.108648344965033,-22.41061222615071,-22.41069924062949,-22.4107862481352,-22.410873248668963,-22.410960242231887,-22.411047228825097,-22.41113420844971,-22.411221181106832,-22.411308146797595,-22.4113951055231,-22.41148205728447,-21.599214926544448,-21.70350486178104,-21.79864932333912,-21.886123775024057,-21.967073119817044,-22.042403619359323,-22.112844929539087,-22.178993202400996,-22.24134179164941,-22.300303608373355,-22.356227711696448,-21.15896879032146,-21.513442812422173,-21.780231244650015,-21.994224452106504,-22.172905266021576,-22.326293810382086,-22.46067047054328,-22.58023264662092,-22.687924867185643,-22.78589259552692,-22.875747522296265,-20.9489712864373,-21.662132649369383,-22.08889843076812,-22.394450970826206,-22.632628920075266,-22.827842031858548,-22.993247618493704,-23.1367541165894,-23.263488084871366,-23.37696306725071,-23.479692501802973,-21.46644010653428,-22.050284447108403,-22.427891624194288,-22.707519348557064,-22.929678921256937,-23.114011655973428,-23.271544101480085,-23.409089168558232,-23.53115244761966,-23.640869200538862,-23.74050925660615,-18.9513787277704,-18.951439996903026,-18.95150126257837,-18.951562524796824,-18.951623783558777,-18.95168503886462,-18.951746290714745,-18.951807539109538,-18.95186878404939,-18.95193002553469,-18.95199126356583,-20.60643740695369,-20.606458637034027,-20.606479866699242,-20.606501095949355,-20.606522324784386,-20.606543553204347,-20.606564781209258,-20.60658600879913,-20.606607235973982,-20.606628462733838,-20.6066496890787,-21.410443356351053,-21.410465978697452,-21.410488600572503,-21.41051122197623,-21.410533842908638,-21.410556463369762,-21.410579083359615,-21.41060170287822,-21.410624321925592,-21.410646940501756,-21.410669558606727
16,Sb,-19.057953086722584,-19.05801739250055,-19.058081694470054,-19.058145992631538,-19.058210286985464,-19.058274577532277,-19.05833886427243,-19.058403147206374,-19.058467426334555,-19.05853170165743,-19.058595973175443,-21.109167964469187,-21.109191706994274,-21.109215449000178,-21.109239190486925,-21.10926293145453,-21.109286671903025,-21.109310411832425,-21.10933415124276,-21.109357890134042,-21.109381628506306,-21.109405366359574,-22.37216235099155,-22.37226886069791,-22.372375359956788,-22.372481848770242,-22.372588327140313,-22.37269479506905,-22.372801252558506,-22.372907699610725,-22.373014136227756,-22.37312056241164,-22.37322697816442,-21.591526551953272,-21.714533773373212,-21.8250124163401,-21.925280345146415,-22.017066308054446,-22.101694079430093,-22.180199840270912,-22.253409889228124,-22.32199375841239,-22.386501521602426,-22.447390624431588,-21.17326209663385,-21.576816958706353,-21.870351925871052,-22.101181367082493,-22.291436501980456,-22.45327130978746,-22.59408347517196,-22.718712138520427,-22.83049671657974,-22.931838998171997,-23.02452431497866,-21.35688049124225,-21.9666984598787,-22.354841225930016,-22.640177387872797,-22.865917470248522,-23.052705710005835,-23.212026890300503,-23.350933041618408,-23.474066743542004,-23.58464738260402,-23.684999305304885,-22.17481263133738,-22.56933183265801,-22.858081721677582,-23.08594842623151,-23.27418865498375,-23.434564266575496,-23.574270908754475,-23.698033037419165,-23.809120132744248,-23.909888909721,-24.002094342210363,-19.102618116616764,-19.10268109148229,-19.102744062695358,-19.102807030256393,-19.102869994165815,-19.10293295442406,-19.102995911031538,-19.10305886398868,-19.103121813295903,-19.10318475895364,-19.103247700962303,-20.647346318093078,-20.647370473207623,-20.64739462778479,-20.647418781824594,-20.647442935327064,-20.647467088292224,-20.64749124072009,-20.6475153926107,-20.647539543964065,-20.647563694780217,-20.647587845059174,-21.39458993897061,-21.394617059597792,-21.39464417954755,-21.39467129881991,-21.39469841741491,-21.394725535332583,-21.39475265257296,-21.394779769136075,-21.394806885021964,-21.39483400023066,-21.394861114762197
17,Sc,-19.273350904967234,-19.273407834214726,-19.27346476047736,-19.273521683755447,-19.273578604049302,-19.273635521359235,-19.273692435685565,-19.2737493470286,-19.27380625538865,-19.27386316076603,-19.273920063161057,-21.10892988949565,-21.108955526357033,-21.108981162613084,-21.109006798263827,-21.109032433309295,-21.109058067749515,-21.109083701584517,-21.10910933481432,-21.109134967438973,-21.109160599458484,-21.109186230872886,-22.288755235598025,-22.288879398427632,-22.289003547059817,-22.28912768149784,-22.289251801744943,-22.289375907804363,-22.28949999967935,-22.28962407737315,-22.289748140888996,-22.28987219023013,-22.28999622539979,-21.5270691255413,-21.66687613932382,-21.79071700656015,-21.901867520888352,-22.002688471842255,-22.09493758055613,-22.17995888470588,-22.258803163015372,-22.332307497023038,-22.401149556636017,-22.465885672539887,-21.113919820455685,-21.563728202777757,-21.880833646991956,-22.12595386223432,-22.32579963213125,-22.494516485359757,-22.640507661933906,-22.769174891088177,-22.88419694656751,-22.988192476565168,-23.083091874037677,-21.556660604168833,-22.117867601137462,-22.485997705203395,-22.760416861346254,-22.979282581359314,-23.16134429946753,-23.317216161945915,-23.453494116607278,-23.574558718835533,-23.683468098836215,-23.782441921844843,-22.48008018647182,-22.811596994091783,-23.06521361679777,-23.270662503281166,-23.44335209226439,-23.592306866939442,-23.723269738038937,-23.840122434626192,-23.945611898166796,-24.041753594456132,-24.130070181612457,-19.306995133669847,-19.307051453439716,-19.307107770288287,-19.307164084215874,-19.30722039522277,-19.30727670330929,-19.30733300847573,-19.307389310722392,-19.307445610049577,-19.307501906457595,-19.30755819994674,-20.70032834997978,-20.700353184698827,-20.700378018849825,-20.700402852432802,-20.700427685447785,-20.7004525178948,-20.700477349773866,-20.70050218108502,-20.70052701182828,-20.700551842003676,-20.700576671611234,-21.367785624333496,-21.367815634193903,-21.367845643224857,-21.367875651426402,-21.36790565879859,-21.367935665341456,-21.36796567105506,-21.367995675939436,-21.368025679994638,-21.368055683220707,-21.368085685617686
18,Sdm,-19.843134266999733,-19.843179214078717,-19.843224159297066,-19.84326910265494,-19.843314044152486,-19.843358983789862,-19.843403921567223,-19.843448857484717,-19.843493791542507,-19.84353872374074,-19.843583654079573,-21.107781515908364,-21.10781576108899,-21.107850005189523,-21.10788424821003,-21.10791849015058,-21.10795273101125,-21.10798697079209,-21.10802120949318,-21.10805544711459,-21.108089683656384,-21.108123919118633,-22.036217132848797,-22.036426190872827,-22.036635208650573,-22.036844186197534,-22.037053123529194,-22.03726202066102,-22.037470877608488,-22.037679694387045,-22.03788847101215,-22.038097207499234,-22.03830590386373,-21.6272933585298,-21.795162663598866,-21.940519126826917,-22.068693250495212,-22.183321174090644,-22.286994465304364,-22.381625490307858,-22.46866580305795,-22.549243252777377,-22.62425161036051,-22.69441117350822,-20.99290634934593,-21.61018783686437,-22.001293215314753,-22.288219288411476,-22.514951175206257,-22.702417182563238,-22.862230859174012,-23.001511068317026,-23.1249385279282,-23.235755975547345,-23.3363028548805,-21.5174394871405,-22.23488869126203,-22.663151091438646,-22.969465240801405,-23.208104502809714,-23.403626989372405,-23.569254462658765,-23.71292787314696,-23.839791958113906,-23.953371220855345,-24.056186099653054,-22.33866057399195,-22.80941296680449,-23.136706040195037,-23.387851038563984,-23.591677460819373,-23.76322028697787,-23.911321537280923,-24.04162439676285,-24.157951484729555,-24.263012482204353,-24.358798202380175,-19.855606778645406,-19.85565212009362,-19.855697459648407,-19.855742797309926,-19.855788133078335,-19.855833466953793,-19.85587879893646,-19.855924129026487,-19.85596945722404,-19.85601478352927,-19.856060107942344,-20.85026079160114,-20.850289655995326,-20.85031851962217,-20.850347382481715,-20.850376244573994,-20.850405105899057,-20.85043396645694,-20.850462826247682,-20.850491685271333,-20.85052054352792,-20.850549401017496,-21.284391679466637,-21.284434920482195,-21.28447815977568,-21.28452139734724,-21.284564633197004,-21.28460786732511,-21.2846510997317,-21.284694330416905,-21.28473755938087,-21.284780786623724,-21.284824012145606
19,Sd,-19.60906204670213,-19.60911771383531,-19.60917337811451,-19.60922903954002,-19.609284698112127,-19.609340353831136,-19.609396006697335,-19.609451656711016,-19.609507303872466,-19.60956294818199,-19.609618589639865,-21.107528676102962,-21.10756287178308,-21.10759706638623,-21.107631259912473,-21.10766545236188,-21.107699643734513,-21.107733834030448,-21.107768023249754,-21.107802211392492,-21.107836398458733,-21.107870584448545,-22.105785631458488,-22.10598138640332,-22.106177106060496,-22.106372790442727,-22.106568439562736,-22.106764053433217,-22.106959632066875,-22.107155175476407,-22.107350683674497,-22.107546156673816,-22.107741594487045,-21.495400560967482,-21.682886524711765,-21.842714694484997,-21.982005906866007,-22.105442004881173,-22.21626641447481,-22.316819024197684,-22.408843456236703,-22.493673892470383,-22.572354014423528,-22.64571566300152,-21.010136691466535,-21.619196613210466,-22.007036880295786,-22.292210328071675,-22.51784877440647,-22.704567500426105,-22.86383813889995,-23.00270588610473,-23.125809418014175,-23.236365729397175,-23.336697619534704,-21.37092377888252,-22.160749778563456,-22.613116229366316,-22.931481709980073,-23.177351976276178,-23.377695317003045,-23.546766379163646,-23.69302255975346,-23.8218955176384,-23.93708191385048,-24.04121174460391,-22.09068653054357,-22.654533232420185,-23.0237829516277,-23.298821123017724,-23.51807965529072,-23.700412818000274,-23.85648347926475,-23.99291330800851,-24.114097720026948,-24.2231040302852,-24.322157886588013,-19.628524203626554,-19.62857999884285,-19.628635791192014,-19.628691580674346,-19.628747367290135,-19.628803151039683,-19.628858931923276,-19.628914709941213,-19.628970485093788,-19.629026257381295,-19.62908202680403,-20.803492790368182,-20.803522874677277,-20.803552958152807,-20.803583040794805,-20.803613122603323,-20.803643203578407,-20.8036732837201,-20.803703363028454,-20.80373344150351,-20.80376351914532,-20.803793595953923,-21.309071801842038,-21.309114000115635,-21.30915619674922,-21.309198391742914,-21.309240585096845,-21.30928277681114,-21.309324966885935,-21.309367155321347,-21.309409342117508,-21.309451527274543,-21.30949371079258
20,Sey18,-19.908974766679208,-19.909031339268857,-19.909087908910927,-19.90914447560573,-19.909201039353565,-19.909257600154746,-19.90931415800958,-19.90937071291837,-19.909427264881426,-19.909483813899055,-19.90954035997156,-21.095233874135637,-21.095280198338386,-21.095326520564747,-21.095372840814882,-21.095419159088962,-21.09546547538716,-21.095511789709636,-21.095558102056565,-21.095604412428113,-21.095650720824448,-21.09569702724574,-22.12234488735657,-22.12260497785422,-22.12286500606154,-22.123124972008362,-22.123384875724494,-22.12364471723972,-22.123904496583798,-22.124164213786486,-22.124423868877493,-22.124683461886534,-22.12494299284327,-22.133249900135368,-22.26599261226662,-22.384259851771645,-22.49090055596817,-22.587997447989746,-22.67711933378521,-22.75947740712064,-22.836026306853295,-22.907531820621337,-22.974617630753585,-23.037798435595192,-22.198896971570147,-22.512302419924385,-22.755212121464034,-22.95358814324704,-23.121257092690644,-23.26646338655562,-23.394520769472024,-23.509055336755466,-23.612652269512196,-23.707219678947258,-23.794206174836262,-22.576162892088682,-22.998266300826195,-23.301436033499016,-23.53816733535837,-23.732408841715564,-23.89711687682884,-24.04009825802689,-24.16642263875657,-24.279569215373495,-24.38202946637314,-24.47564891564406,-23.437270425106142,-23.691551510797698,-23.897435532938985,-24.07043218022576,-24.21961522868321,-24.350754463014926,-24.467747511561452,-24.573351323655658,-24.669587978992595,-24.757984681920917,-24.83972313655962,-19.931978149224364,-19.93203466178315,-19.932091171400607,-19.932147678077047,-19.932204181812775,-19.932260682608096,-19.93231718046332,-19.93237367537874,-19.93243016735468,-19.932486656391433,-19.93254314248931,-20.828584835533917,-20.828624213281522,-20.828663589601017,-20.828702964492507,-20.828742337956093,-20.82878170999188,-20.828821080599976,-20.82886044978047,-20.828899817533486,-20.828939183859113,-20.828978548757455,-21.29163558885128,-21.291693026384078,-21.291750460878486,-21.291807892334816,-21.291865320753395,-21.29192274613455,-21.291980168478585,-21.292037587785835,-21.29209500405662,-21.29215241729126,-21.292209827490073
21,Sey2,-19.399055012265688,-19.399171744986635,-19.399288465158435,-19.399405172783787,-19.399521867865385,-19.399638550405925,-19.399755220408107,-19.399871877874624,-19.399988522808165,-19.400105155211428,-19.400221775087104,-21.12889094262607,-21.12894888877882,-21.129006831839128,-21.129064771807325,-21.12912270868373,-21.129180642468693,-21.12923857316253,-21.12929650076557,-21.129354425278144,-21.12941234670059,-21.129470265033234,-22.501782359108784,-22.502017381567608,-22.502252353163612,-22.50248727391881,-22.5027221438552,-22.50295696299475,-22.503191731359454,-22.50342644897124,-22.503661115852054,-22.50389573202383,-22.50413029750847,-22.238766440026136,-22.40307711600678,-22.545759100659602,-22.67184979624917,-22.784808904953042,-22.88711542813818,-22.980606532990357,-23.06668162436747,-23.14643124927713,-23.220721790676105,-23.290252984005964,-22.238568446254433,-22.61788639718313,-22.89844688165729,-23.121193607070648,-23.305929946287975,-23.463756881631106,-23.60152630359805,-23.72376619132404,-23.833625582540087,-23.933383247827887,-24.024741489748443,-22.887734724650354,-23.29685360925954,-23.59330504428759,-23.82592991820827,-24.01740161142014,-24.18011519464144,-24.321591883694616,-24.44674065943117,-24.558943399186035,-24.660629192190964,-24.75360172192717,-23.786155429593766,-24.025742638657682,-24.221900167721756,-24.387982759811642,-24.531998342694102,-24.65912905716875,-24.772921936423874,-24.875911799667364,-24.96997315690791,-25.05653134041992,-25.13669546153938,-19.432781523032116,-19.432896997577338,-19.43301245984245,-19.433127909830073,-19.433243347542817,-19.433358772983286,-19.433474186154097,-19.433589587057853,-19.433704975697164,-19.433820352074633,-19.43393571619287,-20.682168074904563,-20.682226215246573,-20.68228435247537,-20.682342486591306,-20.6824006175947,-20.682458745485892,-20.68251687026521,-20.68257499193299,-20.68263311048957,-20.682691225935276,-20.682749338270444,-21.502656208326698,-21.502717228303073,-21.502778244850226,-21.502839257968542,-21.50290026765841,-21.502961273920217,-21.503022276754344,-21.503083276161178,-21.5031442721411,-21.503205264694504,-21.50326625382177
22,Spi4,-19.91162143426634,-19.911696504947052,-19.911771570437544,-19.91184663073852,-19.911921685850707,-19.91199673577482,-19.912071780511575,-19.91214682006169,-19.91222185442588,-19.912296883604863,-19.912371907599358,-21.110074099494895,-21.110134891559195,-21.110195680219846,-21.110256465477228,-21.110317247331718,-21.1103780257837,-21.11043880083355,-21.11049957248166,-21.110560340728398,-21.110621105574154,-21.110681867019302,-21.927389634996214,-21.927800715808857,-21.928211641037226,-21.928622410799047,-21.92903302521191,-21.92944348439328,-21.92985378846047,-21.930263937530686,-21.93067393172097,-21.93108377114827,-21.93149345592937,-21.524898854945956,-21.83197338842549,-22.071072703140587,-22.266903500845252,-22.432751989956834,-22.57659159836163,-22.703585207681954,-22.817268253712992,-22.920168154647325,-23.014154475295015,-23.100649117959215,-21.25104362571578,-22.043012766469023,-22.49606094172076,-22.814761474745172,-23.060830951252886,-23.26130634851574,-23.43047137195894,-23.576797825014516,-23.705725322075804,-23.82095527601541,-23.92512069635137,-22.55460880219209,-23.092256822793633,-23.450220376535242,-23.71897294475078,-23.934225698678567,-24.113782942935174,-24.26781652540317,-24.40268778243752,-24.522641248431334,-24.630650758117618,-24.728880953788057,-23.49487644111598,-23.806868871077377,-24.04893120111797,-24.246742491430616,-24.414008150730385,-24.55891202588728,-24.686734223215954,-24.801080660268777,-24.904523680346845,-24.998962837502393,-25.085840818114164,-19.92181627023664,-19.92189215861173,-19.921968041682913,-19.922043919450932,-19.922119791916526,-19.92219565908044,-19.922271520943408,-19.922347377506178,-19.92242322876949,-19.922499074734077,-19.922574915400688,-20.91201264571163,-20.912061155295447,-20.912109662712002,-20.912158167961486,-20.912206671044093,-20.912255171960027,-20.91230367070947,-20.912352167292614,-20.912400661709665,-20.912449153960804,-20.91249764404623,-21.245439608515095,-21.245519341713855,-21.245599069057675,-21.245678790547423,-21.24575850618395,-21.24583821596812,-21.245917919900794,-21.24599761798283,-21.246077310215085,-21.246156996598415,-21.246236677133687
23,Torus,-19.465776270272503,-19.467746177863134,-19.46971251782007,-19.471675303042403,-19.473634546359378,-19.47559026053093,-19.47754245824816,-19.47949115213383,-19.48143635474286,-19.483378078562822,-19.48531633601438,-21.161828699342525,-21.16283788442424,-21.163846132345682,-21.164853444845797,-21.165859823658675,-21.166865270513608,-21.16786978713508,-21.16887337524279,-21.169876036551678,-21.17087777277193,-21.171878585609008,-24.150230048302483,-24.15116575934945,-24.152100664674645,-24.153034765664458,-24.153968063701704,-24.15490056016563,-24.155832256431943,-24.156763153872788,-24.157693253856806,-24.15862255774912,-24.159551066911348,-26.83827792674718,-26.88377896207587,-26.92744959147495,-26.9694314038416,-27.00985016933243,-27.048818111425867,-27.08643578516167,-27.122793640735324,-27.15797333365383,-27.192048829203955,-27.22508733880644,-27.178231420200035,-27.261572819420433,-27.338970446655708,-27.411215955394734,-27.478952665212457,-27.54271045149089,-27.602930944322225,-27.659986097321806,-27.71419211544723,-27.765820067741515,-27.815104088987685,-27.50042061412371,-27.62088466495371,-27.7293078863983,-27.82788010154437,-27.91824322897671,-28.00166007896113,-28.079122770071912,-28.151424962528388,-28.219211496982197,-28.28301342277434,-28.343273290511632,-27.903293491079086,-28.00699017584656,-28.10164068878847,-28.188697486584765,-28.269289062881207,-28.34430966091324,-28.414479932485648,-28.480389150616617,-28.542525323050118,-28.601297143443723,-28.65705029915665,-19.47424754673241,-19.476242047639584,-19.478232891359404,-19.48022009127922,-19.48220366071301,-19.484183612901916,-19.48615996101477,-19.488132718148623,-19.49010189732926,-19.492067511511728,-19.494029573580832,-20.58429674857939,-20.58543885792167,-20.58657976711683,-20.58771947868451,-20.58885799513639,-20.589995318976268,-20.591131452700097,-20.59226639879599,-20.59340015974426,-20.594532738017467,-20.59566413608044,-21.500109441021596,-21.501207392154637,-21.50230423410576,-21.503399969113758,-21.504494599410652,-21.505588127221728,-21.50668055476554,-21.50777188425396,-21.508862117892193,-21.509951257878818,-21.5110393064058
24,TQSO1,-21.028304980689654,-21.028350575673272,-21.028396168742226,-21.028441759896683,-21.028487349136803,-21.028532936462746,-21.02857852187467,-21.02862410537274,-21.028669686957112,-21.028715266627955,-21.02876084438542,-21.206406026152035,-21.206500523716777,-21.206595013057594,-21.20668949417592,-21.206783967073186,-21.206878431750816,-21.206972888210245,-21.207067336452905,-21.20716177648022,-21.20725620829362,-21.20735063189454,-21.91192060649149,-21.912637751573783,-21.913354423283625,-21.914070622245525,-21.91478634908277,-21.915501604417397,-21.916216388870232,-21.91693070306087,-21.91764454760768,-21.918357923127807,-21.919070830237203,-24.004208343961807,-24.06416432263853,-24.120981989066024,-24.17497360709919,-24.226407035405437,-24.275513767264748,-24.322495229330784,-24.36752777306498,-24.410766671515137,-24.452349350199214,-24.492398021733074,-24.305272054048004,-24.418282622336818,-24.520631348324684,-24.614157690812007,-24.700262647514823,-24.78003790700818,-24.854350691779242,-24.9239013684571,-24.98926368481007,-25.050913564466605,-25.109250154756126,-24.589070697361723,-24.756880240618152,-24.902191916599588,-25.030331225937235,-25.14493131078072,-25.24858183323351,-25.34319389004147,-25.43021815687662,-25.5107818559425,-25.585778298522794,-25.65592743774139,-24.90401187893729,-25.060273589815154,-25.196849326381322,-25.31814881332017,-25.427248204947638,-25.52637890432122,-25.61721109485131,-25.70102747130694,-25.77883454799984,-25.851436663715248,-25.91948674752636,-21.028069855543503,-21.028116391938923,-21.02816292633981,-21.028209458746318,-21.028255989158637,-21.02830251757693,-21.028349044001363,-21.028395568432114,-21.02844209086935,-21.028488611313243,-21.028535129763966,-21.167889872921442,-21.167954973317155,-21.168020069809707,-21.16808516239956,-21.16815025108718,-21.168215335873043,-21.168280416757614,-21.16834549374136,-21.168410566824743,-21.168475636008242,-21.168540701292315,-21.537407731826292,-21.537511236598746,-21.537614731504885,-21.537718216546583,-21.53782169172573,-21.537925157044203,-21.538028612503876,-21.538132058106637,-21.538235493854355,-21.53833891974891,-21.53844233579218
